Customer ID,Recency,Frequency,Monetary,Cluster,Segment,AvgOrderValue,Churned,CLV
12346,326,12,77556.46,1,Regular,6463.038333333334,1,152518.1906590833
12347,2,8,5633.32,1,Regular,704.165,0,11078.171615925057
12348,75,5,2019.4,1,Regular,403.88,0,3971.238942790231
12349,19,4,4428.6900000000005,1,Regular,1107.1725000000001,0,8709.213723653396
12350,310,1,334.40000000000003,0,At Risk,334.40000000000003,1,657.6123118099699
12351,375,1,300.93,0,At Risk,300.93,1,591.7920843091335
12352,36,10,2849.84,1,Regular,284.98400000000004,0,5604.335737704918
12353,204,2,406.76,1,Regular,203.38,1,799.9114352626297
12354,232,1,1079.4,1,Regular,1079.4,1,2122.6875878220144
12355,214,2,947.61,1,Regular,473.805,1,1863.5167547674807
12356,23,6,6373.68,1,Regular,1062.28,0,12534.12212780194
12357,33,3,18287.66,1,Regular,6095.886666666666,0,35963.48794914687
12358,2,5,3887.07,1,Regular,777.414,0,7644.094165272666
12359,58,10,8935.94,1,Regular,893.594,0,17572.919143526262
12360,52,8,4252.89,1,Regular,531.61125,0,8363.495289394446
12361,287,4,511.25,0,At Risk,127.8125,1,1005.3956172632987
12362,3,11,5356.2300000000005,1,Regular,486.93000000000006,0,10533.261940448312
12363,110,2,552.0,1,Regular,276.0,1,1085.5322850451655
12364,8,4,1313.1,1,Regular,328.275,0,2582.268919371027
12365,291,2,641.38,0,At Risk,320.69,1,1261.301987286718
12366,634,1,500.24,0,At Risk,500.24,1,983.7439678822349
12367,4,1,168.9,1,Regular,168.9,0,332.1492806958849
12368,628,1,917.7,0,At Risk,917.7,1,1804.6974238875878
12369,413,3,1791.15,0,At Risk,597.0500000000001,1,3522.375276012044
12370,51,7,4320.31,1,Regular,617.1871428571429,0,8496.07968551355
12371,45,5,4067.38,1,Regular,813.476,0,7998.681712947474
12372,72,3,1298.04,1,Regular,432.68,0,2552.652766811643
12373,311,3,1127.65,0,At Risk,375.8833333333334,1,2217.573335563734
12374,25,4,2989.2200000000003,1,Regular,747.3050000000001,0,5878.432639678823
12375,11,2,457.5,1,Regular,228.75,0,899.6938775510204
12376,390,2,503.15,0,At Risk,251.575,1,989.4666109066577
12377,315,4,3426.32,0,At Risk,856.58,1,6738.009019739044
12378,130,2,5416.32,1,Regular,2708.16,1,10651.43156908665
12379,82,4,1620.22,1,Regular,405.055,0,3186.2339110070257
12380,22,11,9676.3,1,Regular,879.6636363636363,0,19028.869655403145
12381,5,5,1845.31,1,Regular,369.062,0,3628.8832987621277
12383,185,5,1850.56,1,Regular,370.11199999999997,1,3639.207654734025
12384,29,2,585.27,1,Regular,292.635,0,1150.9592037470725
12385,379,1,1938.4,0,At Risk,1938.4,1,3811.9488792238208
12386,338,2,660.8000000000001,0,At Risk,330.40000000000003,1,1299.4922716627636
12387,415,1,143.94,0,At Risk,143.94,1,283.0643425894948
12388,16,8,3901.11,1,Regular,487.63875,0,7671.704442957511
12389,403,3,1433.33,0,At Risk,477.77666666666664,1,2818.70650384744
12390,80,1,549.84,1,Regular,549.84,0,1081.284550016728
12391,22,6,2773.42,1,Regular,462.2366666666667,0,5454.052445633992
12392,591,1,234.75000000000003,0,At Risk,234.75000000000003,1,461.6462027433925
12393,72,6,2399.45,1,Regular,399.9083333333333,0,4718.623987955838
12394,64,2,1272.48,1,Regular,636.24,0,2502.387902308464
12395,19,15,5067.27,1,Regular,337.81800000000004,0,9965.009387755103
12396,674,1,931.43,0,At Risk,931.43,1,1831.6980729340914
12397,36,2,2409.9,1,Regular,1204.95,0,4739.174372699899
12398,46,1,1635.66,1,Regular,1635.66,0,3216.5973502843763
12399,119,7,1962.3,1,Regular,280.3285714285714,1,3858.9492806958847
12400,414,1,205.25,0,At Risk,205.25,1,403.63315490130475
12401,303,1,84.3,0,At Risk,84.3,1,165.7796587487454
12402,323,6,1256.9,0,At Risk,209.48333333333335,1,2471.7491468718636
12403,50,2,1019.36,1,Regular,509.68,0,2004.6162863834058
12404,682,1,63.24,0,At Risk,63.24,1,124.36424222147876
12405,149,1,1710.39,1,Regular,1710.39,1,3363.5571830043496
12406,22,5,6390.36,1,Regular,1278.072,0,12566.924081632653
12407,50,5,1708.12,1,Regular,341.62399999999997,0,3359.0931281365
12408,33,8,4340.77,1,Regular,542.59625,0,8536.31517564403
12409,79,7,23419.29,1,Regular,3345.612857142857,0,46055.064108397455
12410,309,3,1013.71,0,At Risk,337.90333333333336,1,1993.50531281365
12411,410,1,346.9,0,At Risk,346.9,1,682.1941117430579
12412,75,6,2596.93,1,Regular,432.82166666666666,0,5106.977096018735
12413,67,4,999.45,1,Regular,249.8625,0,1965.4623954499834
12414,217,6,952.41,1,Regular,158.73499999999999,1,1872.9561659417861
12415,24,28,144458.37,2,VIP,5159.2275,0,284083.74
12416,657,1,202.56,0,At Risk,202.56,1,398.34315155570425
12417,3,20,6816.91,1,Regular,340.8455,0,13405.753422549347
12418,113,4,2021.2,1,Regular,505.3,1,3974.7787219805955
12419,386,2,503.01,0,At Risk,251.505,1,989.1912947474071
12420,64,1,600.39,1,Regular,600.39,0,1180.6933489461358
12421,16,6,1098.6,1,Regular,183.1,0,2160.445232519237
12422,96,17,5231.8,1,Regular,307.7529411764706,1,10288.56487119438
12423,1,10,2622.39,1,Regular,262.239,0,5157.045306122449
12424,163,4,3340.03,1,Regular,835.0075,1,6568.31593844095
12425,78,2,1741.41,1,Regular,870.705,0,3424.5593777183003
12426,195,2,1345.21,1,Regular,672.605,1,2645.4146470391433
12427,22,3,1129.3,1,Regular,376.43333333333334,0,2220.8181331549013
12428,26,9,7956.46,1,Regular,884.0511111111111,0,15646.728631649381
12429,9,8,7485.91,1,Regular,935.73875,0,14721.371354968216
12430,43,1,256.4,1,Regular,256.4,0,504.2218802275008
12431,36,27,10857.97,1,Regular,402.147037037037,0,21352.67569755771
12432,43,5,5059.32,1,Regular,1011.8639999999999,0,9949.375362997658
12433,1,10,20581.26,1,Regular,2058.1259999999997,0,40473.95325526932
12434,85,3,1103.43,1,Regular,367.81,0,2169.9436400133823
12435,80,6,13925.93,1,Regular,2320.9883333333332,0,27385.95401137504
12436,100,1,509.01,1,Regular,509.01,1,1000.9905587152894
12437,2,39,12683.4,1,Regular,325.2153846153846,0,24942.464101706257
12438,14,2,2906.85,1,Regular,1453.425,0,5716.4484108397455
12439,683,2,1158.18,0,At Risk,579.09,1,2277.611923720308
12440,462,2,859.2,0,At Risk,429.6,1,1689.654600200736
12441,367,1,347.1,0,At Risk,347.1,1,682.5874205419873
12442,3,1,172.06,1,Regular,172.06,0,338.36355971896955
12443,732,1,485.31,0,At Risk,485.31,1,954.3834660421545
12444,21,5,5005.46,1,Regular,1001.092,0,9843.457303445968
12445,22,2,434.98,1,Regular,217.49,0,855.4073067915691
12446,58,1,1002.31,1,Regular,1002.31,0,1971.0867112746737
12447,243,1,476.49,1,Regular,476.49,1,937.0385480093677
12448,44,1,449.45,1,Regular,449.45,0,883.8631983941117
12449,22,6,4835.89,1,Regular,805.9816666666667,0,9509.990438273671
12450,156,5,688.2,1,Regular,137.64000000000001,1,1353.3755771160925
12451,11,8,12669.88,1,Regular,1583.735,0,24915.876426898627
12452,17,2,430.5700000000001,1,Regular,215.28500000000005,0,846.7348477751758
12453,134,1,707.09,1,Regular,707.09,1,1390.5235931749748
12454,56,5,16679.78,1,Regular,3335.9559999999997,0,32801.52119103379
12455,73,10,5879.95,1,Regular,587.995,0,11563.180361324858
12456,44,3,3181.04,1,Regular,1060.3466666666666,0,6255.655108732018
12457,66,8,2995.91,1,Regular,374.48875,0,5891.588819003011
12458,71,4,1777.49,1,Regular,444.3725,0,3495.5122850451658
12459,605,1,454.36,0,At Risk,454.36,1,893.5189294078288
12460,456,1,326.65,0,At Risk,326.65,1,642.3715958514553
12461,94,2,826.88,1,Regular,413.44,1,1626.0958982937436
12462,19,2,1189.59,1,Regular,594.795,0,2339.381070592171
12463,53,4,1344.78,1,Regular,336.195,0,2644.569033121445
12464,10,8,1212.05,1,Regular,151.50625,0,2383.5496487119435
12465,17,2,742.19,1,Regular,371.095,0,1459.549287387086
12466,682,1,56.73,0,At Risk,56.73,1,111.56204081632652
12467,423,1,132.8,0,At Risk,132.8,1,261.1570424891268
12468,188,5,3670.74,1,Regular,734.1479999999999,1,7218.671702910672
12469,523,2,3070.54,0,At Risk,1535.27,1,6038.35199732352
12470,690,1,211.95,0,At Risk,211.95,1,416.8089996654399
12471,2,79,39963.79,2,VIP,505.8707594936709,0,78590.5512278354
12472,32,19,17880.59,1,Regular,941.0836842105264,0,35162.9668852459
12473,29,5,3938.55,1,Regular,787.71,0,7745.331850117096
12474,17,31,12424.45,1,Regular,400.7887096774194,0,24433.227534292408
12475,54,2,1149.64,1,Regular,574.82,0,2260.817638006022
12476,16,23,14115.41,1,Regular,613.7134782608696,0,27758.57476748076
12477,23,9,20276.37,1,Regular,2252.93,0,39874.37365674138
12478,4,1,680.99,1,Regular,680.99,0,1339.1967949146872
12479,11,1,527.2,1,Regular,527.2,0,1036.761993977919
12480,28,7,5464.85,1,Regular,780.6928571428572,0,10746.867949146872
12481,23,15,12361.39,1,Regular,824.0926666666667,0,24309.21726998996
12482,576,29,23691.4,0,At Risk,816.944827586207,1,46590.180394780866
12483,17,19,5120.58,1,Regular,269.5042105263158,0,10069.845848109735
12484,33,12,6370.15,1,Regular,530.8458333333333,0,12527.180227500836
12485,529,1,708.1,0,At Risk,708.1,1,1392.5098026095684
12486,432,1,1037.28,0,At Risk,1037.28,1,2039.8567547674807
12487,731,1,285.3,0,At Risk,285.3,1,561.0550016728002
12488,10,3,1298.66,1,Regular,432.8866666666667,0,2553.872024088324
12489,336,1,334.93,0,At Risk,334.93,1,658.6545801271328
12490,5,21,9823.64,1,Regular,467.79238095238094,0,19318.62024757444
12491,39,1,460.4,1,Regular,460.4,0,905.3968551354967
12492,63,3,715.21,1,Regular,238.40333333333334,0,1406.491930411509
12493,166,2,433.74,1,Regular,216.87,1,852.9687922382068
12494,16,9,1872.87,1,Regular,208.09666666666666,0,3683.0812512546
12495,641,1,357.4,0,At Risk,357.4,1,702.8428236868517
12496,620,2,54.09,0,At Risk,27.045,1,106.37036467045836
12497,82,3,6248.5,1,Regular,2082.8333333333335,0,12287.950150552024
12498,21,3,403.7000000000001,1,Regular,134.5666666666667,0,793.8938106390098
12499,560,1,393.72,0,At Risk,393.72,1,774.2677015724323
12500,23,19,5955.21,1,Regular,313.4321052631579,0,11711.182462361994
12501,337,1,2169.39,0,At Risk,2169.39,1,4266.20087654734
12502,96,5,3723.87,1,Regular,744.774,1,7323.1541853462695
12503,584,1,1126.0,0,At Risk,1126.0,1,2214.328537972566
12504,18,4,779.05,1,Regular,194.7625,0,1532.0360990297756
12505,409,1,955.2,0,At Risk,955.2,1,1878.4428236868519
12506,233,1,73.5,1,Regular,73.5,1,144.54098360655738
12507,134,4,1844.06,1,Regular,461.015,1,3626.4251187688187
12508,26,2,398.27,1,Regular,199.135,0,783.2154767480762
12509,284,1,176.5,0,At Risk,176.5,1,347.0950150552024
12510,143,9,5178.02,1,Regular,575.3355555555556,1,10182.804135162261
12511,429,1,3084.02,0,At Risk,3084.02,1,6064.861010371362
12512,66,2,138.03,1,Regular,69.015,0,271.4420675811308
12513,113,1,612.29,1,Regular,612.29,1,1204.0952224824355
12514,267,2,1597.76,0,At Risk,798.88,1,3142.065332887253
12515,353,1,383.7,0,At Risk,383.7,1,754.5629307460689
12516,78,4,2648.62,1,Regular,662.155,0,5208.62775510204
12517,28,5,2502.84,1,Regular,500.56800000000004,0,4921.944971562396
12518,1,5,2056.89,1,Regular,411.378,0,4044.964677149548
12519,64,2,726.54,1,Regular,363.27,0,1428.7728738708597
12520,79,5,2634.26,1,Regular,526.8520000000001,0,5180.38818333891
12521,143,1,599.68,1,Regular,599.68,1,1179.2971027099363
12522,39,2,192.72,1,Regular,96.36,0,378.9923586483774
12523,19,23,4372.15,1,Regular,190.09347826086955,0,8598.025326196052
12524,9,17,11126.11,1,Regular,654.4770588235294,0,21879.98480428237
12525,498,3,973.73,0,At Risk,324.57666666666665,1,1914.8828839076614
12526,1,3,1316.66,1,Regular,438.8866666666667,0,2589.2698159919705
12527,82,5,735.51,1,Regular,147.102,0,1446.4127735028437
12528,9,6,1933.48,1,Regular,322.24666666666667,0,3802.273482770157
12529,528,1,316.48,0,At Risk,316.48,1,622.371843425895
12530,60,9,3759.26,1,Regular,417.6955555555556,0,7392.750177316829
12531,15,2,1933.2,1,Regular,966.6,0,3801.722850451656
12532,30,1,349.83000000000004,1,Regular,349.83000000000004,0,687.9560856473738
12533,628,2,1367.89,0,At Risk,683.945,1,2690.0158648377387
12534,131,1,1089.18,1,Regular,1089.18,1,2141.920388089662
12535,92,2,716.35,1,Regular,358.175,1,1408.7337905654065
12536,43,3,12601.830000000002,1,Regular,4200.610000000001,0,24782.0531080629
12537,409,1,732.94,0,At Risk,732.94,1,1441.3587554366009
12538,29,2,640.45,1,Regular,320.225,0,1259.4731013716962
12539,22,7,11214.75,1,Regular,1602.107142857143,0,22054.29926396788
12540,20,33,22254.49,1,Regular,674.3784848484848,0,43764.43366343259
12541,30,3,981.18,1,Regular,327.06,0,1929.533636667782
12542,484,2,481.88,0,At Risk,240.94,1,947.6382201405152
12543,448,1,980.25,0,At Risk,980.25,1,1927.70475075276
12544,36,1,372.7,1,Regular,372.7,0,732.9309468049514
12545,75,2,1000.39,1,Regular,500.195,0,1967.3109468049515
12546,47,2,1161.5,1,Regular,580.75,0,2284.140849782536
12547,198,3,383.58,1,Regular,127.86,1,754.3269454667112
12548,166,1,95.2,1,Regular,95.2,1,187.21498829039814
12549,576,6,1575.68,0,At Risk,262.61333333333334,1,3098.644041485447
12550,79,1,964.83,1,Regular,964.83,0,1897.3806423553028
12551,358,1,168.0,0,At Risk,168.0,1,330.37939110070255
12552,39,2,437.82,1,Regular,218.91,0,860.9922917363666
12553,8,12,4608.75,1,Regular,384.0625,0,9063.309635329542
12554,449,1,468.5,0,At Risk,468.5,1,921.3258614921378
12555,682,1,129.23,0,At Risk,129.23,1,254.13648042823684
12556,50,2,603.71,1,Regular,301.855,0,1187.222275008364
12557,16,8,18716.14,1,Regular,2339.5175,0,36806.11271997324
12558,8,1,269.96,1,Regular,269.96,0,530.8882167949147
12559,311,2,561.71,0,At Risk,280.855,1,1104.6274272331884
12560,5,3,2134.01,1,Regular,711.3366666666667,0,4196.624550016729
12561,303,1,238.85,0,At Risk,238.85,1,469.70903312144526
12562,8,9,4966.92,1,Regular,551.88,0,9767.666697892271
12563,409,1,249.24,0,At Risk,249.24,1,490.1414252258281
12564,261,1,456.9,0,At Risk,456.9,1,898.5139511542321
12565,289,1,145.92000000000002,0,At Risk,145.92000000000002,1,286.958099698896
12566,86,1,351.65,1,Regular,351.65,0,691.5351957176313
12567,23,15,13709.86,1,Regular,913.9906666666667,0,26961.042850451657
12568,645,1,70.0,0,At Risk,70.0,1,137.65807962529274
12569,2,32,4124.6900000000005,1,Regular,128.89656250000002,0,8111.384349280696
12570,682,1,77.52,0,At Risk,77.52,1,152.44649046503847
12571,40,2,519.61,1,Regular,259.805,0,1021.835925058548
12572,9,2,1020.42,1,Regular,510.21,0,2006.7008230177316
12573,227,5,717.41,1,Regular,143.482,1,1410.8183271997323
12574,316,1,218.45,0,At Risk,218.45,1,429.5915356306457
12575,457,2,622.82,0,At Risk,311.41,1,1224.802930746069
12576,36,8,2142.7200000000003,1,Regular,267.84000000000003,0,4213.753148210104
12577,35,8,1653.75,1,Regular,206.71875,0,3252.1721311475408
12578,21,4,4642.45,1,Regular,1160.6125,0,9129.582167949146
12579,78,1,440.42,1,Regular,440.42,0,866.105306122449
12580,247,2,1052.9,1,Regular,526.45,1,2070.5741719638677
12581,40,1,197.71,1,Regular,197.71,0,388.8054131816661
12582,239,4,1980.4,1,Regular,495.1,1,3894.5437269989966
12583,3,27,14447.44,1,Regular,535.0903703703704,0,28411.526370023417
12584,4,9,2338.15,1,Regular,259.7944444444445,0,4598.074841083975
12585,234,2,2040.1,1,Regular,1020.05,1,4011.946403479424
12586,17,4,2062.67,1,Regular,515.6675,0,4056.331301438608
12587,8,1,144.0,1,Regular,144.0,0,283.18233522917365
12588,39,4,958.78,1,Regular,239.695,0,1885.483051187688
12589,29,8,4695.66,1,Regular,586.9575,0,9234.221973904316
12590,211,2,9864.26,1,Regular,4932.13,1,19398.501264637
12591,317,3,1352.15,0,At Risk,450.7166666666667,1,2659.062462361994
12592,92,5,2582.66,1,Regular,516.5319999999999,1,5078.914513215122
12593,109,3,418.1,1,Regular,139.36666666666667,1,822.2120441619271
12594,38,15,5090.110000000001,1,Regular,339.3406666666667,0,10009.92525259284
12595,505,1,299.02,0,At Risk,299.02,1,588.0359852793576
12596,51,2,618.27,1,Regular,309.135,0,1215.8551555704248
12597,19,4,3811.22,1,Regular,952.805,0,7494.931803278688
12598,10,11,4534.09,1,Regular,412.19,0,8916.487460689194
12599,29,13,2296.72,1,Regular,176.67076923076922,0,4516.600923385748
12600,29,21,5043.92,1,Regular,240.18666666666667,0,9919.090585480093
12601,190,6,681.26,1,Regular,113.54333333333334,1,1339.7277617932418
12602,59,1,153.12,1,Regular,153.12,0,301.11721646035465
12603,22,1,739.1999999999999,1,Regular,739.1999999999999,0,1453.669320843091
12604,79,2,254.18,1,Regular,127.09,0,499.85615255938444
12605,376,4,1232.95,0,At Risk,308.2375,1,2424.650418200067
12606,682,1,21.0,0,At Risk,21.0,1,41.29742388758782
12607,60,1,1579.51,1,Regular,1579.51,0,3106.1759049849447
12608,405,1,415.79,0,At Risk,415.79,1,817.6693275342924
12609,78,9,3435.86,1,Regular,381.76222222222225,0,6756.769849447976
12610,23,5,2099.54,1,Regular,419.908,0,4128.837778521244
12611,52,1,1193.32,1,Regular,1193.32,0,2346.716279692205
12612,74,1,704.04,1,Regular,704.04,0,1384.5256339913014
12613,57,10,6835.07,1,Regular,683.507,0,13441.465861492137
12614,278,1,315.6,0,At Risk,315.6,1,620.6412847106055
12615,2,8,5740.9800000000005,1,Regular,717.6225000000001,0,11289.88974238876
12616,95,3,1131.1,1,Regular,377.0333333333333,1,2224.357912345266
12617,29,1,355.53000000000003,1,Regular,355.53000000000003,0,699.1653864168619
12618,22,1,177.31,1,Regular,177.31,0,348.68791569086653
12619,16,10,3781.38,1,Regular,378.13800000000003,0,7436.250130478421
12620,15,3,1339.41,1,Regular,446.47,0,2634.008691870191
12621,2,35,24775.81,1,Regular,707.8802857142857,0,48722.72036801606
12622,232,1,180.1,1,Regular,180.1,1,354.17457343593173
12623,276,7,3747.84,0,At Risk,535.4057142857143,1,7370.292244897959
12624,106,2,641.13,1,Regular,320.565,1,1260.8103512880562
12625,212,4,5164.88,1,Regular,1291.22,1,10156.9637470726
12626,23,9,6620.4800000000005,1,Regular,735.6088888888889,0,13019.46518568083
12627,11,7,4478.53,1,Regular,639.79,0,8807.226276346604
12628,4,3,786.46,1,Regular,262.15333333333336,0,1546.6081900301103
12629,386,2,1558.22,0,At Risk,779.11,1,3064.308183338909
12630,10,2,1270.88,1,Regular,635.44,0,2499.2414319170293
12631,57,6,3481.57,1,Regular,580.2616666666667,0,6846.660575443291
12632,521,2,804.88,0,At Risk,402.44,1,1582.831930411509
12633,59,7,5678.16,1,Regular,811.1657142857142,0,11166.351448645031
12634,536,2,490.0,0,At Risk,245.0,1,963.6065573770492
12635,90,4,2930.41,1,Regular,732.6025,0,5762.78018735363
12636,739,1,141.0,0,At Risk,141.0,1,277.28270324523254
12637,67,12,8340.31,1,Regular,695.0258333333333,0,16401.586543994646
12638,33,2,921.49,1,Regular,460.745,0,1812.1506256273
12639,239,3,1312.37,1,Regular,437.45666666666665,1,2580.8333422549345
12640,24,3,1174.58,1,Regular,391.52666666666664,0,2309.863245232519
12641,115,1,185.9,1,Regular,185.9,1,365.5805286048846
12642,25,3,1013.26,1,Regular,337.75333333333333,0,1992.6203680160588
12643,128,12,8350.42,1,Regular,695.8683333333333,1,16421.46830378053
12644,130,4,1918.49,1,Regular,479.6225,1,3772.794988290398
12645,34,8,3539.3,1,Regular,442.4125,0,6960.1891602542655
12646,5,2,1346.97,1,Regular,673.485,0,2648.8757644697225
12647,22,36,17924.35,1,Regular,497.89861111111105,0,35249.02285045165
12648,155,4,1112.0,1,Regular,278.0,1,2186.7969220475075
12649,107,8,2294.65,1,Regular,286.83125,1,4512.5301773168285
12650,3,1,314.44,1,Regular,314.44,0,618.3600936768149
12651,335,4,377.75,0,At Risk,94.4375,1,742.861993977919
12652,331,2,1017.03,0,At Risk,508.515,1,2000.0342388758781
12653,149,3,4160.83,1,Regular,1386.9433333333334,1,8182.455249247239
12654,11,5,601.98,1,Regular,120.396,0,1183.8201538976246
12655,424,1,261.35,0,At Risk,261.35,1,513.9562730010038
12656,17,8,6407.83,1,Regular,800.97875,0,12601.279605219137
12657,11,4,1643.18,1,Regular,410.795,0,3231.385761124122
12658,19,1,686.05,1,Regular,686.05,0,1349.1475075276012
12659,30,1,91.68,1,Regular,91.68,0,180.29275342924055
12660,11,1,245.1,1,Regular,245.1,0,481.9999330879893
12661,436,1,162.0,0,At Risk,162.0,1,318.58012713282034
12662,1,20,6988.02,1,Regular,349.401,0,13742.248765473403
12663,625,2,239.4,0,At Risk,119.7,1,470.7906323185012
12664,8,11,6070.04,1,Regular,551.8218181818182,0,11937.000709267315
12665,325,3,313.6,0,At Risk,104.53333333333335,1,616.7081967213115
12666,394,1,1248.42,0,At Risk,1248.42,1,2455.072853797257
12667,58,1,620.13,1,Regular,620.13,0,1219.5129274004682
12668,12,10,11444.68,1,Regular,1144.468,0,22506.466724657075
12669,151,3,2744.03,1,Regular,914.6766666666667,1,5396.255717631315
12670,10,7,3760.29,1,Regular,537.1842857142857,0,7394.775717631314
12671,606,1,2622.481,0,At Risk,2622.481,1,5157.224261625962
12672,330,2,437.05,0,At Risk,218.525,1,859.4780528604884
12673,5,3,1230.02,1,Regular,410.00666666666666,0,2418.888444295751
12674,39,4,1970.6,1,Regular,492.65,0,3875.271595851455
12675,554,2,958.5,0,At Risk,479.25,1,1884.932418869187
12676,25,11,2843.09,1,Regular,258.4627272727273,0,5591.061565741051
12677,555,2,395.1,0,At Risk,197.55,1,776.9815322850452
12678,42,21,34281.18,1,Regular,1632.4371428571428,0,67415.44865841419
12679,59,4,1113.02,1,Regular,278.255,0,2188.8027969220475
12680,1,4,880.81,1,Regular,220.2025,0,1732.1516159250584
12681,15,45,30868.28,1,Regular,685.9617777777778,0,60703.83065908331
12682,4,52,24033.91,1,Regular,462.19057692307695,0,47263.74137838742
12683,4,21,12696.78,1,Regular,604.6085714285715,0,24968.77646035464
12684,8,7,2283.63,1,Regular,326.23285714285714,0,4490.858862495818
12685,28,6,2863.08,1,Regular,477.18,0,5630.372780194045
12686,372,1,178.28,0,At Risk,178.28,1,350.5954633656741
12687,481,2,2138.91,0,At Risk,1069.455,1,4206.260615590498
12688,114,1,4873.81,1,Regular,4873.81,1,9584.561786550687
12689,26,2,1247.61,1,Regular,623.805,0,2453.479953161592
12690,206,1,389.01,1,Regular,389.01,1,765.0052793576447
12691,28,7,1170.4,1,Regular,167.20000000000002,0,2301.643091334895
12692,637,1,110.95,0,At Risk,110.95,1,218.188056206089
12693,127,7,1703.02,1,Regular,243.28857142857143,1,3349.0637537638004
12694,70,3,1843.35,1,Regular,614.4499999999999,0,3625.0288725326195
12695,7,7,1407.12,1,Regular,201.01714285714283,0,2767.1633857477414
12696,435,2,851.91,0,At Risk,425.955,1,1675.318494479759
12697,29,3,957.59,1,Regular,319.19666666666666,0,1883.142863834058
12698,590,1,339.75,0,At Risk,339.75,1,668.1333221813316
12699,418,1,638.11,0,At Risk,638.11,1,1254.8713884242222
12700,8,4,4939.99,1,Regular,1234.9975,0,9714.707668116427
12701,80,6,2446.41,1,Regular,407.73499999999996,0,4810.972893944463
12702,20,1,219.0,1,Regular,219.0,0,430.6731348277016
12703,71,4,1006.53,1,Regular,251.6325,0,1979.3855269320843
12704,7,8,2340.84,1,Regular,292.605,0,4603.364844429575
12705,15,14,11762.1,1,Regular,840.15,0,23130.68711943794
12707,292,1,603.42,0,At Risk,603.42,1,1186.6519772499162
12708,30,18,5314.1,1,Regular,295.2277777777778,0,10450.411441953831
12709,15,34,31093.34,1,Regular,914.51,0,61146.42105051857
12710,97,3,1149.02,1,Regular,383.00666666666666,1,2259.598380729341
12711,612,2,1339.05,0,At Risk,669.525,1,2633.3007360321176
12712,29,21,7193.66,1,Regular,342.5552380952381,0,14146.64887253262
12713,1,1,848.55,1,Regular,848.55,0,1668.710906657745
12714,9,12,14093.71,1,Regular,1174.4758333333332,0,27715.90076279692
12715,106,1,353.86,1,Regular,353.86,1,695.8812579458013
12716,4,2,1053.49,1,Regular,526.745,0,2071.7344329207094
12717,151,3,1308.91,1,Regular,436.30333333333334,1,2574.029100033456
12718,71,1,238.25,1,Regular,238.25,0,468.5291067246571
12719,5,2,644.95,1,Regular,322.475,0,1268.322549347608
12720,3,30,8260.67,1,Regular,275.35566666666665,0,16244.970980260956
12721,32,8,4013.08,1,Regular,501.635,0,7891.89837403814
12722,85,4,997.63,1,Regular,249.4075,0,1961.8832853797255
12723,4,5,725.07,1,Regular,145.014,0,1425.8820541987288
12724,5,7,2317.52,1,Regular,331.07428571428574,0,4557.505038474406
12725,371,4,2694.56,0,At Risk,673.64,1,5298.970786216126
12726,28,11,4014.6,1,Regular,364.96363636363634,0,7894.887520910003
12727,11,10,5679.53,1,Regular,567.953,0,11169.045613917697
12728,71,5,1070.17,1,Regular,214.03400000000002,0,2104.536386751422
12729,114,1,453.01,1,Regular,453.01,1,890.8640950150551
12730,522,1,829.25,0,At Risk,829.25,1,1630.756607561057
12731,24,17,25775.71,1,Regular,1516.2182352941177,0,50689.06770826363
12732,180,1,236.26,1,Regular,236.26,1,464.61568417530947
12733,234,4,2424.87,1,Regular,606.2175,1,4768.613536299766
12734,353,3,639.65,0,At Risk,213.21666666666667,1,1257.8998661759786
12735,315,2,779.5699999999999,0,At Risk,389.78499999999997,1,1533.0587019069922
12736,333,1,234.0,0,At Risk,234.0,1,460.17129474740716
12737,499,2,3710.5,0,At Risk,1855.25,1,7296.8614921378385
12738,372,1,310.7,0,At Risk,310.7,1,611.0052191368351
12739,78,4,2726.73,1,Regular,681.6825,0,5362.234506523921
12740,64,1,427.6,1,Regular,427.6,0,840.894212111074
12741,529,2,406.07,0,At Risk,203.035,1,798.5545199063232
12742,626,1,1201.52,0,At Risk,1201.52,1,2362.84194044831
12743,134,2,546.43,1,Regular,273.215,1,1074.5786349949815
12744,52,11,25317.06,1,Regular,2301.550909090909,0,49787.11230511876
12745,487,3,925.41,0,At Risk,308.46999999999997,1,1819.8594780863161
12746,541,1,254.55,0,At Risk,254.55,1,500.58377383740384
12747,2,26,9276.54,1,Regular,356.79,0,18242.724028103046
12748,1,336,56599.39,2,VIP,168.45056547619046,0,111305.19050518566
12749,4,9,6897.36,1,Regular,766.3733333333333,0,13563.961886918702
12750,129,1,275.88,1,Regular,275.88,1,542.5301572432252
12751,445,1,268.27,0,At Risk,268.27,1,527.5647574439612
12752,81,1,4366.78,1,Regular,4366.78,0,8587.464984944798
12753,23,6,21429.39,1,Regular,3571.565,0,42141.838213449315
12754,236,3,3010.74,1,Regular,1003.5799999999999,1,5920.752666443626
12755,281,11,9030.66,1,Regular,820.9690909090909,1,17759.19019069923
12756,87,1,112.08,1,Regular,112.08,0,220.41025092004014
12757,16,13,7857.1,1,Regular,604.3923076923077,0,15451.33282034125
12758,117,7,9903.24,1,Regular,1414.7485714285715,1,19475.157149548344
12759,52,8,5020.74,1,Regular,627.5925,0,9873.506095684175
12760,456,1,347.8,0,At Risk,347.8,1,683.9640013382402
12761,458,2,782.95,0,At Risk,391.475,1,1539.7056206088994
12762,8,2,1898.52,1,Regular,949.26,0,3733.5231047172965
12763,138,2,814.16,1,Regular,407.08,1,1601.0814586818333
12764,317,1,1693.88,0,At Risk,1693.88,1,3331.089541652727
12765,472,6,1404.58,0,At Risk,234.09666666666666,1,2762.168364001338
12766,4,9,10068.28,1,Regular,1118.697777777778,0,19799.71557042489
12767,376,1,949.82,0,At Risk,949.82,1,1867.8628169956507
12768,451,1,168.69,0,At Risk,168.69,1,331.73630645700905
12769,239,1,1143.6,1,Regular,1143.6,1,2248.939712278354
12770,211,2,3246.45,1,Regular,1623.225,1,6384.28675142188
12771,486,1,282.3,0,At Risk,282.3,1,555.1553696888592
12772,60,1,892.47,1,Regular,892.47,0,1755.081518902643
12773,564,1,124.25,0,At Risk,124.25,1,244.3430913348946
12774,536,1,98.7,0,At Risk,98.7,1,194.09789227166277
12775,17,7,1686.12,1,Regular,240.8742857142857,0,3315.8291602542654
12776,668,1,55.5,0,At Risk,55.5,1,109.14319170291067
12777,458,1,519.45,0,At Risk,519.45,1,1021.5212780194046
12778,20,9,1775.68,1,Regular,197.29777777777778,0,3491.9528404148546
12779,38,14,6722.27,1,Regular,480.1621428571429,0,13219.639698895953
12780,599,1,337.4,0,At Risk,337.4,1,663.511943793911
12781,64,2,826.74,1,Regular,413.37,0,1625.8205821344932
12782,5,11,4618.24,1,Regular,419.84,0,9081.972137838742
12783,2,6,2225.91,1,Regular,370.98499999999996,0,4377.34994312479
12784,9,3,1804.75,1,Regular,601.5833333333334,0,3549.1202743392437
12785,364,3,1100.4,0,At Risk,366.8,1,2163.985011709602
12786,610,1,728.5000000000001,0,At Risk,728.5000000000001,1,1432.6273001003683
12787,10,4,862.1800000000001,1,Regular,215.54500000000002,0,1695.5149013047842
12788,463,4,444.9,0,At Risk,111.225,1,874.9154232184677
12789,65,3,273.35,1,Regular,91.11666666666667,0,537.5548009367682
12790,192,2,591.85,1,Regular,295.925,1,1163.89906323185
12791,374,6,1056.11,0,At Risk,176.01833333333332,1,2076.8867781866843
12792,257,2,827.01,0,At Risk,413.505,1,1626.3515490130478
12793,335,3,1017.33,0,At Risk,339.11,1,2000.6242020742723
12794,53,2,860.41,1,Regular,430.205,0,1692.0341184342587
12795,19,1,430.48,1,Regular,430.48,0,846.5578588156575
12796,628,1,381.0,0,At Risk,381.0,1,749.2532619605219
12797,366,2,806.11,0,At Risk,403.055,1,1585.2507795249246
12798,10,4,8510.93,1,Regular,2127.7325,0,16737.118280361326
12799,529,1,219.35,0,At Risk,219.35,1,431.36142522582804
12800,470,3,584.25,0,At Risk,194.75,1,1148.9533288725327
12801,501,1,1071.82,0,At Risk,1071.82,1,2107.7811843425893
12802,187,7,2416.42,1,Regular,345.20285714285717,1,4751.996239544998
12803,393,1,1092.81,0,At Risk,1092.81,1,2149.0589427902305
12804,466,2,327.02,0,At Risk,163.51,1,643.0992171294747
12805,382,4,1434.95,0,At Risk,358.7375,1,2821.892305118769
12806,435,4,2878.96,0,At Risk,719.74,1,5661.60149882904
12807,383,1,330.35,0,At Risk,330.35,1,649.6478086316495
12808,37,5,906.1,1,Regular,181.22,0,1781.8855135496822
12809,178,3,1755.94,1,Regular,585.3133333333334,1,3453.133261960522
12810,535,2,534.99,0,At Risk,267.495,1,1052.0813716962195
12811,261,5,1033.9,1,Regular,206.78000000000003,1,2033.2098360655739
12812,45,1,229.64,1,Regular,229.64,0,451.59716293074604
12813,502,3,1687.8,0,At Risk,562.6,1,3319.132954165273
12814,102,1,125.92,1,Regular,125.92,1,247.62721980595518
12815,148,2,1063.46,1,Regular,531.73,1,2091.3408765473405
12816,96,2,572.2,1,Regular,286.1,1,1125.2564737370358
12817,281,3,690.98,0,At Risk,230.32666666666668,1,1358.842569421211
12818,262,1,1542.08,0,At Risk,1542.08,1,3032.568163265306
12819,458,1,540.52,0,At Risk,540.52,1,1062.9563599866176
12820,3,11,2689.52,1,Regular,244.50181818181818,0,5289.059404483105
12821,214,2,220.8,1,Regular,110.4,1,434.2129140180663
12822,71,2,948.88,1,Regular,474.44,0,1866.0142656406824
12823,75,18,6501.5,1,Regular,361.19444444444446,0,12785.485781197725
12824,60,1,397.12,1,Regular,397.12,0,780.9539511542322
12825,521,2,518.63,0,At Risk,259.315,1,1019.9087119437938
12826,3,12,2955.75,1,Regular,246.3125,0,5812.612412177986
12827,6,3,430.15,1,Regular,143.38333333333333,0,845.9088992974238
12828,3,6,1018.71,1,Regular,169.785,0,2003.3380327868854
12829,337,3,385.3,0,At Risk,128.43333333333334,1,757.7094011375042
12830,38,6,6814.64,1,Regular,1135.7733333333333,0,13401.289367681498
12831,262,3,451.11,0,At Risk,150.37,1,887.1276614252258
12832,32,2,383.03,1,Regular,191.515,0,753.2453462696553
12833,145,1,417.38,1,Regular,417.38,1,820.7961324857812
12834,283,1,312.38,0,At Risk,312.38,1,614.3090130478421
12835,428,41,6043.31,0,At Risk,147.3978048780488,1,11884.434988290399
12836,59,15,6585.62,1,Regular,439.04133333333334,0,12950.911462027434
12837,173,2,688.41,1,Regular,344.205,1,1353.7885513549681
12838,34,10,3398.48,1,Regular,339.848,0,6683.260434928069
12839,3,26,10071.73,1,Regular,387.37423076923073,0,19806.50014720642
12840,144,7,4041.97,1,Regular,577.4242857142857,1,7948.711830043492
12841,5,40,7540.68,1,Regular,188.517,0,14829.078969555036
12842,70,4,1917.99,1,Regular,479.4975,0,3771.8117162930744
12843,66,30,6588.41,1,Regular,219.61366666666666,0,12956.398119772499
12844,29,4,648.6,1,Regular,162.15,0,1275.5004349280696
12845,267,4,354.09000000000003,0,At Risk,88.52250000000001,1,696.3335630645702
12846,682,1,15.58,0,At Risk,15.58,1,30.63875543660087
12847,22,2,1636.9,1,Regular,818.45,0,3219.0358648377387
12848,676,1,208.0,0,At Risk,208.0,1,409.04115088658415
12849,31,6,3090.56,1,Regular,515.0933333333334,0,6077.722208096354
12850,446,1,330.0,0,At Risk,330.0,1,648.9595182335229
12851,97,2,284.13,1,Regular,142.065,1,558.7541451990633
12852,295,1,311.55,0,At Risk,311.55,1,612.6767815322851
12853,135,11,3907.5,1,Regular,355.22727272727275,1,7684.270659083305
12854,79,7,2994.02,1,Regular,427.71714285714285,0,5887.872050853128
12855,373,4,650.94,0,At Risk,162.735,1,1280.1021478755438
12856,8,6,2179.93,1,Regular,363.32166666666666,0,4286.9282502509195
12857,211,6,3688.0,1,Regular,614.6666666666666,1,7252.61425225828
12858,383,1,177.92,0,At Risk,177.92,1,349.8875075276012
12859,459,1,575.1,0,At Risk,575.1,1,1130.9594513215122
12860,693,1,55.47,0,At Risk,55.47,1,109.08419538307126
12861,620,1,68.25,0,At Risk,68.25,1,134.21662763466043
12862,426,2,1008.32,0,At Risk,504.16,1,1982.9056406825025
12863,52,6,2792.55,1,Regular,465.425,0,5491.672432251589
12864,138,2,299.57,1,Regular,149.785,1,589.1175844764135
12865,26,4,3323.4700000000003,1,Regular,830.8675000000001,0,6535.749969889595
12866,283,3,1227.35,0,At Risk,409.1166666666666,1,2413.637771830043
12867,26,13,7913.29,1,Regular,608.7146153846154,0,15561.832927400468
12868,186,8,2247.06,1,Regular,280.8825,1,4418.942348611576
12869,682,1,337.67,0,At Risk,337.67,1,664.0429106724657
12870,375,3,1676.95,0,At Risk,558.9833333333333,1,3297.7959518233524
12871,84,3,744.02,1,Regular,248.00666666666666,0,1463.14806289729
12872,327,12,3685.49,0,At Risk,307.12416666666667,1,7247.678226831716
12873,282,3,2027.3,0,At Risk,675.7666666666667,1,3986.7746403479423
12874,385,2,948.42,0,At Risk,474.21,1,1865.1096554031446
12875,143,5,1356.9900000000002,1,Regular,271.398,1,2668.580535296086
12876,58,4,4081.79,1,Regular,1020.4475,0,8027.0196119103375
12877,4,20,2955.17,1,Regular,147.7585,0,5811.471816661091
12878,236,2,854.99,1,Regular,427.495,1,1681.375449983272
12879,45,3,573.22,1,Regular,191.07333333333335,0,1127.2623486115758
12880,382,2,640.13,0,At Risk,320.065,1,1258.843807293409
12881,276,1,298.0,0,At Risk,298.0,1,586.0301104048176
12882,9,2,1463.04,1,Regular,731.52,0,2877.132525928404
12883,25,4,703.47,1,Regular,175.8675,0,1383.4047039143527
12884,88,1,309.05,1,Regular,309.05,0,607.7604215456674
12885,63,3,1175.22,1,Regular,391.74,0,2311.1218333890934
12886,68,2,1378.4,1,Regular,689.2,0,2710.684242221479
12887,384,1,222.4,0,At Risk,222.4,1,437.3593844095015
12888,214,2,354.12,1,Regular,177.06,1,696.3925593844095
12889,381,4,385.46,0,At Risk,96.365,1,758.0240481766476
12890,24,2,717.27,1,Regular,358.635,0,1410.5430110404818
12891,186,11,840.5,1,Regular,76.4090909090909,1,1652.8802275008363
12892,397,1,263.38,0,At Risk,263.38,1,517.9483573101371
12893,31,1,188.14,1,Regular,188.14,0,369.9855871528939
12894,575,1,157.35,0,At Risk,157.35,1,309.4356975577116
12895,42,2,372.8,1,Regular,186.4,0,733.1276012044162
12897,205,4,514.25,1,Regular,128.5625,1,1011.2952492472399
12898,464,2,310.96,0,At Risk,155.48,1,611.5165205754432
12899,414,1,366.4,0,At Risk,366.4,1,720.5417196386751
12900,422,1,340.33000000000004,0,At Risk,340.33000000000004,1,669.2739176982269
12901,9,28,17654.54,1,Regular,630.5192857142857,0,34718.42961525594
12902,265,1,138.68,0,At Risk,138.68,1,272.7203211776514
12903,429,1,833.5300000000001,0,At Risk,833.5300000000001,1,1639.1734158581467
12904,18,2,509.58,1,Regular,254.79,0,1002.1114887922381
12905,577,2,1018.42,0,At Risk,509.21,1,2002.7677350284375
12906,12,5,2919.81,1,Regular,583.962,0,5741.934821010371
12907,396,2,508.91,0,At Risk,254.455,1,1000.7939043158248
12908,176,5,1776.0,1,Regular,355.2,1,3492.5821344931414
12909,40,8,3103.19,1,Regular,387.89875,0,6102.559658748745
12910,23,13,5796.52,1,Regular,445.8861538461539,0,11399.111595851457
12911,552,1,1680.47,0,At Risk,1680.47,1,3304.71818668451
12912,3,5,1662.3,1,Regular,332.46,0,3268.986082301773
12913,5,13,6700.86,1,Regular,515.4507692307692,0,13177.535991970557
12914,401,1,223.98,0,At Risk,223.98,1,440.4665239210438
12915,149,4,1174.75,1,Regular,293.6875,1,2310.197557711609
12916,139,7,4654.02,1,Regular,664.86,1,9152.335081967214
12917,128,6,4359.2,1,Regular,726.5333333333333,1,8572.558581465373
12918,626,1,10953.5,0,At Risk,10953.5,1,21540.53964536634
12919,8,6,1335.19,1,Regular,222.53166666666667,0,2625.7098762127803
12920,17,4,488.09,1,Regular,122.0225,0,959.8504583472733
12921,9,74,35921.04,2,VIP,485.41945945945946,0,70640.30549347607
12922,161,1,405.38,1,Regular,405.38,1,797.1976045500166
12923,64,3,789.87,1,Regular,263.29,0,1553.314105051857
12924,88,12,2469.4,1,Regular,205.78333333333333,0,4856.183740381399
12925,5,3,729.33,1,Regular,243.11,0,1434.2595316159252
12926,411,4,1548.46,0,At Risk,387.115,1,3045.114713951154
12927,395,1,197.31,0,At Risk,197.31,1,388.0187955838073
12928,35,12,4304.89,1,Regular,358.74083333333334,0,8465.755577116093
12929,312,1,117.85,0,At Risk,117.85,1,231.75720976915355
12930,78,2,415.8,1,Regular,207.9,0,817.6889929742389
12931,22,57,92347.34,2,VIP,1620.1287719298246,0,181605.1068986283
12932,539,8,1698.56,0,At Risk,212.32,1,3340.292967547675
12933,24,8,1687.03,1,Regular,210.87875,0,3317.6187152893945
12934,737,1,181.65,0,At Risk,181.65,1,357.22271662763467
12935,2,15,4243.86,1,Regular,282.924,0,8345.737397122783
12936,17,4,1063.9,1,Regular,265.975,0,2092.2061559049853
12937,15,9,3097.61,1,Regular,344.1788888888889,0,6091.586343258614
12938,26,1,114.14,1,Regular,114.14,0,224.46133154901304
12939,64,20,25264.8,1,Regular,1263.24,0,49684.34071595851
12940,55,2,913.54,1,Regular,456.77,0,1796.5166008698561
12941,724,1,377.49,0,At Risk,377.49,1,742.3506925393108
12942,131,3,942.65,1,Regular,314.21666666666664,1,1853.7626965540312
12943,558,2,496.5,0,At Risk,248.25,1,976.3890933422549
12944,36,2,604.51,1,Regular,302.255,0,1188.7955102040817
12945,288,2,900.11,0,At Risk,450.055,1,1770.1059150217463
12946,437,1,324.45,0,At Risk,324.45,1,638.0451990632318
12947,144,6,1908.03,1,Regular,318.005,1,3752.22493810639
12948,16,9,2317.43,1,Regular,257.4922222222222,0,4557.328049514887
12949,31,22,15526.7,1,Regular,705.7590909090909,0,30533.938641686185
12950,2,3,1843.0,1,Regular,614.3333333333334,0,3624.340582134493
12951,9,15,3213.7200000000003,1,Regular,214.24800000000002,0,6319.921766477083
12952,6,4,1387.79,1,Regular,346.9475,0,2729.1500903312144
12953,10,2,828.8100000000001,1,Regular,414.40500000000003,0,1629.8913282034125
12954,639,1,162.45,0,At Risk,162.45,1,319.46507193041145
12955,1,11,4757.16,1,Regular,432.4690909090909,0,9355.164429575108
12956,306,4,521.89,0,At Risk,130.4725,1,1026.3196453663431
12957,10,13,8706.97,1,Regular,669.766923076923,0,17122.639565071928
12958,400,2,539.49,0,At Risk,269.745,1,1060.930819672131
12959,484,1,150.95,0,At Risk,150.95,1,296.84981599197056
12960,414,4,1322.0700000000002,0,At Risk,330.51750000000004,1,2599.908819003011
12961,379,1,211.99,0,At Risk,211.99,1,416.8876614252258
12962,7,2,266.39,1,Regular,133.195,0,523.8676547340248
12963,8,12,3601.59,1,Regular,300.1325,0,7082.68518568083
12964,437,1,132.24,0,At Risk,132.24,1,260.0557778521245
12965,89,1,771.91,1,Regular,771.91,0,1517.9949749079958
12966,10,1,160.18,1,Regular,160.18,0,315.0010170625627
12967,358,3,4306.92,0,At Risk,1435.64,1,8469.747661425226
12968,112,1,135.95,1,Regular,135.95,1,267.3516560722649
12969,603,1,122.45,0,At Risk,122.45,1,240.80331214452994
12970,7,10,1524.97,1,Regular,152.497,0,2998.920595516896
12971,4,116,15972.79,2,VIP,137.6964655172414,0,31411.194252258283
12972,414,4,1161.2,0,At Risk,290.3,1,2283.550886584142
12973,414,1,385.55,0,At Risk,385.55,1,758.201037136166
12974,198,2,408.95,1,Regular,204.475,1,804.2181666109066
12975,437,6,2100.09,0,At Risk,350.01500000000004,1,4129.919377718301
12976,212,8,3156.38,1,Regular,394.5475,1,6207.160133824022
12977,156,4,517.63,1,Regular,129.4075,1,1017.9421679491469
12978,385,5,2502.82,0,At Risk,500.564,1,4921.905640682503
12979,729,1,517.7,0,At Risk,517.7,1,1018.0798260287722
12980,158,21,16245.78,1,Regular,773.6085714285715,1,31948.04109735698
12981,30,2,372.22,1,Regular,186.11,0,731.987005687521
12982,243,8,2744.81,1,Regular,343.10125,1,5397.7896219471395
12983,598,1,490.08,0,At Risk,490.08,1,963.7638808966209
12984,19,1,97.5,1,Regular,97.5,0,191.7380394780863
12985,1,2,1239.38,1,Regular,619.69,0,2437.2952960856474
12986,429,10,2729.84,0,At Risk,272.98400000000004,1,5368.350458347273
12987,74,5,1312.21,1,Regular,262.442,0,2580.5186952157915
12988,292,1,535.32,0,At Risk,535.32,1,1052.7303312144531
12989,3,33,13551.75,1,Regular,410.65909090909093,0,26650.11257945801
12990,31,7,955.5,1,Regular,136.5,0,1879.032786885246
12991,23,3,764.82,1,Regular,254.94000000000003,0,1504.0521779859484
12992,725,1,93.35,0,At Risk,93.35,1,183.5768819003011
12993,23,8,1259.63,1,Regular,157.45375,0,2477.11781197725
12994,4,3,974.42,1,Regular,324.8066666666667,0,1916.239799263968
12995,85,1,211.32,1,Regular,211.32,0,415.5700769488123
12996,376,1,355.5,0,At Risk,355.5,1,699.1063900970224
12997,22,8,2110.91,1,Regular,263.86375,0,4151.197383740381
12998,493,3,920.08,0,At Risk,306.6933333333333,1,1809.3777985948475
12999,196,3,455.88,1,Regular,151.96,1,896.5080762796922
13000,107,4,1032.5,1,Regular,258.125,1,2030.4566744730678
13001,4,33,24172.1,1,Regular,732.4878787878788,0,47535.49809300769
13002,318,3,414.13,0,At Risk,138.04333333333332,1,814.4048645031783
13003,106,3,149.05,1,Regular,49.68333333333334,1,293.1133824021412
13004,12,36,11650.85,1,Regular,323.63472222222225,0,22911.909100033456
13005,174,4,999.68,1,Regular,249.92,1,1965.9147005687519
13006,56,1,81.57,1,Regular,81.57,0,160.41099364335898
13007,580,1,175.25,0,At Risk,175.25,1,344.6368350618936
13008,323,3,612.13,0,At Risk,204.04333333333332,1,1203.780575443292
13009,673,1,234.0,0,At Risk,234.0,1,460.17129474740716
13010,374,2,330.12,0,At Risk,165.06,1,649.1955035128806
13011,372,1,101.1,0,At Risk,101.1,1,198.81759785881565
13012,9,11,2972.83,1,Regular,270.2572727272727,0,5846.200983606557
13013,1,29,12625.77,1,Regular,435.3713793103448,0,24829.132171294747
13014,11,11,5381.08,1,Regular,489.1890909090909,0,10582.13055871529
13015,53,11,6586.42,1,Regular,598.7654545454545,0,12952.484697223152
13016,73,3,789.89,1,Regular,263.2966666666667,0,1553.35343593175
13017,7,1,204.0,1,Regular,204.0,0,401.174974907996
13018,16,35,9763.16,1,Regular,278.9474285714286,0,19199.683666778186
13019,379,6,1229.95,0,At Risk,204.99166666666667,1,2418.750786216126
13020,563,2,618.96,0,At Risk,309.48,1,1217.2120709267315
13021,4,17,4887.24,1,Regular,287.48470588235296,0,9610.972472398795
13022,430,1,65.3,0,At Risk,65.3,1,128.41532285045164
13023,64,3,1449.03,1,Regular,483.01,0,2849.581244563399
13024,471,2,555.87,0,At Risk,277.935,1,1093.1428103044495
13025,732,1,323.39,0,At Risk,323.39,1,635.960662428906
13026,1,9,1733.08,1,Regular,192.56444444444443,0,3408.1780662428905
13027,114,19,17335.2,1,Regular,912.3789473684211,1,34090.433456005354
13028,23,2,661.3199999999999,1,Regular,330.65999999999997,0,1300.5148745399797
13029,31,5,1927.3,1,Regular,385.46,0,3790.1202408832382
13030,11,2,1227.22,1,Regular,613.61,0,2413.3821211107393
13031,407,5,3419.27,0,At Risk,683.854,1,6724.144884576783
13032,52,9,2843.55,1,Regular,315.95000000000005,0,5591.966175978589
13033,357,2,220.55,0,At Risk,110.275,1,433.7212780194045
13034,55,3,922.68,1,Regular,307.56,0,1814.49081298093
13035,74,3,1364.2,1,Regular,454.73333333333335,0,2682.759317497491
13036,685,1,307.1,0,At Risk,307.1,1,603.9256607561058
13037,138,12,3914.95,1,Regular,326.24583333333334,1,7698.921411843426
13038,80,3,908.46,1,Regular,302.82,0,1786.5265573770491
13039,584,4,1010.73,0,At Risk,252.6825,1,1987.645011709602
13040,9,2,676.99,1,Regular,338.495,0,1331.330618936099
13041,451,4,799.13,0,At Risk,199.7825,1,1571.5243024422884
13042,598,3,1556.54,0,At Risk,518.8466666666667,1,3061.004389427902
13043,273,1,516.42,0,At Risk,516.42,1,1015.5626497156238
13044,291,11,4853.9,0,At Risk,441.26363636363635,1,9545.407895617262
13045,99,3,808.9200000000001,1,Regular,269.64000000000004,1,1590.776768149883
13046,31,3,949.25,1,Regular,316.4166666666667,0,1866.7418869187018
13047,32,24,8795.16,1,Regular,366.465,0,17296.069079959852
13048,14,9,4084.21,1,Regular,453.80111111111114,0,8031.778648377383
13049,64,4,1408.24,1,Regular,352.06,0,2769.3659150217463
13050,15,35,12344.53,1,Regular,352.70085714285716,0,24276.061338240215
13051,579,2,155.8,0,At Risk,77.9,1,306.3875543660087
13052,212,7,3168.53,1,Regular,452.6471428571429,1,6231.053643358983
13053,622,1,127.65,0,At Risk,127.65,1,251.02934091669457
13055,78,4,2321.11,1,Regular,580.2775,0,4564.564931415189
13056,551,1,209.48,0,At Risk,209.48,1,411.95163599866174
13057,530,3,722.09,0,At Risk,240.6966666666667,1,1420.0217530946804
13058,25,3,271.40000000000003,1,Regular,90.46666666666668,0,533.7200401472065
13059,250,10,2303.17,1,Regular,230.317,1,4529.285132151221
13060,254,1,307.53000000000003,0,At Risk,307.53000000000003,1,604.771274673804
13061,72,1,248.61,1,Regular,248.61,0,488.9025025092004
13062,191,1,346.98,1,Regular,346.98,1,682.3514352626297
13063,481,1,188.4,0,At Risk,188.4,1,370.49688859150217
13064,13,6,1680.74,1,Regular,280.12333333333333,0,3305.2491535630647
13065,373,5,1260.91,0,At Risk,252.18200000000002,1,2479.6349882903983
13066,24,2,470.8,1,Regular,235.4,0,925.8489126798261
13067,82,3,508.51,1,Regular,169.50333333333333,0,1000.0072867179658
13068,10,2,344.0,1,Regular,172.0,0,676.4911341585814
13069,1,38,9683.13,1,Regular,254.81921052631577,0,19042.301150886582
13070,192,4,751.7,1,Regular,187.925,1,1478.2511207761793
13071,612,1,129.22,0,At Risk,129.22,1,254.1168149882904
13072,267,1,177.15,0,At Risk,177.15,1,348.373268651723
13073,411,2,418.08,0,At Risk,209.04,1,822.1727132820341
13074,511,4,1378.74,0,At Risk,344.685,1,2711.352867179659
13075,130,1,919.61,1,Regular,919.61,1,1808.4535229173637
13076,458,1,135.4,0,At Risk,135.4,1,266.2700568752091
13077,1,11,3064.67,1,Regular,278.60636363636365,0,6026.808384074941
13078,3,57,29532.45,1,Regular,518.1131578947369,0,58076.86219471396
13079,4,6,419.18,1,Regular,69.86333333333333,0,824.3359116761458
13080,179,4,280.73,1,Regular,70.1825,1,552.0678956172633
13081,12,28,59205.15,1,Regular,2114.469642857143,0,116429.53218467715
13082,126,21,7335.75,1,Regular,349.32142857142856,1,14426.075108732017
13083,4,3,395.43,1,Regular,131.81,0,777.6304918032787
13084,492,1,122.4,0,At Risk,122.4,1,240.7049849447976
13085,158,8,2433.28,1,Regular,304.16,1,4785.152171294748
13086,383,1,439.33,0,At Risk,439.33,1,863.9617731682837
13087,726,1,313.64,0,At Risk,313.64,1,616.7868584810973
13088,417,1,236.11,0,At Risk,236.11,1,464.3207025761124
13089,3,203,116737.86,2,VIP,575.0633497536946,0,229570.13753094684
13090,9,24,14103.09,1,Regular,587.62875,0,27734.34694546671
13091,28,3,2321.82,1,Regular,773.94,0,4565.961177651388
13092,71,12,2140.28,1,Regular,178.35666666666668,0,4208.954780863165
13093,276,55,54943.65,2,VIP,998.9754545454546,1,108049.1049514888
13094,21,13,2433.1200000000003,1,Regular,187.16307692307694,0,4784.837524255605
13095,71,1,74.39999999999999,1,Regular,74.39999999999999,0,146.3108732017397
13096,394,1,419.7000000000001,0,At Risk,419.7000000000001,1,825.3585145533625
13097,33,28,13389.22,1,Regular,478.18642857142856,0,26330.490184008027
13098,1,28,28882.44,1,Regular,1031.5157142857142,0,56798.588932753424
13099,99,1,207.36,1,Regular,207.36,1,407.78256273001006
13101,234,4,695.4,1,Regular,173.85,1,1367.534693877551
13102,1,37,11696.92,1,Regular,316.132972972973,0,23002.507781866843
13103,40,3,709.64,1,Regular,236.54666666666665,0,1395.5382803613247
13104,3,9,1709.1,1,Regular,189.89999999999998,0,3361.020341251254
13105,436,1,72.0,0,At Risk,72.0,1,141.59116761458682
13106,133,2,603.46,1,Regular,301.73,1,1186.7306390097024
13107,44,9,5253.07,1,Regular,583.6744444444444,0,10330.39326196052
13108,373,2,1098.52,0,At Risk,549.26,1,2160.2879089996654
13109,60,3,1134.03,1,Regular,378.01,0,2230.1198862495817
13110,31,12,2957.4700000000003,1,Regular,246.45583333333335,0,5815.994867848779
13111,719,1,321.88000000000005,0,At Risk,321.88000000000005,1,632.9911809969891
13112,541,1,20.6,0,At Risk,20.6,1,40.51080628972901
13113,1,37,18625.73,1,Regular,503.3981081081081,0,36628.31747741719
13114,731,1,234.38,0,At Risk,234.38,1,460.918581465373
13115,12,10,5494.7,1,Regular,549.47,0,10805.569287387087
13116,138,1,501.14,1,Regular,501.14,1,985.5138574774171
13117,22,18,2643.81,1,Regular,146.87833333333333,0,5199.168678487788
13118,20,9,2415.41,1,Regular,268.37888888888887,0,4750.010030110405
13119,669,1,134.9,0,At Risk,134.9,1,265.28678487788557
13120,239,1,30.6,1,Regular,30.6,1,60.1762462361994
13121,269,1,283.73,0,At Risk,283.73,1,557.9675276012044
13122,94,2,922.39,1,Regular,461.195,1,1813.9205152224824
13123,473,2,506.75,0,At Risk,253.375,1,996.5461692873871
13124,90,4,4782.45,1,Regular,1195.6125,0,9404.898327199731
13125,524,1,158.57,0,At Risk,158.57,1,311.834881231181
13126,5,13,3998.25,1,Regular,307.5576923076923,0,7862.734526597524
13127,78,1,259.17,1,Regular,259.17,0,509.66920709267316
13128,631,1,263.5,0,At Risk,263.5,1,518.1843425894948
13129,452,2,233.25,0,At Risk,116.625,1,458.69638675142187
13130,94,1,64.0,1,Regular,64.0,1,125.8588156574105
13131,23,7,3313.77,1,Regular,473.3957142857143,0,6516.674493141519
13132,262,1,77.3,0,At Risk,77.3,1,152.01385078621612
13133,274,3,200.45,0,At Risk,66.81666666666666,1,394.19374372699895
13134,86,6,2475.23,1,Regular,412.53833333333336,0,4867.64869187019
13135,197,2,3371.45,1,Regular,1685.725,1,6630.10475075276
13136,56,13,6274.56,1,Regular,482.65846153846155,0,12339.198287052526
13137,11,16,7712.7,1,Regular,482.04375,0,15167.363867514217
13138,22,7,1467.24,1,Regular,209.6057142857143,0,2885.3920107059216
13139,16,8,8202.98,1,Regular,1025.3725,0,16131.521057209768
13140,108,5,1215.68,1,Regular,243.13600000000002,1,2390.688203412513
13141,85,17,7668.58,1,Regular,451.09294117647056,0,15080.599946470391
13142,19,1,307.09000000000003,1,Regular,307.09000000000003,0,603.9059953161593
13143,585,1,405.1,0,At Risk,405.1,1,796.6469722315156
13144,333,2,135.35,0,At Risk,67.675,1,266.17172967547674
13145,40,7,1423.52,1,Regular,203.35999999999999,0,2799.414707259953
13146,26,1,228.91,1,Regular,228.91,0,450.16158581465373
13147,10,4,712.8,1,Regular,178.2,0,1401.7525593844093
13148,29,26,8621.81,1,Regular,331.6080769230769,0,16955.168678487786
13149,14,4,1676.06,1,Regular,419.015,0,3296.0457276681163
13150,484,3,449.97,0,At Risk,149.99,1,884.8858012713282
13151,296,3,2580.74,0,At Risk,860.2466666666666,1,5075.138748745399
13152,417,7,2146.38,0,At Risk,306.6257142857143,1,4220.950699230512
13153,6,1,486.22,1,Regular,486.22,0,956.1730210772834
13154,399,3,1624.84,0,At Risk,541.6133333333333,1,3195.319344262295
13155,33,6,1750.18,1,Regular,291.69666666666666,0,3441.8059685513545
13156,385,3,1586.54,0,At Risk,528.8466666666667,1,3120.000709267313
13157,49,9,5687.36,1,Regular,631.9288888888889,0,11184.443653395783
13158,95,5,1508.18,1,Regular,301.636,1,2965.9023218467714
13159,9,4,1437.85,1,Regular,359.4625,0,2827.595282703245
13160,22,1,91.8,1,Regular,91.8,0,180.52873870859818
13161,313,2,478.88,0,At Risk,239.44,1,941.7385881565741
13162,122,16,9275.49,1,Regular,579.718125,1,18240.659156908663
13163,610,1,17.65,0,At Risk,17.65,1,34.70950150552024
13164,569,2,372.2,0,At Risk,186.1,1,731.9476748076279
13165,46,3,1451.16,1,Regular,483.72,0,2853.7699832719973
13166,283,2,884.18,0,At Risk,442.09,1,1738.778869187019
13167,19,5,1125.15,1,Regular,225.03000000000003,0,2212.656975577116
13168,36,5,1875.31,1,Regular,375.062,0,3687.879618601539
13169,64,3,840.08,1,Regular,280.0266666666667,0,1652.054279023085
13170,27,1,116.01,1,Regular,116.01,0,228.13876881900302
13171,22,3,468.41,1,Regular,156.13666666666668,0,921.1488725326197
13172,400,1,69.6,0,At Risk,69.6,1,136.87146202743392
13173,4,11,2639.35,1,Regular,239.9409090909091,0,5190.397892271662
13174,16,12,9494.84,1,Regular,791.2366666666667,0,18672.020582134493
13175,582,2,831.45,0,At Risk,415.725,1,1635.0830043492808
13176,46,1,492.84,1,Regular,492.84,0,969.1915423218467
13177,65,2,512.2,1,Regular,256.1,0,1007.2638340582135
13178,26,21,14059.19,1,Regular,669.4852380952382,0,27648.01566410171
13179,619,1,572.3100000000001,0,At Risk,572.3100000000001,1,1125.472793576447
13180,607,1,86.10000000000001,0,At Risk,86.10000000000001,1,169.3194379391101
13181,381,1,359.69,0,At Risk,359.69,1,707.3462094345934
13182,45,1,121.18,1,Regular,121.18,0,238.30580127132822
13183,8,15,7036.18,1,Regular,469.07866666666666,0,13836.957524255604
13184,15,10,1701.29,1,Regular,170.129,0,3345.661632653061
13185,268,1,71.4,0,At Risk,71.4,1,140.4112412177986
13186,40,3,1575.89,1,Regular,525.2966666666667,0,3099.0570157243233
13187,337,4,367.01,0,At Risk,91.7525,1,721.7413114754098
13188,11,1,114.6,1,Regular,114.6,0,225.36594178655068
13189,19,2,260.68,1,Regular,130.34,0,512.6386885245902
13190,544,3,570.66,0,At Risk,190.22,1,1122.2279959852792
13191,658,1,164.69,0,At Risk,164.69,1,323.8701304784209
13192,95,6,2558.58,1,Regular,426.43,1,5031.560133824021
13193,61,1,117.88,1,Regular,117.88,0,231.81620608899297
13194,136,2,472.78,1,Regular,236.39,1,929.7426697892271
13195,414,1,172.38,0,At Risk,172.38,1,338.9928537972566
13196,11,7,3068.84,1,Regular,438.4057142857143,0,6035.0088725326195
13197,610,1,373.0100000000001,0,At Risk,373.0100000000001,1,733.5405754432923
13198,10,8,4974.2300000000005,1,Regular,621.7787500000001,0,9782.042134493142
13199,4,67,16432.89,1,Regular,245.26701492537313,0,32316.001144195383
13200,19,4,870.09,1,Regular,217.5225,0,1711.0702643024424
13201,502,4,1240.61,0,At Risk,310.1525,1,2439.714145199063
13202,394,7,1580.3,0,At Risk,225.75714285714284,1,3107.729474740716
13203,10,10,2648.25,1,Regular,264.825,0,5207.900133824021
13204,731,1,966.66,0,At Risk,966.66,1,1900.9794178655068
13205,443,1,2803.2,0,At Risk,2803.2,1,5512.61612579458
13206,400,13,8377.32,0,At Risk,644.4092307692307,1,16474.368337236534
13207,15,4,535.86,1,Regular,133.965,0,1053.7922649715624
13208,59,9,1988.5,1,Regular,220.94444444444446,0,3910.472733355637
13209,30,13,8509.51,1,Regular,654.5776923076924,0,16734.325787888927
13210,94,1,353.48,1,Regular,353.48,1,695.1339712278354
13211,10,10,2729.32,1,Regular,272.932,0,5367.327855470057
13212,20,3,788.08,1,Regular,262.6933333333333,0,1549.7939913014384
13213,57,11,3851.52,1,Regular,350.1381818181818,0,7574.183526262964
13214,418,7,3264.23,0,At Risk,466.31857142857143,1,6419.251903646705
13215,402,1,81.6,0,At Risk,81.6,1,160.46998996319837
13216,268,1,333.74,0,At Risk,333.74,1,656.3143927735028
13217,122,4,666.48,1,Regular,166.62,1,1310.6622415523586
13218,127,1,62.64,1,Regular,62.64,1,123.18431582469053
13219,618,1,76.23,0,At Risk,76.23,1,149.9096487119438
13220,78,5,1336.09,1,Regular,267.21799999999996,0,2627.479765807962
13221,240,2,847.41,1,Regular,423.705,1,1666.4690465038473
13222,577,1,88.5,0,At Risk,88.5,1,174.03914352626296
13223,200,6,969.12,1,Regular,161.52,1,1905.8171160923387
13224,60,2,2155.95,1,Regular,1077.975,0,4239.770525259283
13225,3,16,16260.07,1,Regular,1016.254375,0,31976.14301104048
13226,273,2,312.46,0,At Risk,156.23,1,614.4663365674138
13227,202,1,257.7,1,Regular,257.7,1,506.77838742054195
13228,81,1,358.0,1,Regular,358.0,0,704.02275008364
13229,226,1,160.95,1,Regular,160.95,1,316.51525593844093
13230,4,30,6360.78,1,Regular,212.02599999999998,0,12508.753710270992
13232,13,7,1357.6,1,Regular,193.94285714285712,0,2669.7801271328203
13233,74,4,1176.46,1,Regular,294.115,0,2313.560347942456
13234,673,2,356.95,0,At Risk,178.475,1,701.9578788892605
13235,212,1,1031.07,1,Regular,1031.07,1,2027.6445165607224
13236,25,2,744.85,1,Regular,372.425,0,1464.780294412847
13237,388,1,643.0,0,At Risk,643.0,1,1264.487788558046
13238,17,6,1006.63,1,Regular,167.77166666666668,0,1979.5821813315492
13239,262,5,1594.69,1,Regular,318.938,1,3136.028042823687
13240,96,8,1738.52,1,Regular,217.315,1,3418.8760655737706
13241,412,1,115.58,0,At Risk,115.58,1,227.29315490130477
13242,112,7,699.4,1,Regular,99.91428571428571,1,1375.400869856139
13243,203,5,1278.04,1,Regular,255.608,1,2513.3218869187017
13244,93,1,121.74,1,Regular,121.74,1,239.40706590833054
13245,51,2,989.22,1,Regular,494.61,0,1945.344650384744
13246,18,11,3387.43,1,Regular,307.9481818181818,0,6661.530123787219
13247,18,4,501.12,1,Regular,125.28,0,985.4745265975242
13248,125,2,465.68,1,Regular,232.84,1,915.7802074272332
13249,92,9,1608.9299999999998,1,Regular,178.76999999999998,1,3164.03162930746
13250,461,2,256.04,0,At Risk,128.02,1,503.5139243894279
13251,402,1,252.68,0,At Risk,252.68,1,496.90633656741386
13252,394,2,399.3,0,At Risk,199.65,1,785.2410170625627
13253,157,4,2951.11,1,Regular,737.7775,1,5803.487648042824
13254,376,1,51.41,0,At Risk,51.41,1,101.10002676480427
13255,9,3,904.46,1,Regular,301.4866666666667,0,1778.6603813984611
13257,436,1,149.75,0,At Risk,149.75,1,294.4899631983941
13258,12,5,1035.18,1,Regular,207.036,0,2035.727012378722
13259,62,9,1433.38,1,Regular,159.26444444444445,0,2818.804831047173
13260,61,1,557.62,1,Regular,557.62,0,1096.584262295082
13261,269,2,944.1,0,At Risk,472.05,1,1856.6141853462698
13262,263,3,573.45,0,At Risk,191.15,1,1127.7146537303447
13263,1,39,8704.69,1,Regular,223.1971794871795,0,17118.155844764136
13264,443,1,722.5600000000001,0,At Risk,722.5600000000001,1,1420.9460287721647
13265,53,5,2107.66,1,Regular,421.532,0,4144.806115757779
13266,11,19,6135.04,1,Regular,322.89684210526315,0,12064.82606891937
13267,3,36,9758.26,1,Regular,271.0627777777778,0,19190.047601204416
13268,18,11,3214.69,1,Regular,292.24454545454546,0,6321.829314151891
13269,1,28,8891.7,1,Regular,317.5607142857143,0,17485.919237203078
13270,366,1,1180.0,0,At Risk,1180.0,1,2320.521913683506
13271,37,1,217.38,1,Regular,217.38,0,427.48733355637336
13272,31,2,276.56,1,Regular,138.28,0,543.8674071595851
13273,113,1,138.98,1,Regular,138.98,1,273.3102843760455
13274,409,1,360.85,0,At Risk,360.85,1,709.627400468384
13275,384,2,241.66,0,At Risk,120.83,1,475.23502174640345
13276,64,5,1939.26,1,Regular,387.852,0,3813.6401070592165
13277,16,7,523.3,1,Regular,74.75714285714285,0,1029.0924723987955
13278,41,4,1435.85,1,Regular,358.9625,0,2823.662194713951
13279,78,1,137.75,1,Regular,137.75,0,270.8914352626296
13280,122,7,2322.63,1,Regular,331.80428571428575,1,4567.554078287053
13281,439,1,350.85,0,At Risk,350.85,1,689.9619605219137
13282,18,4,1313.19,1,Regular,328.2975,0,2582.4459083305455
13283,60,4,373.36,1,Regular,93.34,0,734.2288658414185
13284,331,1,201.19,0,At Risk,201.19,1,395.6489862830378
13285,23,6,3364.59,1,Regular,560.765,0,6616.614258949481
13286,600,1,734.91,0,At Risk,734.91,1,1445.2328471060555
13287,603,3,781.59,0,At Risk,260.53000000000003,1,1537.0311207761795
13288,443,5,927.61,0,At Risk,185.522,1,1824.1858748745396
13289,724,1,307.95,0,At Risk,307.95,1,605.5972231515557
13290,438,1,208.63,0,At Risk,208.63,1,410.28007360321175
13291,156,11,3320.84,1,Regular,301.8945454545455,1,6530.5779591836745
13292,39,5,994.51,1,Regular,198.902,0,1955.747668116427
13293,392,6,1192.94,0,At Risk,198.82333333333335,1,2345.968992974239
13294,190,3,1689.53,1,Regular,563.1766666666666,1,3322.5350752760114
13295,360,4,1101.97,0,At Risk,275.4925,1,2167.072485781198
13296,137,6,792.51,1,Regular,132.085,1,1558.505781197725
13297,8,7,4368.62,1,Regular,624.0885714285714,0,8591.083425894947
13298,1,1,360.0,1,Regular,360.0,0,707.9558380729341
13299,268,3,1218.7,0,At Risk,406.23333333333335,1,2396.6271662763465
13300,169,3,1285.51,1,Regular,428.50333333333333,1,2528.0119705587153
13301,104,4,618.09,1,Regular,154.5225,1,1215.5011776513884
13302,155,2,159.2,1,Regular,79.6,1,313.0738039478086
13303,400,1,61.72,0,At Risk,61.72,1,121.37509534961525
13304,351,4,1217.99,0,At Risk,304.4975,1,2395.2309200401473
13305,4,16,3754.71,1,Regular,234.669375,0,7383.802402141184
13306,430,1,53.65,0,At Risk,53.65,1,105.50508531281365
13307,120,3,273.34,1,Regular,91.11333333333333,1,537.5351354968216
13308,23,4,1670.37,1,Regular,417.5925,0,3284.8560923385744
13309,7,6,1706.37,1,Regular,284.395,0,3355.651676145868
13310,28,5,1541.2,1,Regular,308.24,0,3030.8376045500167
13311,4,2,598.57,1,Regular,299.285,0,1177.1142388758783
13312,451,1,124.75,0,At Risk,124.75,1,245.32636333221814
13313,22,12,3445.32,1,Regular,287.11,0,6775.373355637337
13314,2,3,775.94,1,Regular,258.6466666666667,0,1525.9201472064237
13315,689,1,310.26000000000005,0,At Risk,310.26000000000005,1,610.1399397791904
13316,37,10,13191.57,1,Regular,1319.157,0,25941.80276346604
13317,66,19,6486.091,1,Regular,341.3732105263158,0,12755.183304784208
13318,1,3,640.76,1,Regular,213.58666666666667,0,1260.0827300100368
13319,5,58,22082.5,1,Regular,380.73275862068965,0,43426.207761793245
13320,78,6,2228.1,1,Regular,371.34999999999997,0,4381.656674473068
13321,72,2,567.36,1,Regular,283.68,0,1115.7384008029442
13322,17,1,199.48,1,Regular,199.48,0,392.2861960521913
13323,3,5,787.85,1,Regular,157.57,0,1549.3416861826695
13324,36,18,10513.47,1,Regular,584.0816666666666,0,20675.201291401805
13325,82,1,675.3,1,Regular,675.3,0,1328.0071595851455
13326,432,1,281.76,0,At Risk,281.76,1,554.0934359317497
13327,39,20,9879.48,1,Regular,493.974,0,19428.43206423553
13328,316,1,1308.48,0,At Risk,1308.48,1,2573.1834861157577
13329,32,8,5112.97,1,Regular,639.12125,0,10054.880448310472
13330,93,6,2806.18,1,Regular,467.69666666666666,1,5518.476426898628
13331,402,1,262.4,0,At Risk,262.4,1,516.021144195383
13332,14,1,350.90000000000003,1,Regular,350.90000000000003,0,690.0602877216461
13333,411,3,1015.74,0,At Risk,338.58,1,1997.4973971227835
13334,82,5,6263.75,1,Regular,1252.75,0,12317.939946470391
13336,77,1,795.12,1,Regular,795.12,0,1563.6384610237537
13337,546,1,1575.26,0,At Risk,1575.26,1,3097.8180930076946
13338,158,4,2445.62,1,Regular,611.405,1,4809.4193241886915
13339,201,1,860.12,1,Regular,860.12,1,1691.4638206758113
13340,45,12,22100.56,1,Regular,1841.7133333333334,0,43461.72354633657
13341,261,1,775.85,0,At Risk,775.85,1,1525.7431582469053
13343,178,1,353.43,1,Regular,353.43,1,695.0356440281031
13344,68,3,2543.7200000000003,1,Regular,847.9066666666668,0,5002.337290063567
13345,288,1,389.5,0,At Risk,389.5,1,765.9688859150217
13346,463,6,299.4,0,At Risk,49.9,1,588.7832719973235
13347,70,1,341.36,1,Regular,341.36,0,671.2994580127133
13348,64,1,233.76,1,Regular,233.76,0,459.69932418869183
13349,11,1,247.32,1,Regular,247.32,0,486.3656607561057
13350,16,2,979.12,1,Regular,489.56,0,1925.482556038809
13351,66,1,373.94,1,Regular,373.94,0,735.3694613583137
13352,60,1,397.98,1,Regular,397.98,0,782.6451789896287
13354,71,1,743.53,1,Regular,743.53,0,1462.184456339913
13355,122,1,674.7,1,Regular,674.7,1,1326.8272331883575
13356,80,1,768.24,1,Regular,768.24,0,1510.7777584476414
13357,257,5,3838.36,1,Regular,767.672,1,7548.30380729341
13358,269,1,439.03,0,At Risk,439.03,1,863.3718099698896
13359,64,2,1043.31,1,Regular,521.655,0,2051.7150150552025
13360,432,4,1553.65,0,At Risk,388.4125,1,3055.3210772833727
13361,472,2,1450.5,0,At Risk,725.25,1,2852.47206423553
13362,9,7,5394.07,1,Regular,770.5814285714285,0,10607.675965205754
13363,18,3,1723.86,1,Regular,574.62,0,3390.046530612245
13364,71,1,134.96,1,Regular,134.96,0,265.4047775175644
13365,34,2,2225.37,1,Regular,1112.685,0,4376.288009367681
13366,50,1,56.16,1,Regular,56.16,0,110.4411107393777
13367,432,1,510.2,0,At Risk,510.2,1,1003.3307460689193
13368,257,4,1121.5,1,Regular,280.375,1,2205.4790899966542
13369,366,1,616.5600000000001,0,At Risk,616.5600000000001,1,1212.4923653395786
13370,372,1,1509.74,0,At Risk,1509.74,1,2968.9701304784207
13371,505,2,2297.66,0,At Risk,1148.83,1,4518.449474740715
13372,90,1,378.64,1,Regular,378.64,0,744.6122181331549
13373,61,6,7587.19,1,Regular,1264.5316666666665,0,14920.542930746065
13374,415,2,422.8,0,At Risk,211.4,1,831.4548009367682
13375,89,2,1792.23,1,Regular,896.115,0,3524.4991435262627
13376,99,3,1019.76,1,Regular,339.92,1,2005.4029039812647
13377,397,2,1552.88,0,At Risk,776.44,1,3053.8068384074945
13379,26,3,572.56,1,Regular,190.85333333333332,0,1125.9644295751086
13380,433,1,62.4,0,At Risk,62.4,1,122.71234526597524
13381,32,12,8224.37,1,Regular,685.3641666666667,0,16173.58543325527
13382,281,5,1387.58,0,At Risk,277.51599999999996,1,2728.7371160923385
13383,544,1,305.28000000000003,0,At Risk,305.28000000000003,1,600.3465506858481
13384,31,11,6680.83,1,Regular,607.3481818181818,0,13138.146115757778
13385,330,1,534.57,0,At Risk,534.57,1,1051.2554232184677
13386,414,2,835.46,0,At Risk,417.73,1,1642.9688457678153
13387,417,1,189.44,0,At Risk,189.44,1,372.5420943459351
13388,131,3,1185.65,1,Regular,395.2166666666667,1,2331.632887253262
13389,11,3,797.96,1,Regular,265.9866666666667,0,1569.2234459685515
13390,75,1,544.08,1,Regular,544.08,0,1069.957256607561
13391,204,1,59.8,1,Regular,59.8,1,117.59933087989293
13392,677,1,91.14,0,At Risk,91.14,1,179.23081967213113
13393,584,4,1131.45,0,At Risk,282.8625,1,2225.0462027433923
13394,2,19,6621.7,1,Regular,348.5105263157895,0,13021.8643693543
13395,185,3,1180.23,1,Regular,393.41,1,2320.974218802275
13396,29,2,1360.99,1,Regular,680.495,0,2676.446711274674
13397,73,10,3191.87,1,Regular,319.187,0,6276.952780194045
13398,192,2,670.34,1,Regular,335.17,1,1318.2531013716962
13399,464,3,275.4,0,At Risk,91.8,1,541.5862161257945
13400,583,1,310.83,0,At Risk,310.83,1,611.2608698561392
13402,127,4,1535.13,1,Regular,383.7825,1,3018.9006825025094
13403,18,3,229.5,1,Regular,76.5,0,451.3218467714955
13404,1,2,252.49,1,Regular,126.245,0,496.53269320843094
13405,74,6,1213.811,1,Regular,202.30183333333332,0,2387.012732686517
13406,427,2,568.92,0,At Risk,284.46,1,1118.8062094345935
13407,579,3,2244.7,0,At Risk,748.2333333333332,1,4414.301304784209
13408,2,106,51733.462,2,VIP,488.0515283018868,0,101736.1290184008
13410,24,9,2201.96,1,Regular,244.66222222222223,0,4330.251214452995
13411,107,1,213.55,1,Regular,213.55,1,419.95547005687524
13412,620,1,487.35,0,At Risk,487.35,1,958.3952157912346
13413,640,6,429.44,0,At Risk,71.57333333333334,1,844.5126530612246
13414,134,6,2494.14,1,Regular,415.69,1,4904.836038808966
13415,473,4,800.67,0,At Risk,200.1675,1,1574.5527801940448
13416,44,3,940.8,1,Regular,313.59999999999997,0,1850.1245901639343
13417,5,6,1669.49,1,Regular,278.24833333333333,0,3283.1255336232853
13418,12,31,12233.6,1,Regular,394.6322580645161,0,24057.912612914017
13419,64,1,221.06,1,Regular,221.06,0,434.7242154566745
13420,150,2,159.85,1,Regular,79.925,1,314.35205754432917
13421,40,8,4103.12,1,Regular,512.89,0,8068.965995316159
13422,64,1,2626.3,1,Regular,2626.3,0,5164.734493141519
13423,429,1,217.03,0,At Risk,217.03,1,426.7990431582469
13424,450,1,572.77,0,At Risk,572.77,1,1126.3774038139845
13425,108,5,3403.63,1,Regular,680.726,1,6693.388136500502
13426,1,22,8167.38,1,Regular,371.24454545454546,0,16061.512091000335
13427,19,6,1006.53,1,Regular,167.755,0,1979.3855269320843
13428,10,3,499.98,1,Regular,166.66,0,983.2326664436266
13429,11,4,1006.8,1,Regular,251.7,0,1979.916493810639
13430,19,2,679.45,1,Regular,339.725,0,1336.1683171629309
13431,67,8,3316.24,1,Regular,414.53,0,6521.531856808297
13432,571,2,439.1,0,At Risk,219.55,1,863.5094680495149
13433,501,4,658.32,0,At Risk,164.58,1,1294.615242556039
13434,74,5,1666.86,1,Regular,333.37199999999996,0,3277.953522917363
13435,5,9,4475.2300000000005,1,Regular,497.24777777777786,0,8800.73668116427
13436,2,1,196.89,1,Regular,196.89,0,387.1928471060555
13437,14,7,3408.06,1,Regular,486.86571428571426,0,6702.099926396788
13438,547,1,46.5,0,At Risk,46.5,1,91.44429575108732
13439,255,3,986.61,1,Regular,328.87,1,1940.2119705587154
13440,423,7,1295.25,0,At Risk,185.03571428571428,1,2547.1661090665775
13441,92,2,720.9,1,Regular,360.45,1,1417.6815657410505
13442,667,3,419.87,0,At Risk,139.95666666666668,1,825.6928270324523
13443,449,6,1280.16,0,At Risk,213.36,1,2517.4909601873537
13444,374,2,631.68,0,At Risk,315.84,1,1242.2265105386416
13445,626,1,241.9,0,At Risk,241.9,1,475.7069923051188
13446,430,11,3881.89,0,At Risk,352.8990909090909,1,7633.907467380394
13447,23,3,1129.14,1,Regular,376.38000000000005,0,2220.503486115758
13448,17,13,9240.87,1,Regular,710.8361538461539,0,18172.577403813986
13449,24,1,291.88,1,Regular,291.88,0,573.9948611575778
13450,27,13,4120.04,1,Regular,316.92615384615385,0,8102.2399197055865
13451,26,11,7190.92,1,Regular,653.72,0,14141.260541987287
13452,259,3,729.8,0,At Risk,243.26666666666665,1,1435.183807293409
13453,166,3,781.69,1,Regular,260.56333333333333,1,1537.2277751756442
13454,641,1,219.87,0,At Risk,219.87,1,432.3840281030445
13455,25,6,2905.93,1,Regular,484.32166666666666,0,5714.63919036467
13456,18,6,1766.72,1,Regular,294.4533333333333,0,3474.3326062228166
13457,689,2,148.22,0,At Risk,74.11,1,291.48115088658415
13458,7,16,11959.27,1,Regular,747.454375,0,23518.430598862495
13459,625,2,1160.41,0,At Risk,580.205,1,2281.997316828371
13460,29,2,183.44,1,Regular,91.72,0,360.7428303780529
13461,39,6,4160.0,1,Regular,693.3333333333334,0,8180.823017731683
13462,253,5,1153.85,1,Regular,230.76999999999998,1,2269.096788223486
13464,58,6,3097.64,1,Regular,516.2733333333333,0,6091.645339578454
13465,446,2,931.12,0,At Risk,465.56,1,1831.088444295751
13466,184,5,1013.35,1,Regular,202.67000000000002,1,1992.7973569755773
13467,11,2,1083.71,1,Regular,541.855,0,2131.163392438943
13468,2,72,13390.51,1,Regular,185.97930555555556,0,26333.027025761123
13469,653,1,82.4,0,At Risk,82.4,1,162.04322515891604
13470,99,2,165.0,1,Regular,82.5,1,324.47975911676144
13471,1,4,2531.58,1,Regular,632.895,0,4978.463445968551
13472,464,2,592.24,0,At Risk,296.12,1,1164.6660153897624
13473,61,8,2657.76,1,Regular,332.22,0,5226.601967213115
13474,236,3,663.79,1,Regular,221.26333333333332,1,1305.372238206758
13475,191,4,1431.78,1,Regular,357.945,1,2815.6583606557374
13476,179,5,2061.4700000000003,1,Regular,412.29400000000004,1,4053.971448645032
13477,38,11,2834.17,1,Regular,257.6518181818182,0,5573.5199933088
13478,469,5,2215.78,0,At Risk,443.15600000000006,1,4357.4288524590165
13479,201,4,851.37,1,Regular,212.8425,1,1674.2565607226497
13480,417,2,627.82,0,At Risk,313.91,1,1234.6356507193043
13481,46,11,3830.84,1,Regular,348.2581818181818,0,7533.515396453664
13482,232,2,336.09,1,Regular,168.045,1,660.9357711609233
13483,66,1,140.34,1,Regular,140.34,0,275.98478420876546
13484,241,3,790.72,1,Regular,263.5733333333333,1,1554.985667447307
13485,233,11,3019.2200000000003,1,Regular,274.4745454545455,1,5937.428959518234
13486,78,3,1122.41,1,Regular,374.1366666666667,0,2207.2686450317833
13487,58,5,846.87,1,Regular,169.374,0,1665.407112746738
13488,17,23,15587.88,1,Regular,677.7339130434782,0,30654.251803278687
13489,105,4,449.52,1,Regular,112.38,1,884.000856473737
13490,654,1,154.25,0,At Risk,154.25,1,303.3394111743058
13491,52,27,4566.56,1,Regular,169.13185185185188,0,8980.341144195383
13492,136,3,1269.84,1,Regular,423.28,1,2497.196226162596
13493,275,2,618.63,0,At Risk,309.315,1,1216.563111408498
13494,312,1,316.26000000000005,0,At Risk,316.26000000000005,1,621.9392037470727
13495,8,10,5374.26,1,Regular,537.426,0,10568.718728671796
13496,11,2,653.33,1,Regular,326.665,0,1284.8021880227502
13497,283,6,1320.3300000000002,0,At Risk,220.05500000000004,1,2596.4870324523254
13498,730,1,327.38,0,At Risk,327.38,1,643.8071729675477
13499,18,5,1159.11,1,Regular,231.82199999999997,0,2279.4408096353295
13500,23,4,1466.3,1,Regular,366.575,0,2883.5434593509535
13501,288,3,2885.11,0,At Risk,961.7033333333334,1,5673.695744396119
13502,17,5,780.5,1,Regular,156.1,0,1534.887587822014
13503,71,6,1905.39,1,Regular,317.565,0,3747.0332619605215
13504,64,1,295.93,1,Regular,295.93,0,581.9593643358983
13505,73,4,4393.63,1,Regular,1098.4075,0,8640.26669120107
13506,316,5,1639.2,0,At Risk,327.84000000000003,1,3223.558916025427
13507,3,4,2479.16,1,Regular,619.79,0,4875.3772097691535
13508,244,2,287.05,1,Regular,143.525,1,564.4964536634326
13509,9,8,1114.72,1,Regular,139.34,0,2192.1459217129477
13510,1,11,4558.29,1,Regular,414.39,0,8964.077825359653
13511,677,1,282.76,0,At Risk,282.76,1,556.0599799263967
13512,261,4,713.39,1,Regular,178.3475,1,1402.9128203412513
13513,127,3,824.59,1,Regular,274.86333333333334,1,1621.5925125460021
13514,74,4,815.9000000000001,1,Regular,203.97500000000002,0,1604.5032452325195
13515,73,6,1265.82,1,Regular,210.97,0,2489.290719304115
13516,21,4,1685.26,1,Regular,421.315,0,3314.1379324188692
13517,60,3,2128.42,1,Regular,709.4733333333334,0,4185.631569086651
13518,86,1,659.44,1,Regular,659.44,0,1296.8177718300435
13519,78,2,343.21,1,Regular,171.605,0,674.9375644028103
13520,59,11,6909.4,1,Regular,628.1272727272727,0,13587.639076614252
13521,1,3,1093.65,1,Regular,364.55,0,2150.7108397457346
13522,30,1,125.8,1,Regular,125.8,0,247.39123452659751
13523,33,6,5101.52,1,Regular,850.2533333333334,0,10032.363519571763
13524,41,5,680.1800000000001,1,Regular,136.036,0,1337.6038942790233
13525,15,2,628.78,1,Regular,314.39,0,1236.5235329541651
13526,738,2,1182.0,0,At Risk,591.0,1,2324.4550016728003
13527,34,12,4683.74,1,Regular,390.31166666666667,0,9210.780769488123
13529,79,2,307.76,1,Regular,153.88,0,605.2235797925728
13530,634,1,402.98,0,At Risk,402.98,1,792.4778989628638
13531,205,6,1738.52,1,Regular,289.75333333333333,1,3418.8760655737706
13532,34,1,210.31,1,Regular,210.31,0,413.5838675142188
13533,183,3,270.79,1,Regular,90.26333333333334,1,532.5204483104718
13534,2,35,7720.900000000001,1,Regular,220.59714285714287,0,15183.489528270326
13535,403,1,89.5,0,At Risk,89.5,1,176.00568752091
13536,1,7,3448.29,1,Regular,492.61285714285714,0,6781.213991301438
13537,426,2,717.85,0,At Risk,358.925,1,1411.683606557377
13538,43,12,3112.73,1,Regular,259.39416666666665,0,6121.320488457677
13539,86,7,1569.36,1,Regular,224.1942857142857,0,3086.2154834392772
13540,467,3,632.39,0,At Risk,210.79666666666665,1,1243.622756774841
13541,427,2,785.25,0,At Risk,392.625,1,1544.2286717965874
13542,377,17,4006.17,0,At Risk,235.6570588235294,1,7878.309555035129
13543,634,2,1439.61,0,At Risk,719.805,1,2831.056400133824
13544,40,6,829.0,1,Regular,138.16666666666666,0,1630.2649715623954
13545,391,2,374.64,0,At Risk,187.32,1,736.7460421545667
13546,12,5,1092.14,1,Regular,218.42800000000003,0,2147.7413583138173
13547,408,1,175.53,0,At Risk,175.53,1,345.18746738039476
13548,96,3,908.99,1,Regular,302.99666666666667,1,1787.5688256942121
13549,26,8,1005.8,1,Regular,125.725,0,1977.9499498159919
13550,383,1,349.51,0,At Risk,349.51,1,687.3267915690866
13551,319,2,244.2,0,At Risk,122.1,1,480.23004349280694
13552,66,22,6978.92,1,Regular,317.2236363636364,0,13724.353215122113
13553,675,1,517.8,0,At Risk,517.8,1,1018.2764804282367
13554,380,7,1638.28,0,At Risk,234.04,1,3221.749695550351
13555,74,13,8999.19,1,Regular,692.2453846153846,0,17697.30305118769
13556,429,2,200.82,0,At Risk,100.41,1,394.9213650050184
13557,28,13,3032.26,1,Regular,233.25076923076924,0,5963.072693208431
13558,6,4,605.06,1,Regular,151.265,0,1189.8771094011374
13559,513,2,990.0,0,At Risk,495.0,1,1946.8785547005687
13560,7,1,174.37,1,Regular,174.37,0,342.9062763466042
13561,216,11,1820.72,1,Regular,165.52,1,3580.525981933757
13562,82,8,4838.18,1,Regular,604.7725,0,9514.493824021412
13563,84,2,777.53,1,Regular,388.765,0,1529.0469521579123
13564,144,37,17249.55,1,Regular,466.20405405405404,1,33921.99896286383
13565,19,3,414.8,1,Regular,138.26666666666668,0,815.722448979592
13566,41,5,1708.12,1,Regular,341.62399999999997,0,3359.0931281365
13567,428,4,1083.69,0,At Risk,270.9225,1,2131.12406155905
13568,173,1,192.85,1,Regular,192.85,1,379.2480093676815
13569,17,4,893.78,1,Regular,223.445,0,1757.6576915356306
13570,243,1,239.49,1,Regular,239.49,1,470.9676212780194
13571,13,26,4546.54,1,Regular,174.8669230769231,0,8940.97093342255
13572,206,1,1384.25,1,Regular,1384.25,1,2722.188524590164
13573,50,6,916.47,1,Regular,152.745,0,1802.278574774172
13574,411,1,421.25,0,At Risk,421.25,1,828.4066577450652
13575,23,5,732.07,1,Regular,146.41400000000002,0,1439.647862161258
13576,10,28,11551.74,1,Regular,412.5621428571429,0,22717.004924723988
13577,25,11,3489.28,1,Regular,317.20727272727277,0,6861.822629642022
13578,409,1,147.66,0,At Risk,147.66,1,290.3798862495818
13579,15,5,1539.04,1,Regular,307.808,0,3026.589869521579
13580,406,1,107.75,0,At Risk,107.75,1,211.89511542321847
13581,309,2,280.53000000000003,0,At Risk,140.26500000000001,1,551.674586818334
13582,390,2,241.68,0,At Risk,120.84,1,475.27435262629643
13583,156,2,1445.031,1,Regular,722.5155,1,2841.7170351288055
13584,307,3,392.45,0,At Risk,130.81666666666666,1,771.7701906992305
13585,531,3,684.54,0,At Risk,228.17999999999998,1,1346.1780260956841
13586,541,1,131.53,0,At Risk,131.53,1,258.65953161592506
13587,64,4,1673.5,1,Regular,418.375,0,3291.01137504182
13588,16,9,2478.95,1,Regular,275.43888888888887,0,4874.964235530278
13589,15,6,1120.74,1,Regular,186.79,0,2203.9845165607226
13590,11,18,6349.59,1,Regular,352.755,0,12486.748082970893
13591,65,7,2093.94,1,Regular,299.13428571428574,0,4117.825132151222
13592,36,4,247.96,1,Regular,61.99,0,487.62424891267983
13593,108,14,5523.6900000000005,1,Regular,394.54928571428576,1,10862.579397791904
13594,53,2,533.32,1,Regular,266.66,0,1048.797243225159
13595,517,3,818.22,0,At Risk,272.74,1,1609.0656273001005
13596,6,2,697.04,1,Regular,348.52,0,1370.759826028772
13597,400,2,396.71,0,At Risk,198.355,1,780.1476681164269
13598,47,5,789.59,1,Regular,157.918,0,1552.7634727333557
13599,1,33,10167.63,1,Regular,308.10999999999996,0,19995.09171629307
13600,312,2,518.42,0,At Risk,259.21,1,1019.4957377049179
13601,45,4,1185.14,1,Regular,296.285,0,2330.629949815992
13602,65,4,1025.17,1,Regular,256.2925,0,2016.0419069923053
13603,26,1,164.34,1,Regular,164.34,0,323.1818400802944
13604,659,1,717.62,0,At Risk,717.62,1,1411.2313014386082
13605,387,2,522.67,0,At Risk,261.335,1,1027.8535496821678
13606,29,3,280.54,1,Regular,93.51333333333334,0,551.6942522582804
13607,40,2,1078.31,1,Regular,539.155,0,2120.5440548678484
13608,541,1,236.2,0,At Risk,236.2,1,464.4976915356306
13609,593,1,167.35,0,At Risk,167.35,1,329.10113750418196
13610,12,14,2175.88,1,Regular,155.42000000000002,0,4278.963747072599
13611,89,10,3319.53,1,Regular,331.95300000000003,0,6528.001786550686
13612,633,1,818.29,0,At Risk,818.29,1,1609.2032853797255
13613,453,5,1039.85,0,At Risk,207.96999999999997,1,2044.9107728337235
13614,24,6,2359.19,1,Regular,393.1983333333333,0,4639.450926731348
13615,319,8,6272.53,0,At Risk,784.06625,1,12335.206202743391
13616,568,2,288.1,0,At Risk,144.05,1,566.561324857812
13617,40,8,1278.75,1,Regular,159.84375,0,2514.7181331549014
13618,174,1,177.34,1,Regular,177.34,1,348.7469120107059
13619,545,2,231.69,0,At Risk,115.845,1,455.6285781197725
13620,528,1,112.34,0,At Risk,112.34,1,220.92155235864837
13621,117,1,213.85,1,Regular,213.85,1,420.5454332552693
13622,696,1,658.95,0,At Risk,658.95,1,1295.8541652726665
13623,31,10,2566.49,1,Regular,256.649,0,5047.115496821679
13624,388,1,462.08,0,At Risk,462.08,1,908.7006490465038
13625,597,1,301.26,0,At Risk,301.26,1,592.441043827367
13626,253,2,707.04,1,Regular,353.52,1,1390.4252659752424
13627,59,7,2245.9,1,Regular,320.84285714285716,0,4416.661157577785
13628,676,1,310.14,0,At Risk,310.14,1,609.9039544998327
13629,23,19,13370.86,1,Regular,703.7294736842106,0,26294.38443626631
13630,5,7,2031.78,1,Regular,290.2542857142857,0,3995.584757443961
13631,100,11,3070.42,1,Regular,279.1290909090909,1,6038.116012044162
13632,25,8,3648.15,1,Regular,456.01875,0,7174.247474071596
13634,33,16,5073.47,1,Regular,317.091875,0,9977.201960521914
13635,68,4,2999.16,1,Regular,749.79,0,5897.9800869856135
13636,37,5,949.12,1,Regular,189.824,0,1866.486236199398
13637,52,3,810.5,1,Regular,270.1666666666667,0,1593.8839076614252
13638,16,1,122.64,1,Regular,122.64,0,241.1769555035129
13639,74,2,1346.27,1,Regular,673.135,0,2647.4991836734694
13640,611,1,405.0,0,At Risk,405.0,1,796.4503178320508
13641,641,5,1016.47,0,At Risk,203.294,1,1998.9329742388759
13642,216,4,514.72,1,Regular,128.68,1,1012.219524924724
13643,31,10,2156.77,1,Regular,215.677,0,4241.383091334895
13644,16,4,2624.26,1,Regular,656.065,0,5160.722743392439
13645,120,1,252.1,1,Regular,252.1,1,495.76574105051856
13646,400,2,326.25,0,At Risk,163.125,1,641.5849782535965
13647,10,8,3071.68,1,Regular,383.96,0,6040.593857477416
13648,400,8,1764.02,0,At Risk,220.5025,1,3469.02293743727
13649,257,6,1678.88,1,Regular,279.81333333333333,1,3301.591381733021
13650,17,10,3288.0,1,Regular,328.8,0,6465.996654399464
13651,35,3,226.85,1,Regular,75.61666666666666,0,446.1105051856808
13652,46,5,2570.85,1,Regular,514.17,0,5055.68962863834
13653,488,1,152.2,0,At Risk,152.2,1,299.3079959852793
13654,43,11,6308.0,1,Regular,573.4545454545455,0,12404.959518233523
13655,114,6,2280.51,1,Regular,380.08500000000004,1,4484.72324523252
13656,165,4,1078.85,1,Regular,269.7125,1,2121.605988624958
13657,11,2,382.14,1,Regular,191.07,0,751.4951221144195
13658,10,9,6025.5,1,Regular,669.5,0,11849.410839745735
13659,206,12,4894.88,1,Regular,407.9066666666667,1,9625.9968685179
13660,400,1,314.59,0,At Risk,314.59,1,618.655075276012
13661,603,1,325.24,0,At Risk,325.24,1,639.598768819003
13662,86,11,2250.11,1,Regular,204.55545454545455,0,4424.940307795249
13663,179,5,2047.51,1,Regular,409.502,1,4026.518494479759
13665,386,3,1711.66,0,At Risk,570.5533333333334,1,3366.0546938775515
13666,60,5,127.9,1,Regular,25.580000000000002,0,251.5209769153563
13667,149,1,305.02,1,Regular,305.02,1,599.8352492472399
13668,3,35,13089.94,1,Regular,373.9982857142857,0,25741.942897290064
13669,51,3,413.55,1,Regular,137.85,0,813.2642689862829
13670,75,1,349.7,1,Regular,349.7,0,687.7004349280695
13671,395,1,194.95,0,At Risk,194.95,1,383.37775175644026
13672,301,3,419.92,0,At Risk,139.97333333333333,1,825.7911542321846
13673,19,2,396.92,1,Regular,198.46,0,780.5606423553028
13674,433,1,240.68,0,At Risk,240.68,1,473.3078086316494
13675,151,2,486.8200000000001,1,Regular,243.41000000000005,1,957.3529474740718
13676,539,2,243.9,0,At Risk,121.95,1,479.6400802944128
13677,405,2,556.1899999999999,0,At Risk,278.09499999999997,1,1093.7721043827366
13678,152,1,232.6,1,Regular,232.6,1,457.4181331549013
13679,494,3,281.26,0,At Risk,93.75333333333333,1,553.1101639344262
13680,1,12,11435.67,1,Regular,952.9725,0,22488.748163265307
13681,18,4,827.83,1,Regular,206.9575,0,1627.9641150886584
13682,187,1,59.5,1,Regular,59.5,1,117.00936768149883
13683,458,1,258.6,0,At Risk,258.6,1,508.54827701572435
13684,286,4,596.98,0,At Risk,149.245,1,1173.9874339243895
13685,3,7,3119.44,1,Regular,445.63428571428574,0,6134.51599866176
13686,183,3,409.04,1,Regular,136.34666666666666,1,804.3951555704248
13687,438,1,11880.84,0,At Risk,11880.84,1,23364.19455336233
13688,635,1,375.5,0,At Risk,375.5,1,738.4372699899632
13689,63,2,1259.5,1,Regular,629.75,0,2476.862161257946
13690,59,1,172.25,1,Regular,172.25,0,338.7372030779525
13691,396,1,212.78,0,At Risk,212.78,1,418.44123118099697
13692,25,5,3114.4,1,Regular,622.88,0,6124.604616928738
13693,374,9,2011.82,0,At Risk,223.53555555555556,1,3956.3325393108066
13694,4,143,196482.81,2,VIP,1374.0056643356643,0,386392.0900568752
13695,31,16,2770.73,1,Regular,173.170625,0,5448.762442288391
13696,422,3,2020.4,0,At Risk,673.4666666666667,1,3973.205486784878
13697,39,1,151.3,1,Regular,151.3,0,297.538106390097
13698,597,2,465.53,0,At Risk,232.765,1,915.485225828036
13699,155,2,764.15,1,Regular,382.075,1,1502.734593509535
13700,26,13,2613.46,1,Regular,201.03538461538463,0,5139.484068250251
13701,447,1,161.0,0,At Risk,161.0,1,316.6135831381733
13702,446,1,135.18,0,At Risk,135.18,1,265.83741719638675
13703,318,2,425.56,0,At Risk,212.78,1,836.8824623619939
13704,5,9,2308.06,1,Regular,256.4511111111111,0,4538.901532285045
13705,8,7,2035.33,1,Regular,290.76142857142855,0,4002.5659886249578
13706,303,2,631.1700000000001,0,At Risk,315.58500000000004,1,1241.2235731013718
13707,267,5,3365.86,1,Regular,673.172,1,6619.1117698226835
13708,271,1,296.88,0,At Risk,296.88,1,583.827581130813
13709,4,18,7591.75,1,Regular,421.7638888888889,0,14929.510371361659
13710,32,3,509.52,1,Regular,169.84,0,1001.9934961525594
13711,219,9,1792.26,1,Regular,199.14,1,3524.5581398461018
13712,247,2,766.42,1,Regular,383.21,1,1507.1986483773837
13713,408,3,743.26,0,At Risk,247.75333333333333,1,1461.6534894613583
13714,465,1,161.35,0,At Risk,161.35,1,317.30187353629975
13715,281,17,8483.29,1,Regular,499.01705882352945,1,16682.763004349283
13716,269,1,138.28,0,At Risk,138.28,1,271.93370357979256
13717,32,8,1763.3,1,Regular,220.4125,0,3467.607025761124
13718,246,2,306.55,1,Regular,153.275,1,602.8440615590498
13719,15,11,2815.25,1,Regular,255.9318181818182,0,5536.312980930077
13720,117,4,799.9,1,Regular,199.975,1,1573.0385413181666
13721,36,2,741.54,1,Regular,370.77,0,1458.2710337905653
13722,132,10,5635.41,1,Regular,563.5409999999999,1,11082.28169287387
13723,217,6,1209.2,1,Regular,201.53333333333333,1,2377.9449983271998
13724,637,1,213.01,0,At Risk,213.01,1,418.8935362997658
13725,50,8,1980.56,1,Regular,247.57,0,3894.8583740381396
13726,39,2,1079.66,1,Regular,539.83,0,2123.1988892606223
13727,29,8,1080.05,1,Regular,135.00625,0,2123.9658414185346
13728,37,16,2855.17,1,Regular,178.448125,0,5614.8174171963865
13729,436,3,724.73,0,At Risk,241.57666666666668,1,1425.2134292405487
13730,136,2,752.6,1,Regular,376.3,1,1480.0210103713616
13731,219,2,610.59,1,Regular,305.295,1,1200.7520976915357
13732,28,1,491.86,1,Regular,491.86,0,967.2643292070927
13733,411,2,487.03,0,At Risk,243.515,1,957.7659217129474
13734,509,4,6701.640000000001,0,At Risk,1675.4100000000003,1,13179.069896286386
13735,25,13,9813.22,1,Regular,754.8630769230768,0,19298.128859150216
13736,5,7,2766.21,1,Regular,395.17285714285714,0,5439.873663432586
13737,200,1,339.6,1,Regular,339.6,1,667.8383405821345
13738,396,1,440.93,0,At Risk,440.93,1,867.108243559719
13739,18,2,292.2,1,Regular,146.1,0,574.6241552358648
13740,241,5,1597.77,1,Regular,319.554,1,3142.0849983271996
13741,72,3,668.4300000000001,1,Regular,222.81000000000003,0,1314.4970023419205
13742,17,12,3131.02,1,Regular,260.91833333333335,0,6157.288578119773
13743,3,7,1341.6,1,Regular,191.65714285714284,0,2638.3154232184675
13744,95,2,1156.36,1,Regular,578.18,1,2274.03281365005
13745,162,2,777.36,1,Regular,388.68,1,1528.7126396788224
13746,414,1,176.69,0,At Risk,176.69,1,347.4686584141853
13747,374,2,249.4,0,At Risk,124.7,1,490.45607226497157
13748,96,9,2268.35,1,Regular,252.0388888888889,1,4460.810070257611
13750,54,11,3602.18,1,Regular,327.47090909090906,0,7083.845446637671
13751,288,1,296.25,0,At Risk,296.25,1,582.5886584141854
13752,124,7,1590.73,1,Regular,227.24714285714285,1,3128.2405286048847
13753,288,4,2094.57,0,At Risk,523.6425,1,4119.064054867849
13754,152,3,447.05,1,Regular,149.01666666666668,1,879.143492806959
13755,4,9,2161.35,1,Regular,240.14999999999998,0,4250.389862830378
13756,2,23,9207.5,1,Regular,400.32608695652175,0,18106.953830712613
13757,675,1,195.55,0,At Risk,195.55,1,384.5576781532285
13758,12,15,9416.98,1,Regular,627.7986666666667,0,18518.905466711272
13759,33,2,659.4100000000001,1,Regular,329.70500000000004,0,1296.7587755102043
13760,54,5,1363.64,1,Regular,272.728,0,2681.6580528604886
13761,50,6,1952.17,1,Regular,325.3616666666667,0,3839.0281900301106
13762,219,5,2472.48,1,Regular,494.496,1,4862.2406958849115
13763,63,3,5217.44,1,Regular,1739.1466666666665,0,10260.325299431246
13764,71,6,2953.26,1,Regular,492.21000000000004,0,5807.715717631315
13765,653,1,352.821,0,At Risk,352.821,1,693.838018735363
13766,495,1,190.35,0,At Risk,190.35,1,374.33164938106387
13767,2,73,35540.53,2,VIP,486.85657534246576,0,69892.01583807293
13768,727,2,875.97,0,At Risk,437.985,1,1722.6335429909668
13769,2,20,5800.42,1,Regular,290.021,0,11406.781117430579
13770,422,4,785.37,0,At Risk,196.3425,1,1544.464657075945
13771,64,9,5728.82,1,Regular,636.5355555555556,0,11265.97656741385
13772,34,8,3114.2200000000003,1,Regular,389.27750000000003,0,6124.250639009702
13773,397,2,301.54,0,At Risk,150.77,1,592.9916761458683
13774,82,1,345.0,1,Regular,345.0,0,678.4576781532285
13775,591,1,1049.66,0,At Risk,1049.66,1,2064.202569421211
13776,428,2,623.98,0,At Risk,311.99,1,1227.0841217798595
13777,1,61,56478.42,2,VIP,925.875737704918,0,111067.29767815322
13778,103,4,1124.49,1,Regular,281.1225,1,2211.359056540649
13779,516,1,161.13,0,At Risk,161.13,1,316.8692338574774
13780,7,3,735.82,1,Regular,245.27333333333334,0,1447.0224021411843
13781,251,3,778.83,1,Regular,259.61,1,1531.6034593509535
13782,13,13,1793.72,1,Regular,137.97846153846154,0,3527.429294078287
13783,488,4,1542.09,0,At Risk,385.5225,1,3032.5878287052524
13784,10,14,2910.23,1,Regular,207.87357142857144,0,5723.095329541653
13785,429,4,542.49,0,At Risk,135.6225,1,1066.8304516560722
13786,367,6,3358.94,0,At Risk,559.8233333333334,1,6605.503285379727
13787,76,6,1222.5,1,Regular,203.75,0,2404.1000334560053
13788,505,1,3.75,0,At Risk,3.75,1,7.374539979926396
13789,388,1,239.46,0,At Risk,239.46,1,470.90862495818
13790,4,1,348.79999999999995,1,Regular,348.79999999999995,0,685.9305453328872
13791,128,2,1516.0,1,Regular,758.0,1,2981.2806958849114
13792,66,3,383.95,1,Regular,127.98333333333333,0,755.0545667447307
13793,647,1,96.0,0,At Risk,96.0,1,188.78822348611575
13794,547,1,126.03,0,At Risk,126.03,1,247.84353964536635
13795,388,4,836.3,0,At Risk,209.075,1,1644.6207427233187
13796,499,1,289.7,0,At Risk,289.7,1,569.7077952492472
13797,437,3,1179.45,0,At Risk,393.15000000000003,1,2319.4403144864505
13798,1,110,75836.87,2,VIP,689.4260909090908,0,149136.5412713282
13799,117,9,2803.57,1,Regular,311.5077777777778,1,5513.343747072599
13800,310,3,1679.56,0,At Risk,559.8533333333334,1,3302.928631649381
13801,67,1,324.8,1,Regular,324.8,0,638.7334894613583
13802,139,19,26259.11,1,Regular,1382.0584210526315,1,51639.695075276
13803,255,3,1338.91,1,Regular,446.30333333333334,1,2633.025419872867
13804,31,9,3208.52,1,Regular,356.5022222222222,0,6309.6957377049175
13805,52,2,924.6,1,Regular,462.3,0,1818.2665774506524
13806,64,1,256.38,1,Regular,256.38,0,504.1825493476079
13807,367,3,534.8,0,At Risk,178.26666666666665,1,1051.7077283372364
13808,6,5,1747.66,1,Regular,349.53200000000004,0,3436.850277684845
13809,305,3,679.6999999999999,0,At Risk,226.56666666666663,1,1336.6599531615923
13810,29,3,1499.01,1,Regular,499.67,0,2947.869113415858
13811,184,3,814.5,1,Regular,271.5,1,1601.7500836400134
13812,42,3,539.0,1,Regular,179.66666666666666,0,1059.967213114754
13813,40,8,2765.4700000000003,1,Regular,345.68375000000003,0,5438.418420876547
13814,92,3,2257.32,1,Regular,752.44,1,4439.119089996655
13815,22,8,7475.74,1,Regular,934.4675,0,14701.371602542657
13816,24,2,571.6700000000001,1,Regular,285.83500000000004,0,1124.214205419873
13817,29,2,382.98,1,Regular,191.49,0,753.1470190699231
13818,430,1,61.28,0,At Risk,61.28,1,120.50981599197056
13819,302,6,2642.35,0,At Risk,440.39166666666665,1,5196.297524255604
13820,418,3,660.65,0,At Risk,220.21666666666667,1,1299.1972900635662
13821,145,6,1410.73,1,Regular,235.12166666666667,1,2774.2626095684177
13822,6,2,632.0,1,Regular,316.0,0,1242.8558046169287
13823,19,7,3403.4500000000003,1,Regular,486.2071428571429,0,6693.034158581466
13824,33,12,3314.76,1,Regular,276.23,0,6518.62137169622
13825,622,2,255.59,0,At Risk,127.795,1,502.62897959183675
13826,176,1,189.5,1,Regular,189.5,1,372.66008698561393
13827,58,3,412.05,1,Regular,137.35,0,810.3144529943123
13828,22,1,209.49,1,Regular,209.49,0,411.97130143860824
13829,421,1,102.0,0,At Risk,102.0,1,200.587487453998
13830,582,1,156.85000000000002,0,At Risk,156.85000000000002,1,308.4524255603881
13831,16,18,7023.58,1,Regular,390.19888888888886,0,13812.179069923051
13832,19,2,613.6899999999999,1,Regular,306.84499999999997,0,1206.8483840749414
13833,159,2,701.36,1,Regular,350.68,1,1379.2552960856474
13834,577,2,324.19,0,At Risk,162.095,1,637.5338976246236
13835,25,7,1095.27,1,Regular,156.46714285714285,0,2153.8966410170624
13836,399,2,620.37,0,At Risk,310.185,1,1219.9848979591836
13837,212,2,271.24,1,Regular,135.62,1,533.4053931080629
13838,6,10,1966.09,1,Regular,196.60899999999998,0,3866.4024824355965
13839,486,1,139.95000000000002,0,At Risk,139.95000000000002,1,275.21783205085313
13840,416,1,651.4,0,At Risk,651.4,1,1281.0067581130813
13841,253,1,85.0,0,At Risk,85.0,1,167.15623954499833
13842,59,18,5629.91,1,Regular,312.7727777777778,0,11071.46570090331
13843,381,1,319.75,0,At Risk,319.75,1,628.8024422883908
13844,11,1,361.62,1,Regular,361.62,0,711.1416393442623
13845,65,1,312.98,1,Regular,312.98,0,615.4889394446303
13846,25,4,1307.79,1,Regular,326.9475,0,2571.826570759451
13847,720,1,310.72,0,At Risk,310.72,1,611.0445500167281
13848,92,8,3335.0,1,Regular,416.875,1,6558.424222147875
13849,52,5,3469.3,1,Regular,693.86,0,6822.5310806289735
13850,129,1,1595.48,1,Regular,1595.48,1,3137.581612579458
13851,96,8,4606.46,1,Regular,575.8075,1,9058.8062495818
13852,611,1,187.35,0,At Risk,187.35,1,368.43201739712276
13853,57,1,1090.14,1,Regular,1090.14,0,2143.8082703245236
13854,9,39,12253.96,1,Regular,314.2041025641025,0,24097.951448645028
13855,501,4,1310.34,0,At Risk,327.585,1,2576.841257945801
13856,169,11,1142.03,1,Regular,103.82090909090908,1,2245.852238206758
13857,393,6,1001.01,0,At Risk,166.835,1,1968.5302040816325
13858,57,1,216.17,1,Regular,216.17,0,425.1078153228504
13859,326,2,515.86,0,At Risk,257.93,1,1014.4613850786217
13860,1,5,1245.9,1,Regular,249.18,0,2450.1171629307464
13861,429,2,273.26,0,At Risk,136.63,1,537.3778119772498
13862,18,9,2556.09,1,Regular,284.01,0,5026.66343927735
13863,248,4,1239.55,1,Regular,309.8875,1,2437.6296085647373
13864,387,1,662.4000000000001,0,At Risk,662.4000000000001,1,1302.638742054199
13865,58,4,501.56,1,Regular,125.39,0,986.3398059551689
13866,74,1,145.67,1,Regular,145.67,0,286.46646370023416
13867,31,3,1015.29,1,Regular,338.43,0,1996.6124523251922
13868,7,2,3192.54,1,Regular,1596.27,0,6278.270364670459
13869,123,10,8111.57,1,Regular,811.1569999999999,1,15951.759270659082
13870,2,15,5712.08,1,Regular,380.80533333333335,0,11233.056620943458
13871,23,17,7885.85,1,Regular,463.8735294117647,0,15507.870960187354
13872,527,3,919.57,0,At Risk,306.52333333333337,1,1808.3748611575782
13873,120,8,1038.92,1,Regular,129.865,1,2043.081886918702
13874,358,7,2049.15,0,At Risk,292.7357142857143,1,4029.7436266309805
13875,54,14,4814.37,1,Regular,343.88357142857143,0,9467.670411508865
13876,64,1,122.7,1,Regular,122.7,0,241.2949481431917
13877,86,3,449.68,1,Regular,149.89333333333335,0,884.3155035128807
13878,55,4,2473.06,1,Regular,618.265,0,4863.381291401806
13879,646,1,395.5,0,At Risk,395.5,1,777.7681498829039
13880,21,17,4391.66,1,Regular,258.33294117647057,0,8636.392599531615
13881,4,43,45179.1,1,Regular,1050.6767441860466,0,88846.68778855806
13882,3,5,1191.13,1,Regular,238.22600000000003,0,2342.409548343928
13883,11,15,6560.02,1,Regular,437.3346666666667,0,12900.56793576447
13884,7,10,1888.48,1,Regular,188.848,0,3713.7790030110405
13885,189,2,506.8,1,Regular,253.4,1,996.6444964871195
13886,71,1,243.56,1,Regular,243.56,0,478.97145533623285
13887,204,1,349.55,1,Regular,349.55,1,687.4054533288726
13888,120,7,2169.05,1,Regular,309.86428571428576,1,4265.53225158916
13889,93,6,1991.23,1,Regular,331.87166666666667,1,3915.841398461024
13890,1,14,2927.38,1,Regular,209.09857142857143,0,5756.821559049849
13891,378,3,863.56,0,At Risk,287.8533333333333,1,1698.228732017397
13892,27,6,1267.65,1,Regular,211.275,0,2492.8894948143193
13893,298,1,821.1,0,At Risk,821.1,1,1614.729274004684
13894,24,3,564.62,1,Regular,188.20666666666668,0,1110.3500702576112
13895,28,6,4008.52,1,Regular,668.0866666666667,0,7882.93093342255
13896,626,1,388.55,0,At Risk,388.55,1,764.1006691201071
13897,50,3,1160.72,1,Regular,386.9066666666667,0,2282.6069454667113
13898,326,2,686.4,0,At Risk,343.2,1,1349.8357979257275
13899,16,2,388.52,1,Regular,194.26,0,764.0416728002676
13900,183,6,1610.59,1,Regular,268.4316666666667,1,3167.296092338575
13901,72,15,5676.34,1,Regular,378.42266666666666,0,11162.772338574774
13902,632,5,34095.26,0,At Risk,6819.052000000001,1,67049.8287989294
13903,400,1,165.45000000000002,0,At Risk,165.45000000000002,1,325.3647039143527
13904,37,2,332.64,1,Regular,166.32,0,654.1511943793911
13905,733,1,312.65,0,At Risk,312.65,1,614.8399799263967
13906,409,1,42.0,0,At Risk,42.0,1,82.59484777517564
13907,692,1,136.8,0,At Risk,136.8,1,269.02321846771497
13908,80,4,2369.55,1,Regular,592.3875,0,4659.824322515892
13909,423,2,286.6,0,At Risk,143.3,1,563.6115088658414
13911,57,20,4234.99,1,Regular,211.74949999999998,0,8328.294151890264
13912,424,1,124.95,0,At Risk,124.95,1,245.71967213114755
13913,507,1,42.22,0,At Risk,42.22,1,83.02748745399799
13914,12,2,626.45,1,Regular,313.225,0,1231.9414854466377
13915,394,1,70.80000000000001,0,At Risk,70.80000000000001,1,139.2313148210104
13916,464,4,1275.81,0,At Risk,318.9525,1,2508.9364938106387
13917,50,2,272.04,1,Regular,136.02,0,534.9786283037805
13918,50,2,1212.84,1,Regular,606.42,0,2385.1032184677147
13919,59,4,1360.68,1,Regular,340.17,0,2675.8370826363334
13920,432,4,1774.68,0,At Risk,443.67,1,3489.9862964202075
13921,402,4,730.7,0,At Risk,182.675,1,1436.9536968885916
13922,352,3,865.2,0,At Risk,288.40000000000003,1,1701.4538641686183
13923,54,1,351.13,1,Regular,351.13,0,690.5125928404149
13924,2,6,1838.85,1,Regular,306.47499999999997,0,3616.1794245567075
13925,93,4,678.25,1,Regular,169.5625,1,1333.8084643693542
13926,23,1,223.85,1,Regular,223.85,0,440.2108732017397
13927,75,2,708.26,1,Regular,354.13,0,1392.8244496487118
13928,11,4,464.57,1,Regular,116.1425,0,913.597343593175
13929,169,11,3494.1,1,Regular,317.6454545454545,1,6871.30137169622
13930,58,2,337.34,1,Regular,168.67,0,663.3939511542321
13931,96,11,5257.38,1,Regular,477.94363636363636,1,10338.86906657745
13932,295,1,307.4,0,At Risk,307.4,1,604.5156239544998
13933,109,2,608.79,1,Regular,304.395,1,1197.2123185011708
13934,264,1,922.1,0,At Risk,922.1,1,1813.3502174640348
13935,597,3,6116.92,0,At Risk,2038.9733333333334,1,12029.192291736366
13936,180,3,939.66,1,Regular,313.21999999999997,1,1847.8827300100365
13937,169,2,880.13,1,Regular,440.065,1,1730.8143660086985
13938,35,1,71.66,1,Regular,71.66,0,140.92254265640682
13939,23,7,1560.96,1,Regular,222.99428571428572,0,3069.6965138842424
13940,17,4,839.14,1,Regular,209.785,0,1650.2057276681164
13941,22,15,11122.3,1,Regular,741.4866666666666,0,21872.492271662763
13942,535,1,320.0,0,At Risk,320.0,1,629.2940782870526
13943,578,1,246.54,0,At Risk,246.54,1,484.831756440281
13944,653,1,200.43,0,At Risk,200.43,1,394.1544128471061
13945,395,2,854.1500000000001,0,At Risk,427.07500000000005,1,1679.7235530277687
13946,79,6,1876.23,1,Regular,312.705,0,3689.6888390766144
13947,65,1,90.6,1,Regular,90.6,0,178.16888591502172
13948,361,4,548.76,0,At Risk,137.19,1,1079.1606825025092
13949,3,6,2427.32,1,Regular,404.55333333333334,0,4773.4315690866515
13950,11,4,745.0600000000001,1,Regular,186.26500000000001,0,1465.193268651723
13951,176,3,674.45,1,Regular,224.8166666666667,1,1326.3355971896956
13952,218,14,12823.521,1,Regular,915.9657857142857,1,25218.018212780196
13953,7,12,6640.68,1,Regular,553.39,0,13059.1893743727
13954,2,2,439.92,1,Regular,219.96,0,865.1220341251254
13955,154,3,545.17,1,Regular,181.72333333333333,1,1072.1007895617263
13956,5,5,1026.42,1,Regular,205.28400000000002,0,2018.500086985614
13957,418,3,458.25,0,At Risk,152.75,1,901.1687855470057
13958,380,8,4709.2300000000005,0,At Risk,588.6537500000001,1,9260.907975911678
13959,79,6,1076.18,1,Regular,179.36333333333334,0,2116.355316159251
13960,21,2,230.22,1,Regular,115.11,0,452.73775844764134
13961,392,1,538.4,0,At Risk,538.4,1,1058.7872867179658
13962,22,3,362.8,1,Regular,120.93333333333334,0,713.4621612579458
13963,308,17,3011.87,0,At Risk,177.16882352941175,1,5922.974861157578
13964,387,2,438.9,0,At Risk,219.45,1,863.1161592505854
13965,477,3,996.61,0,At Risk,332.2033333333333,1,1959.8774105051855
13966,435,1,390.86,0,At Risk,390.86,1,768.6433857477417
13967,146,2,166.3,1,Regular,83.15,1,327.0362663098026
13968,423,1,123.66,0,At Risk,123.66,1,243.18283037805284
13969,7,35,13365.87,1,Regular,381.882,0,26284.57138173302
13970,386,2,846.55,0,At Risk,423.275,1,1664.777818668451
13971,19,14,4667.57,1,Regular,333.3978571428571,0,9178.98175309468
13972,71,2,190.25,1,Regular,95.125,0,374.13499498159916
13973,287,1,264.7,0,At Risk,264.7,1,520.5441953830713
13974,49,2,677.72,1,Regular,338.86,0,1332.7661960521914
13975,31,12,5358.84,1,Regular,446.57,0,10538.39462027434
13976,207,4,1192.36,1,Regular,298.09,1,2344.8283974573433
13977,411,1,519.8100000000001,0,At Risk,519.8100000000001,1,1022.2292338574775
13978,15,2,196.79,1,Regular,98.395,0,386.9961927065908
13979,73,7,3416.23,1,Regular,488.03285714285715,0,6718.166590833054
13980,60,5,799.92,1,Regular,159.98399999999998,0,1573.0778721980591
13981,416,1,331.14,0,At Risk,331.14,1,651.2013783874205
13982,39,9,4445.59,1,Regular,493.95444444444445,0,8742.44831716293
13983,30,21,7108.45,1,Regular,338.497619047619,0,13979.079658748744
13984,27,12,2048.6,1,Regular,170.71666666666667,0,4028.6620274339243
13985,4,22,10020.86,1,Regular,455.49363636363637,0,19706.462054198728
13986,17,1,320.46,1,Regular,320.46,0,630.1986885245901
13987,380,2,682.54,0,At Risk,341.27,1,1342.24493810639
13988,20,8,4757.8,1,Regular,594.725,0,9356.423017731682
13989,66,5,2026.06,1,Regular,405.212,0,3984.33612579458
13990,213,1,311.3,1,Regular,311.3,1,612.1851455336233
13991,12,6,855.97,1,Regular,142.66166666666666,0,1683.3026630980262
13992,30,3,219.5,1,Regular,73.16666666666667,0,431.6564068250251
13993,43,19,6775.71,1,Regular,356.6163157894737,0,13324.73180996989
13994,4,6,2313.14,1,Regular,385.5233333333333,0,4548.891575777851
13995,15,14,3902.01,1,Regular,278.71500000000003,0,7673.474332552693
13996,386,2,895.76,0,At Risk,447.88,1,1761.5514486450318
13997,519,3,382.31,0,At Risk,127.43666666666667,1,751.8294345935095
13998,447,3,566.7,0,At Risk,188.9,1,1114.4404817664772
13999,10,29,9502.26,1,Regular,327.6641379310345,0,18686.612338574774
14000,211,5,2046.34,1,Regular,409.268,1,4024.217638006022
14001,46,9,4530.09,1,Regular,503.34333333333336,0,8908.621284710605
14002,134,2,529.73,1,Regular,264.865,1,1041.7373502843761
14003,733,1,209.41,0,At Risk,209.41,1,411.81397791903646
14004,43,11,6258.45,1,Regular,568.9499999999999,0,12307.51726329876
14005,10,5,2874.72,1,Regular,574.944,0,5653.263352291736
14006,116,7,2196.67,1,Regular,313.81,1,4319.848196721312
14007,513,1,79.48,0,At Risk,79.48,1,156.3009166945467
14008,432,1,509.04,0,At Risk,509.04,1,1001.0495550351288
14009,198,3,1099.91,1,Regular,366.6366666666667,1,2163.021405152225
14010,565,2,445.15,0,At Risk,222.575,1,875.4070592171294
14011,480,2,457.82,0,At Risk,228.91,1,900.3231716293075
14012,278,1,328.8,0,At Risk,328.8,1,646.5996654399465
14013,110,5,1084.57,1,Regular,216.914,1,2132.854620274339
14014,77,3,1948.21,1,Regular,649.4033333333333,0,3831.240675811308
14015,53,1,917.34,1,Regular,917.34,0,1803.989468049515
14016,162,11,11403.41,1,Regular,1036.6736363636364,1,22425.307453997993
14017,571,1,229.75,0,At Risk,229.75,1,451.81348277015724
14018,645,1,367.15,0,At Risk,367.15,1,722.0166276346604
14019,47,3,1421.61,1,Regular,473.86999999999995,0,2795.658608230177
14020,17,4,1249.01,1,Regular,312.2525,0,2456.233114754098
14021,155,7,1716.58,1,Regular,245.22571428571428,1,3375.7300903312143
14022,225,2,792.15,1,Regular,396.075,1,1557.797825359652
14023,7,2,584.07,1,Regular,292.035,0,1148.5993509534962
14024,122,3,645.74,1,Regular,215.24666666666667,1,1269.876119103379
14025,465,8,4057.9,0,At Risk,507.2375,1,7980.03887587822
14026,471,2,713.11,0,At Risk,356.555,1,1402.3621880227502
14027,61,1,104.82,1,Regular,104.82,0,206.13314151890262
14028,550,3,10396.5,0,At Risk,3465.5,1,20445.17464034794
14029,63,2,467.66,1,Regular,233.83,0,919.6739645366343
14030,18,20,8262.29,1,Regular,413.1145,0,16248.156781532287
14031,7,44,40999.17,1,Regular,931.7993181818182,0,80626.67154901304
14032,2,16,4850.27,1,Regular,303.141875,0,9538.269340916695
14033,555,1,109.44,0,At Risk,109.44,1,215.21857477417197
14034,22,3,651.8199999999999,1,Regular,217.2733333333333,0,1281.832706590833
14035,29,9,2856.72,1,Regular,317.4133333333333,0,5617.865560388089
14036,285,1,626.65,0,At Risk,626.65,1,1232.334794245567
14037,176,6,836.95,1,Regular,139.49166666666667,1,1645.8989963198394
14038,78,5,3069.88,1,Regular,613.976,0,6037.054078287053
14039,33,2,267.28000000000003,1,Regular,133.64000000000001,0,525.6178788892606
14040,41,35,12645.57,1,Regular,361.30199999999996,0,24868.069742388754
14041,266,1,141.41,0,At Risk,141.41,1,278.0889862830378
14042,725,1,431.98,0,At Risk,431.98,1,849.507674807628
14043,491,2,304.25,0,At Risk,152.125,1,598.3210103713617
14044,27,10,3123.1,1,Regular,312.31,0,6141.7135496821675
14045,109,16,11313.03,1,Regular,707.064375,1,22247.571207761794
14046,284,1,154.99,0,At Risk,154.99,1,304.79465373034463
14047,9,14,4255.03,1,Regular,303.93071428571426,0,8367.70369354299
14048,305,3,748.69,0,At Risk,249.56333333333336,1,1472.3318233522918
14049,17,13,13239.03,1,Regular,1018.3869230769232,0,26035.13494145199
14050,32,2,746.36,1,Regular,373.18,0,1467.7497758447641
14051,1,37,22434.0,1,Regular,606.3243243243244,0,44117.44797591168
14052,20,2,480.81,1,Regular,240.405,0,945.5340180662429
14053,124,4,572.3,1,Regular,143.075,1,1125.4531281365005
14054,65,1,92.46,1,Regular,92.46,0,181.82665774506523
14055,106,3,1520.96,1,Regular,506.9866666666667,1,2991.0347540983607
14056,1,23,8214.65,1,Regular,357.1586956521739,0,16154.470625627298
14057,24,22,8408.84,1,Regular,382.22,0,16536.353803947808
14058,463,2,469.19,0,At Risk,234.595,1,922.6827768484443
14059,267,1,183.6,0,At Risk,183.6,1,361.05747741719637
14060,5,30,9519.08,1,Regular,317.30266666666665,0,18719.68960856474
14061,507,3,917.43,0,At Risk,305.81,1,1804.1664570090331
14062,10,24,25604.2,1,Regular,1066.8416666666667,0,50351.78574774172
14063,438,9,22710.2,0,At Risk,2523.355555555556,1,44660.6074272332
14064,29,15,3332.42,1,Regular,222.16133333333335,0,6553.350538641686
14065,389,3,891.02,0,At Risk,297.00666666666666,1,1752.2300301104046
14066,267,1,152.55,0,At Risk,152.55,1,299.99628638340585
14067,64,2,374.7,1,Regular,187.35,0,736.8640347942455
14068,320,4,1528.37,0,At Risk,382.0925,1,3005.606845098695
14069,515,2,230.06,0,At Risk,115.03,1,452.42311140849785
14070,685,1,326.55,0,At Risk,326.55,1,642.1749414519907
14071,4,8,1438.82,1,Regular,179.8525,0,2829.5028303780527
14072,667,1,390.85,0,At Risk,390.85,1,768.6237203077952
14073,32,1,151.04,1,Regular,151.04,0,297.02680495148877
14074,623,1,219.4,0,At Risk,219.4,1,431.4597524255604
14075,5,6,1734.87,1,Regular,289.145,0,3411.6981799933087
14076,129,1,122.47,1,Regular,122.47,1,240.84264302442287
14077,41,6,615.08,1,Regular,102.51333333333334,0,1209.581880227501
14078,102,9,1692.63,1,Regular,188.07000000000002,1,3328.631361659418
14079,125,2,618.73,1,Regular,309.365,1,1216.7597658079626
14080,33,5,1115.68,1,Regular,223.13600000000002,0,2194.033803947809
14081,302,10,5370.1,0,At Risk,537.01,1,10560.537905654066
14082,365,2,413.36,0,At Risk,206.68,1,812.8906256273001
14083,4,11,1407.26,1,Regular,127.93272727272728,0,2767.4387019069923
14084,512,1,150.5,0,At Risk,150.5,1,295.9648711943794
14085,2,33,10104.97,1,Regular,306.2112121212121,0,19871.86806958849
14086,463,1,39.95,0,At Risk,39.95,1,78.56343258614922
14087,3,3,846.22,1,Regular,282.0733333333333,0,1664.1288591502175
14088,10,16,64036.8,1,Regular,4002.3,0,125931.18447641352
14089,57,1,161.0,1,Regular,161.0,0,316.6135831381733
14090,325,1,76.32000000000001,0,At Risk,76.32000000000001,1,150.08663767146203
14091,654,2,9530.08,0,At Risk,4765.04,1,18741.321592505854
14092,8,24,7229.45,1,Regular,301.2270833333333,0,14217.031482101036
14093,12,1,442.85,1,Regular,442.85,0,870.8840080294414
14094,440,1,335.22,0,At Risk,335.22,1,659.2248778855806
14095,723,1,2.95,0,At Risk,2.95,1,5.8013047842087655
14096,4,17,65164.79,1,Regular,3833.2229411764706,0,128149.42643693544
14097,481,2,422.86,0,At Risk,211.43,1,831.572793576447
14098,37,1,147.35,1,Regular,147.35,0,289.7702576112412
14099,16,20,5765.71,1,Regular,288.2855,0,11338.52237537638
14100,138,1,194.9,1,Regular,194.9,1,383.2794245567079
14101,74,13,9961.93,1,Regular,766.3023076923077,0,19590.573616594178
14102,5,5,1360.28,1,Regular,272.056,0,2675.050465038474
14104,155,5,771.58,1,Regular,154.316,1,1517.3460153897624
14105,239,5,5988.83,1,Regular,1197.766,1,11777.297671462027
14106,737,1,214.8,0,At Risk,214.8,1,422.413650050184
14107,52,11,4877.3,1,Regular,443.39090909090913,0,9591.425025092005
14108,31,4,1044.96,1,Regular,261.24,0,2054.95981264637
14109,73,1,144.2,1,Regular,144.2,0,283.575644028103
14110,4,33,12987.95,1,Regular,393.57424242424247,0,25541.375075276013
14111,14,4,692.85,1,Regular,173.2125,0,1362.5200066912012
14112,23,13,5834.59,1,Regular,448.8146153846154,0,11473.977925727668
14113,4,16,7092.610000000001,1,Regular,443.28812500000004,0,13947.929601873537
14114,274,7,1364.09,0,At Risk,194.86999999999998,1,2682.5429976580795
14115,502,2,622.67,0,At Risk,311.335,1,1224.5079491468719
14116,20,5,1382.74,1,Regular,276.548,0,2719.2190431582467
14117,144,1,90.0,1,Regular,90.0,1,176.98895951823351
14118,429,1,458.45,0,At Risk,458.45,1,901.5620943459351
14119,376,2,183.37,0,At Risk,91.685,1,360.6051722984276
14121,4,4,2780.15,1,Regular,695.0375,0,5467.287286717966
14122,406,3,362.42,0,At Risk,120.80666666666667,1,712.71487453998
14123,733,1,436.18,0,At Risk,436.18,1,857.7671595851456
14124,84,1,419.58,1,Regular,419.58,0,825.1225292740046
14125,11,3,2740.43,1,Regular,913.4766666666666,0,5389.176159250585
14126,8,4,1172.46,1,Regular,293.115,0,2305.6941719638676
14127,123,6,1900.08,1,Regular,316.68,1,3736.590913348946
14128,61,3,924.21,1,Regular,308.07,0,1817.4996252927401
14129,2,9,2591.34,1,Regular,287.9266666666667,0,5095.984115088659
14130,319,4,1882.67,0,At Risk,470.6675,1,3702.353382402141
14131,649,1,187.87,0,At Risk,187.87,1,369.4546202743392
14132,2,11,3586.03,1,Regular,326.00272727272727,0,7052.085761124121
14133,130,4,911.14,1,Regular,227.785,1,1791.7968952827032
14134,383,15,11123.35,0,At Risk,741.5566666666667,1,21874.557142857142
14135,2,24,9643.92,1,Regular,401.83,0,18965.192960856475
14136,401,5,1570.81,0,At Risk,314.162,1,3089.0669722315156
14137,696,1,332.7,0,At Risk,332.7,1,654.2691870190699
14138,2,2,982.38,1,Regular,491.19,0,1931.8934894613583
14139,46,4,1086.8,1,Regular,271.7,0,2137.240013382402
14140,4,2,935.05,1,Regular,467.525,0,1838.8169621947138
14141,3,4,915.13,1,Regular,228.7825,0,1799.643405821345
14142,373,2,983.15,0,At Risk,491.575,1,1933.4077283372364
14143,134,1,115.8,1,Regular,115.8,1,227.72579458012711
14144,486,1,30.6,0,At Risk,30.6,1,60.1762462361994
14145,47,7,7600.05,1,Regular,1085.7214285714285,0,14945.832686517228
14146,9,12,9450.3,1,Regular,787.525,0,18584.430712612913
14147,78,9,2590.2,1,Regular,287.79999999999995,0,5093.74225493476
14148,234,2,466.29,1,Regular,233.145,1,916.979799263968
14149,221,1,446.62,1,Regular,446.62,1,878.2978788892606
14150,36,2,658.64,1,Regular,329.32,0,1295.2445366343259
14151,673,2,679.45,0,At Risk,339.725,1,1336.1683171629309
14152,75,7,1997.34,1,Regular,285.3342857142857,0,3927.8569822683176
14153,483,1,233.4,0,At Risk,233.4,1,458.9913683506189
14154,239,8,6460.7,1,Regular,807.5875,1,12705.250786216126
14155,266,1,118.75,0,At Risk,118.75,1,233.5270993643359
14156,10,156,313946.37,3,Key Accounts (Wholesale/Bulk),2012.4767307692307,0,617389.3485647374
14157,20,5,1002.78,1,Regular,200.55599999999998,0,1972.0109869521577
14158,40,1,507.66,1,Regular,507.66,0,998.335724322516
14159,20,20,7938.01,1,Regular,396.9005,0,15610.445894948143
14160,610,7,8421.47,0,At Risk,1203.0671428571427,1,16561.1912546002
14161,216,7,3318.88,1,Regular,474.1257142857143,1,6526.723532954165
14162,174,2,289.36,1,Regular,144.68,1,569.0391702910673
14163,87,5,2594.62,1,Regular,518.924,0,5102.4343793911
14164,71,2,1631.77,1,Regular,815.885,0,3208.947494145199
14165,276,1,122.54,0,At Risk,122.54,1,240.98030110404818
14166,505,2,256.85,0,At Risk,128.425,1,505.10682502509206
14167,39,8,1296.49,1,Regular,162.06125,0,2549.60462361994
14168,421,2,370.45,0,At Risk,185.225,1,728.5062228169957
14169,431,2,624.4300000000001,0,At Risk,312.21500000000003,1,1227.9690665774508
14170,375,3,597.33,0,At Risk,199.11,1,1174.6757243225159
14171,98,2,498.79,1,Regular,249.395,1,980.8924790899966
14172,605,3,402.72,0,At Risk,134.24,1,791.9665975242557
14173,11,6,586.0,1,Regular,97.66666666666667,0,1152.394780863165
14174,33,1,134.46,1,Regular,134.46,0,264.4215055202409
14175,60,8,7678.88,1,Regular,959.86,0,15100.855349615256
14176,297,5,916.01,0,At Risk,183.202,1,1801.3739645366343
14177,86,13,2229.34,1,Regular,171.48769230769233,0,4384.0951890264305
14178,9,7,1620.93,1,Regular,231.5614285714286,0,3187.6301572432253
14179,41,2,719.78,1,Regular,359.89,0,1415.4790364670457
14180,11,33,6319.25,1,Regular,191.49242424242425,0,12427.083138173302
14181,411,2,310.55,0,At Risk,155.275,1,610.710237537638
14182,444,4,678.77,0,At Risk,169.6925,1,1334.8310672465707
14183,411,2,286.29,0,At Risk,143.145,1,563.0018802275009
14184,67,1,452.89,1,Regular,452.89,0,890.6281097356975
14185,331,1,197.65,0,At Risk,197.65,1,388.6874205419873
14186,427,5,1550.63,0,At Risk,310.12600000000003,1,3049.3821144195385
14187,474,1,123.5,0,At Risk,123.5,1,242.86818333890932
14188,31,6,2054.36,1,Regular,342.3933333333334,0,4039.9893208430917
14189,2,16,5814.39,1,Regular,363.399375,0,11434.253737035799
14190,666,1,79.9,0,At Risk,79.9,1,157.12686517229844
14191,2,15,4817.66,1,Regular,321.1773333333333,0,9474.140341251254
14192,388,1,293.74,0,At Risk,293.74,1,577.6526329876212
14193,68,3,1210.19,1,Regular,403.3966666666667,0,2379.8918768819003
14194,5,36,18670.59,1,Regular,518.6275,0,36716.53664101707
14195,202,6,2615.6,1,Regular,435.93333333333334,1,5143.692472398795
14196,107,1,335.52,1,Regular,335.52,1,659.8148410839746
14197,411,1,390.05,0,At Risk,390.05,1,767.0504851120776
14198,18,9,1569.73,1,Regular,174.41444444444446,0,3086.9431047172966
14199,218,4,1091.7,1,Regular,272.925,1,2146.8760789561725
14200,617,1,379.2,0,At Risk,379.2,1,745.7134827701572
14201,60,10,1193.54,1,Regular,119.354,0,2347.148919371027
14202,381,3,847.76,0,At Risk,282.58666666666664,1,1667.1573369019738
14203,397,1,339.34,0,At Risk,339.34,1,667.3270391435262
14204,2,4,1062.96,1,Regular,265.74,0,2090.3576045500167
14205,17,9,2414.2,1,Regular,268.2444444444444,0,4747.630511876881
14206,239,3,1185.01,1,Regular,395.00333333333333,1,2330.374299096688
14207,688,1,157.8,0,At Risk,157.8,1,310.32064235530277
14208,95,2,567.05,1,Regular,283.525,1,1115.1287721646033
14209,11,15,4993.27,1,Regular,332.8846666666667,0,9819.485132151221
14210,106,16,5861.52,1,Regular,366.345,1,11526.936955503514
14211,53,18,4402.29,1,Regular,244.57166666666666,0,8657.296962194714
14212,90,2,2190.14,1,Regular,1095.07,0,4307.006664436266
14213,405,1,1192.2,0,At Risk,1192.2,1,2344.5137504182003
14214,31,5,1004.38,1,Regular,200.876,0,1975.157457343593
14215,12,9,3416.33,1,Regular,379.59222222222223,0,6718.363245232519
14216,3,5,2150.04,1,Regular,430.008,0,4228.14825025092
14217,2,23,3416.89,1,Regular,148.5604347826087,0,6719.464509869521
14218,43,1,169.48000000000002,1,Regular,169.48000000000002,0,333.2898762127802
14219,4,3,633.83,1,Regular,211.27666666666667,0,1246.4545801271329
14220,247,4,1515.0,1,Regular,378.75,1,2979.3141518902644
14221,42,17,6517.49,1,Regular,383.38176470588235,0,12816.93081967213
14222,177,1,683.17,1,Regular,683.17,1,1343.4838608230177
14223,92,3,991.13,1,Regular,330.37666666666667,1,1949.10074941452
14224,110,9,1897.9,1,Regular,210.8777777777778,1,3732.3038474406158
14225,435,4,2037.02,0,At Risk,509.255,1,4005.8894479759115
14226,29,6,3002.53,1,Regular,500.4216666666667,0,5904.607340247575
14227,26,15,6368.71,1,Regular,424.5806666666667,0,12524.348404148544
14228,438,3,745.5,0,At Risk,248.5,1,1466.0585480093675
14229,52,7,2594.04,1,Regular,370.57714285714286,0,5101.2937838742055
14230,436,3,979.8,0,At Risk,326.59999999999997,1,1926.819805955169
14231,184,4,1235.62,1,Regular,308.905,1,2429.901090665774
14232,43,5,2048.07,1,Regular,409.61400000000003,0,4027.6197591167615
14233,49,7,2904.27,1,Regular,414.8957142857143,0,5711.374727333557
14234,22,4,775.46,1,Regular,193.865,0,1524.976206088993
14235,75,9,4717.99,1,Regular,524.2211111111111,0,9278.134901304784
14236,81,5,1744.64,1,Regular,348.928,0,3430.91131482101
14237,373,2,632.14,0,At Risk,316.07,1,1243.1311207761794
14238,326,3,434.23,0,At Risk,144.74333333333334,1,853.9323987955838
14239,43,21,4263.17,1,Regular,203.00809523809525,0,8383.711361659418
14240,30,3,1247.49,1,Regular,415.83,0,2453.2439678822348
14241,184,2,333.7,1,Regular,166.85,1,656.2357310137169
14242,235,2,280.55,1,Regular,140.275,1,551.7139176982269
14243,9,17,7431.05,1,Regular,437.1205882352941,0,14613.48675142188
14244,661,1,366.42,0,At Risk,366.42,1,720.5810505185681
14245,220,2,1693.45,1,Regular,846.725,1,3330.2439277350286
14246,111,3,1474.06,1,Regular,491.3533333333333,1,2898.8038407494146
14247,278,5,772.66,0,At Risk,154.53199999999998,1,1519.469882903981
14248,318,3,1032.95,0,At Risk,344.31666666666666,1,2031.341619270659
14249,411,12,5625.461,0,At Risk,468.7884166666667,1,11062.716546671129
14250,7,3,1904.05,1,Regular,634.6833333333333,0,3744.398093007694
14251,2,5,2879.7000000000003,1,Regular,575.94,0,5663.0567413850795
14252,381,1,350.99,0,At Risk,350.99,1,690.2372766811643
14253,493,2,363.4,0,At Risk,181.7,1,714.6420876547339
14254,433,1,601.03,0,At Risk,601.03,1,1181.95193710271
14255,546,1,1000.63,0,At Risk,1000.63,1,1967.7829173636667
14256,260,5,2473.99,1,Regular,494.79799999999994,1,4865.210177316828
14257,64,9,5954.45,1,Regular,661.6055555555555,0,11709.687888926062
14258,9,25,32051.34,1,Regular,1282.0536,0,63030.37019739043
14259,142,1,120.0,1,Regular,120.0,1,235.98527935764469
14260,471,3,824.28,0,At Risk,274.76,1,1620.9828839076613
14261,51,2,1163.45,1,Regular,581.725,0,2287.9756105720976
14262,8,8,2618.23,1,Regular,327.27875,0,5148.864483104717
14263,423,1,322.93,0,At Risk,322.93,1,635.0560521913684
14264,155,6,1517.36,1,Regular,252.89333333333332,1,2983.955195717631
14265,109,4,1373.35,1,Regular,343.3375,1,2700.753195048511
14266,428,1,40.56,0,At Risk,40.56,1,79.76302442288392
14267,163,3,1516.24,1,Regular,505.41333333333336,1,2981.7526664436264
14268,471,1,354.85,0,At Risk,354.85,1,697.8281365005018
14269,439,1,295.73,0,At Risk,295.73,1,581.5660555369689
14270,332,1,492.65,0,At Risk,492.65,1,968.8178989628638
14271,226,2,219.13,1,Regular,109.565,1,430.92878554700565
14272,74,4,920.81,1,Regular,230.2025,0,1810.81337571094
14273,51,4,559.97,1,Regular,139.9925,0,1101.2056406825025
14274,686,1,256.6,0,At Risk,256.6,1,504.6151890264303
14275,396,6,1189.38,0,At Risk,198.23000000000002,1,2338.9680963532956
14276,99,7,2102.68,1,Regular,300.3828571428571,1,4135.012726664436
14277,15,9,17225.81,1,Regular,1913.978888888889,0,33875.31320843092
14278,410,1,205.83,0,At Risk,205.83,1,404.7737504182001
14279,521,2,191.86,0,At Risk,95.93,1,377.30113081298094
14280,197,1,134.04,1,Regular,134.04,1,263.59555704248913
14281,408,1,245.15,0,At Risk,245.15,1,482.09826028772164
14282,3,25,7849.66,1,Regular,313.9864,0,15436.701733021077
14283,463,4,628.44,0,At Risk,157.11,1,1235.8549079959853
14284,31,3,1299.65,1,Regular,433.2166666666667,0,2555.8189026430246
14285,21,8,3284.42,1,Regular,410.5525,0,6458.956426898629
14286,24,7,8479.76,1,Regular,1211.3942857142858,0,16675.821104048176
14287,8,3,176.63,1,Regular,58.876666666666665,0,347.3506657745065
14288,213,1,426.6,1,Regular,426.6,1,838.927668116427
14289,9,6,911.26,1,Regular,151.87666666666667,0,1792.0328805620609
14290,11,8,4516.56,1,Regular,564.57,0,8882.013944463031
14291,2,23,7904.1,1,Regular,343.6565217391304,0,15543.76038808966
14292,8,16,9226.25,1,Regular,576.640625,0,18143.826530612245
14293,3,9,3267.9300000000003,1,Regular,363.10333333333335,0,6426.528116426899
14294,407,1,375.34,0,At Risk,375.34,1,738.1226229508196
14295,40,5,2362.91,1,Regular,472.582,0,4646.766470391435
14296,421,2,456.4,0,At Risk,228.2,1,897.5306791569086
14297,18,4,1305.33,1,Regular,326.3325,0,2566.9888725326196
14298,8,82,91194.49,2,VIP,1112.1279268292683,0,179337.97665439948
14299,8,27,14499.49,1,Regular,537.0181481481482,0,28513.884984944798
14300,19,1,43.2,1,Regular,43.2,0,84.95470056875209
14301,117,4,1992.18,1,Regular,498.045,1,3917.7096152559384
14302,431,3,742.9000000000001,0,At Risk,247.63333333333335,1,1460.9455336232854
14303,407,2,277.94,0,At Risk,138.97,1,546.581237872198
14304,223,3,1725.01,1,Regular,575.0033333333333,1,3392.308056206089
14305,71,3,1858.96,1,Regular,619.6533333333333,0,3655.72662428906
14306,51,6,3151.4,1,Regular,525.2333333333333,0,6197.366744730679
14307,89,10,5071.03,1,Regular,507.10299999999995,0,9972.403593174975
14308,549,2,1147.02,0,At Risk,573.51,1,2255.665292740047
14309,8,11,3780.81,1,Regular,343.71,0,7435.129200401472
14310,433,1,492.1,0,At Risk,492.1,1,967.736299765808
14311,243,2,516.45,1,Regular,258.225,1,1015.6216460354634
14312,47,11,3090.29,1,Regular,280.93545454545455,0,6077.191241217798
14314,107,2,229.8,1,Regular,114.9,1,451.9118099698896
14315,45,8,3197.82,1,Regular,399.7275,0,6288.653716962195
14316,422,5,1370.34,0,At Risk,274.068,1,2694.833897624623
14317,65,1,508.58,1,Regular,508.58,0,1000.1449447975912
14318,460,1,158.02,0,At Risk,158.02,1,310.75328203412516
14319,424,1,494.85,0,At Risk,494.85,1,973.1442957510874
14320,207,5,1346.75,1,Regular,269.35,1,2648.4431247909
14321,11,7,2218.06,1,Regular,316.86571428571426,0,4361.9125727668115
14322,429,4,474.1,0,At Risk,118.525,1,932.3385078621612
14323,115,2,605.0600000000001,1,Regular,302.53000000000003,1,1189.8771094011377
14324,410,2,701.61,0,At Risk,350.805,1,1379.746932084309
14325,570,1,245.48,0,At Risk,245.48,1,482.7472198059551
14326,242,3,940.98,1,Regular,313.66,1,1850.478568082971
14327,163,6,1894.93,1,Regular,315.82166666666666,1,3726.4632117765136
14328,438,1,445.05,0,At Risk,445.05,1,875.2104048176648
14329,17,15,9927.22,1,Regular,661.8146666666667,0,19522.314874539978
14330,624,1,200.63,0,At Risk,200.63,1,394.5477216460354
14331,124,2,462.66,1,Regular,231.33,1,909.8412445633992
14332,23,5,1943.51,1,Regular,388.702,0,3821.997919036467
14333,68,1,415.2,1,Regular,415.2,0,816.5090665774507
14334,17,12,4318.4800000000005,1,Regular,359.8733333333334,0,8492.480910003347
14335,16,2,468.26,1,Regular,234.13,0,920.8538909334225
14336,17,4,1614.91,1,Regular,403.7275,0,3175.79156239545
14338,161,3,928.1,1,Regular,309.3666666666667,1,1825.1494814319171
14339,243,2,620.27,1,Regular,310.135,1,1219.788243559719
14340,219,1,134.7,1,Regular,134.7,1,264.89347607895616
14341,45,18,4467.32,1,Regular,248.18444444444444,0,8785.18131816661
14342,21,6,918.44,1,Regular,153.07333333333335,0,1806.1526664436267
14343,421,4,1088.91,0,At Risk,272.2275,1,2141.3894212111077
14344,127,20,3333.7000000000003,1,Regular,166.685,1,6555.867714954834
14345,39,1,108.98,1,Regular,108.98,0,214.31396453663433
14346,121,5,2315.75,1,Regular,463.15,1,4554.024255603881
14347,737,1,82.60000000000001,0,At Risk,82.60000000000001,1,162.43653395784546
14348,260,1,409.57,0,At Risk,409.57,1,805.4374238875878
14349,10,1,133.5,1,Regular,133.5,0,262.53362328537975
14350,274,3,972.03,0,At Risk,324.01,1,1911.5397591167614
14351,165,1,51.0,1,Regular,51.0,1,100.293743726999
14352,157,4,1078.96,1,Regular,269.74,1,2121.8223084643696
14353,215,3,376.5,1,Regular,125.5,1,740.4038139846102
14354,6,2,163.62,1,Regular,81.81,0,321.76592840414855
14355,366,3,1014.45,0,At Risk,338.15000000000003,1,1994.960555369689
14356,80,2,701.23,1,Regular,350.615,0,1378.9996453663432
14357,43,1,225.77,1,Regular,225.77,0,443.98663767146206
14358,389,2,400.06,0,At Risk,200.03,1,786.7355904984945
14359,19,3,912.18,1,Regular,304.06,0,1793.8421010371362
14360,32,4,2128.23,1,Regular,532.0575,0,4185.257925727668
14361,579,1,214.71,0,At Risk,214.71,1,422.2366610906658
14362,22,1,161.2,1,Regular,161.2,0,317.0068919371027
14363,402,2,227.47000000000003,0,At Risk,113.73500000000001,1,447.32976246236205
14364,109,8,3717.35,1,Regular,464.66875,1,7310.33231850117
14365,395,2,634.68,0,At Risk,317.34,1,1248.1261425225828
14366,525,1,136.0,0,At Risk,136.0,1,267.4499832719973
14367,8,16,9261.52,1,Regular,578.845,0,18213.186537303445
14368,320,1,155.0,0,At Risk,155.0,1,304.81431917029107
14369,642,2,469.13,0,At Risk,234.565,1,922.5647842087654
14370,451,6,1175.78,0,At Risk,195.96333333333334,1,2312.2230980260956
14371,295,1,100.5,0,At Risk,100.5,1,197.63767146202744
14372,443,2,860.08,0,At Risk,430.04,1,1691.3851589160254
14373,358,1,76.55,0,At Risk,76.55,1,150.53894279023083
14374,541,1,108.0,0,At Risk,108.0,1,212.38675142188023
14375,185,3,1132.99,1,Regular,377.66333333333336,1,2228.0746804951486
14376,683,1,215.46,0,At Risk,215.46,1,423.7115690866511
14377,191,2,617.05,1,Regular,308.525,1,1213.4559718969554
14378,622,1,131.25,0,At Risk,131.25,1,258.1088992974239
14379,44,4,1268.91,1,Regular,317.2275,0,2495.3673402475747
14380,682,1,48.96,0,At Risk,48.96,1,96.28199397791903
14381,52,2,631.34,1,Regular,315.67,0,1241.5578855804617
14382,26,2,1246.8,1,Regular,623.4,0,2451.887052525928
14383,38,3,1247.69,1,Regular,415.8966666666667,0,2453.637276681164
14384,501,1,58.5,0,At Risk,58.5,1,115.04282368685179
14385,9,3,202.11,1,Regular,67.37,0,397.4582067581131
14386,297,1,142.4,0,At Risk,142.4,1,280.03586483773836
14387,33,3,1770.56,1,Regular,590.1866666666666,0,3481.8841351622614
14388,10,16,6701.0,1,Regular,418.8125,0,13177.811308129809
14389,65,5,1898.01,1,Regular,379.602,0,3732.5201672800263
14390,10,13,6399.83,1,Regular,492.2946153846154,0,12585.54725326196
14391,577,1,135.6,0,At Risk,135.6,1,266.6633656741385
14392,432,1,266.4,0,At Risk,266.4,1,523.8873201739711
14393,218,1,67.95,1,Regular,67.95,1,133.6266644362663
14394,565,1,93.8,0,At Risk,93.8,1,184.46182669789226
14395,2,20,8208.01,1,Regular,410.4005,0,16141.412773502843
14396,65,7,2121.93,1,Regular,303.1328571428571,0,4172.868698561391
14397,3,19,2612.96,1,Regular,137.52421052631578,0,5138.500796252927
14398,401,2,707.79,0,At Risk,353.895,1,1391.9001739712278
14399,394,8,2113.16,0,At Risk,264.145,1,4155.622107728337
14400,149,3,1732.47,1,Regular,577.49,1,3406.978474406156
14401,4,22,6795.9,1,Regular,308.9045454545454,0,13364.436333221813
14402,652,1,285.6,0,At Risk,285.6,1,561.6449648711944
14403,130,6,1880.51,1,Regular,313.41833333333335,1,3698.105647373704
14404,34,13,2899.11,1,Regular,223.00846153846155,0,5701.227360321178
14405,387,1,195.0,0,At Risk,195.0,1,383.4760789561726
14406,119,1,156.75,1,Regular,156.75,1,308.25577116092336
14407,107,6,2157.73,1,Regular,359.62166666666667,1,4243.270973569755
14408,11,11,4109.77,1,Regular,373.6154545454546,0,8082.043512880563
14409,71,9,3756.09,1,Regular,417.34333333333336,0,7386.516232853797
14410,92,11,2651.14,1,Regular,241.01272727272726,1,5213.583445968551
14411,311,1,1063.0,0,At Risk,1063.0,1,2090.4362663098027
14412,43,3,1426.19,1,Regular,475.3966666666667,0,2804.665379725661
14413,362,4,770.37,0,At Risk,192.5925,1,1514.9664971562395
14414,92,8,2399.33,1,Regular,299.91625,1,4718.38800267648
14415,1,23,12091.6,1,Regular,525.7217391304348,0,23778.66336567414
14416,22,2,490.22,1,Regular,245.11,0,964.0391970558716
14417,388,1,604.2,0,At Risk,604.2,1,1188.185881565741
14418,4,3,1937.25,1,Regular,645.75,0,3809.6873536299763
14419,11,7,1260.91,1,Regular,180.13000000000002,0,2479.6349882903983
14420,99,4,1639.17,1,Regular,409.7925,1,3223.499919705587
14421,57,6,2469.37,1,Regular,411.56166666666667,0,4856.124744061559
14422,1,19,10271.52,1,Regular,540.6063157894737,0,20199.395971896956
14423,218,3,916.61,1,Regular,305.5366666666667,1,1802.5538909334227
14424,18,1,322.08,1,Regular,322.08,0,633.3844897959183
14425,435,3,661.39,0,At Risk,220.46333333333334,1,1300.6525326196052
14426,24,17,11727.94,1,Regular,689.8788235294118,0,23063.509976580797
14427,50,4,1263.52,1,Regular,315.88,0,2484.7676681164266
14428,7,5,1244.83,1,Regular,248.96599999999998,0,2448.0129608564735
14429,404,1,516.28,0,At Risk,516.28,1,1015.2873335563733
14430,512,3,1220.9,0,At Risk,406.9666666666667,1,2400.95356306457
14431,303,4,2614.2,0,At Risk,653.55,1,5140.9393108062895
14432,10,6,2255.51,1,Regular,375.91833333333335,0,4435.559645366344
14433,466,1,289.6,0,At Risk,289.6,1,569.5111408497826
14434,22,6,1372.8,1,Regular,228.79999999999998,0,2699.671595851455
14435,502,1,90.42,0,At Risk,90.42,1,177.81490799598527
14436,99,2,271.7,1,Regular,135.85,1,534.3100033456005
14437,366,5,958.84,0,At Risk,191.768,1,1885.601043827367
14438,306,1,131.9,0,At Risk,131.9,1,259.38715289394446
14439,320,5,9443.04,0,At Risk,1888.6080000000002,1,18570.153603211776
14440,8,13,6638.7300000000005,1,Regular,510.6715384615385,0,13055.354613583138
14441,1,11,4611.6900000000005,1,Regular,419.2445454545455,0,9069.091274673805
14442,205,7,5367.02,1,Regular,766.7171428571429,1,10554.480950150553
14443,54,5,2386.4700000000003,1,Regular,477.29400000000004,0,4693.09824690532
14444,456,1,132.04,0,At Risk,132.04,1,259.662469053195
14445,456,1,221.65,0,At Risk,221.65,1,435.8844764135162
14446,1,5,1241.31,1,Regular,248.262,0,2441.090725995316
14447,19,6,1711.73,1,Regular,285.28833333333336,0,3366.1923519571765
14448,9,2,375.35,1,Regular,187.675,0,738.1422883907662
14449,19,8,2482.8,1,Regular,310.35,0,4882.535429909669
14450,181,7,1128.44,1,Regular,161.2057142857143,1,2219.126905319505
14451,60,12,3308.77,1,Regular,275.73083333333335,0,6506.841773168285
14452,11,4,665.59,1,Regular,166.3975,0,1308.9120173971228
14453,190,1,119.93,1,Regular,119.93,1,235.8476212780194
14454,376,5,977.3,0,At Risk,195.45999999999998,1,1921.9034459685513
14455,432,4,628.21,0,At Risk,157.0525,1,1235.4026028772164
14456,5,9,3062.4,1,Regular,340.26666666666665,0,6022.3443292070915
14457,311,1,113.64,0,At Risk,113.64,1,223.4780595516895
14458,381,1,237.42,0,At Risk,237.42,1,466.8968752091
14459,155,2,5375.741,1,Regular,2687.8705,1,10571.63118032787
14460,110,9,1093.5,1,Regular,121.5,1,2150.415858146537
14461,148,13,6713.5,1,Regular,516.4230769230769,1,13202.393108062897
14462,66,12,2270.01,1,Regular,189.16750000000002,0,4464.074533288725
14463,98,4,786.5699999999999,1,Regular,196.64249999999998,1,1546.8245098695215
14464,568,2,111.0,0,At Risk,55.5,1,218.28638340582134
14465,247,11,3946.03,1,Regular,358.73,1,7760.041599197056
14466,29,13,4646.9,1,Regular,357.45384615384614,0,9138.333288725325
14467,18,12,2220.99,1,Regular,185.08249999999998,0,4367.674546671127
14468,734,1,204.24,0,At Risk,204.24,1,401.64694546671126
14469,416,4,2112.21,0,At Risk,528.0525,1,4153.753890933423
14470,12,3,712.04,1,Regular,237.34666666666666,0,1400.2579859484777
14471,591,2,400.95,0,At Risk,200.475,1,788.4858146537304
14472,104,9,2228.22,1,Regular,247.57999999999998,1,4381.892659752425
14473,74,2,234.34,1,Regular,117.17,0,460.83991970558714
14474,46,2,1278.08,1,Regular,639.04,0,2513.4005486784877
14475,72,4,1151.15,1,Regular,287.7875,0,2263.787119437939
14476,257,1,215.7,0,At Risk,215.7,1,424.1835396453663
14477,20,7,1969.6,1,Regular,281.37142857142857,0,3873.305051856808
14478,382,4,1276.66,0,At Risk,319.165,1,2510.6080562060893
14479,254,4,1299.11,1,Regular,324.7775,1,2554.756968885915
14480,11,4,1299.52,1,Regular,324.88,0,2555.56325192372
14481,165,5,2311.49,1,Regular,462.29799999999994,1,4545.646778186684
14482,18,12,4357.91,1,Regular,363.15916666666664,0,8570.021739712278
14483,282,2,257.1,0,At Risk,128.55,1,505.59846102375377
14484,50,4,1070.98,1,Regular,267.745,0,2106.129287387086
14485,39,1,165.75,1,Regular,165.75,0,325.95466711274673
14486,512,2,175.5,0,At Risk,87.75,1,345.12847106055534
14487,27,7,1453.61,1,Regular,207.6585714285714,0,2858.588016058882
14488,68,1,1064.28,1,Regular,1064.28,0,2092.9534426229507
14489,207,4,1574.93,1,Regular,393.7325,1,3097.1691334894613
14490,406,2,1273.47,0,At Risk,636.735,1,2504.3347808631647
14491,175,2,468.13,1,Regular,234.065,1,920.5982402141184
14492,430,7,1921.91,0,At Risk,274.55857142857144,1,3779.520568752091
14493,7,10,5130.15,1,Regular,513.015,0,10088.665674138507
14494,26,3,401.46,1,Regular,133.82,0,789.4887520910003
14495,51,3,174.8,1,Regular,58.26666666666667,0,343.75189026430246
14496,312,7,2668.23,0,At Risk,381.17571428571426,1,5247.1916828370695
14497,309,2,697.0600000000001,0,At Risk,348.53000000000003,1,1370.7991569086653
14498,43,10,3911.27,1,Regular,391.127,0,7691.684529943124
14499,26,7,2138.9700000000003,1,Regular,305.56714285714287,0,4206.378608230178
14500,88,3,356.85,1,Regular,118.95,0,701.761224489796
14501,184,2,251.21,1,Regular,125.605,1,494.0155168952827
14502,20,11,2470.67,1,Regular,224.60636363636365,0,4858.6812512546
14503,3,6,3543.26,1,Regular,590.5433333333334,0,6967.976674473068
14504,47,4,673.26,1,Regular,168.315,0,1323.9954098360656
14505,17,19,12001.84,1,Regular,631.6757894736842,0,23602.14637671462
14506,17,7,3290.67,1,Regular,470.0957142857143,0,6471.247326865172
14507,24,11,3284.4300000000003,1,Regular,298.5845454545455,0,6458.976092338576
14508,22,5,874.9399999999999,1,Regular,174.988,0,1720.6080026764805
14509,534,1,110.95,0,At Risk,110.95,1,218.188056206089
14510,376,3,1007.28,0,At Risk,335.76,1,1980.8604349280695
14511,11,5,1314.81,1,Regular,262.962,0,2585.6317096018734
14512,188,7,1223.47,1,Regular,174.78142857142856,1,2406.007581130813
14513,101,6,788.01,1,Regular,131.335,1,1549.6563332218132
14514,61,9,4598.9800000000005,1,Regular,510.99777777777786,0,9044.09650050184
14515,18,12,3749.26,1,Regular,312.43833333333333,0,7373.084737370358
14516,516,1,163.92,0,At Risk,163.92,1,322.3558916025426
14517,33,2,330.45,1,Regular,165.225,0,649.8444630311141
14518,64,1,174.37,1,Regular,174.37,0,342.9062763466042
14519,684,2,206.09,0,At Risk,103.045,1,405.2850518568083
14520,2,2,270.6,1,Regular,135.3,0,532.1468049514888
14521,491,1,199.45,0,At Risk,199.45,1,392.22719973235195
14522,24,8,1758.62,1,Regular,219.8275,0,3458.4035998661757
14523,108,1,241.09,1,Regular,241.09,1,474.11409166945464
14524,32,13,2933.71,1,Regular,225.67000000000002,0,5769.2697825359655
14525,20,17,8240.64,1,Regular,484.74352941176465,0,16205.581104048175
14526,389,1,262.4,0,At Risk,262.4,1,516.021144195383
14527,3,122,27792.3,2,VIP,227.80573770491802,0,54654.7806624289
14528,37,1,364.22,1,Regular,364.22,0,716.2546537303447
14529,60,3,620.04,1,Regular,206.67999999999998,0,1219.33593844095
14530,26,16,6197.4,1,Regular,387.3375,0,12187.459752425559
14531,480,1,376.34,0,At Risk,376.34,1,740.0891669454667
14532,236,11,3859.18,1,Regular,350.83454545454543,1,7589.24725326196
14533,25,11,3466.37,1,Regular,315.12454545454545,0,6816.769106724657
14534,3,26,6271.11,1,Regular,241.19653846153844,0,12332.413710270992
14535,60,9,6030.7300000000005,1,Regular,670.0811111111111,0,11859.695864837737
14536,260,1,171.8,0,At Risk,171.8,1,337.85225828036135
14537,58,2,641.4,1,Regular,320.7,0,1261.3413181666108
14538,65,5,1370.84,1,Regular,274.168,0,2695.8171696219474
14539,16,2,537.48,1,Regular,268.74,0,1056.9780662428907
14540,10,11,3795.34,1,Regular,345.0309090909091,0,7463.703084643694
14541,59,14,2499.68,1,Regular,178.54857142857142,0,4915.73069253931
14542,186,1,103.25,1,Regular,103.25,1,203.04566744730678
14543,29,39,14906.77,1,Regular,382.22487179487183,0,29314.81902308465
14544,24,3,2982.43,1,Regular,994.1433333333333,0,5865.079805955169
14545,674,1,349.25,0,At Risk,349.25,1,686.8154901304785
14546,5,11,5197.9,1,Regular,472.5363636363636,0,10221.899029775845
14547,4,8,4007.54,1,Regular,500.9425,0,7881.003720307795
14548,151,9,2627.49,1,Regular,291.9433333333333,1,5167.074680495149
14549,311,4,916.55,0,At Risk,229.1375,1,1802.4358982937435
14550,11,4,1353.31,1,Regular,338.3275,0,2661.3436533957843
14551,18,7,880.04,1,Regular,125.72,0,1730.6373770491803
14552,152,3,511.28,1,Regular,170.42666666666665,1,1005.4546135831381
14553,19,9,1841.54,1,Regular,204.61555555555555,0,3621.4694279023083
14554,10,4,2381.04,1,Regular,595.26,0,4682.419913014386
14555,57,6,2315.63,1,Regular,385.93833333333333,0,4553.788270324523
14556,596,3,835.34,0,At Risk,278.44666666666666,1,1642.7328604884574
14557,85,1,788.38,1,Regular,788.38,0,1550.3839544998327
14558,654,3,655.5,0,At Risk,218.5,1,1289.069588491134
14559,390,1,75.6,0,At Risk,75.6,1,148.67072599531613
14560,7,44,6114.03,1,Regular,138.95522727272726,0,12023.508979591834
14561,76,3,1080.76,1,Regular,360.25333333333333,0,2125.362087654734
14562,4,26,6729.400000000001,1,Regular,258.82307692307694,0,13233.661157577786
14563,510,2,679.44,0,At Risk,339.72,1,1336.1486517229844
14564,435,2,2605.62,0,At Risk,1302.81,1,5124.066363332217
14565,96,5,3859.22,1,Regular,771.8439999999999,1,7589.3259150217455
14566,111,4,4092.0,1,Regular,1023.0,1,8047.098026095684
14567,57,2,1530.36,1,Regular,765.18,0,3009.5202676480426
14568,435,1,919.7,0,At Risk,919.7,1,1808.6305118768819
14569,1,4,598.98,1,Regular,149.745,0,1177.9205219136836
14570,281,3,613.75,0,At Risk,204.58333333333334,1,1206.9663767146203
14571,425,1,161.65,0,At Risk,161.65,1,317.89183673469387
14572,3,11,5615.18,1,Regular,510.4709090909091,0,11042.498507862161
14573,180,13,2621.42,1,Regular,201.64769230769232,1,5155.137758447641
14574,733,1,143.70000000000002,0,At Risk,143.70000000000002,1,282.59237203077953
14575,488,1,460.71,0,At Risk,460.71,1,906.0064837738373
14576,372,1,70.80000000000001,0,At Risk,70.80000000000001,1,139.2313148210104
14577,13,7,1374.25,1,Regular,196.32142857142858,0,2702.5230846436934
14578,3,1,168.63,1,Regular,168.63,0,331.6183138173302
14579,432,1,105.56,0,At Risk,105.56,1,207.58838407494144
14580,518,1,14.85,0,At Risk,14.85,1,29.20317832050853
14581,17,2,433.8,1,Regular,216.9,0,853.0867848778856
14582,41,1,114.11,1,Regular,114.11,0,224.40233522917364
14583,6,8,1781.03,1,Regular,222.62875,0,3502.473850786216
14584,169,8,1747.91,1,Regular,218.48875,1,3437.3419136835064
14585,50,5,1143.27,1,Regular,228.654,0,2248.2907527601205
14586,277,1,237.36,0,At Risk,237.36,1,466.7788825694212
14587,19,9,1601.14,1,Regular,177.90444444444447,0,3148.7122515891606
14588,578,1,135.39,0,At Risk,135.39,1,266.2503914352626
14589,372,1,79.5,0,At Risk,79.5,1,156.34024757443962
14590,425,20,3006.62,0,At Risk,150.331,1,5912.65050518568
14591,15,4,1447.14,1,Regular,361.785,0,2845.8644764135165
14592,35,3,570.46,1,Regular,190.15333333333334,0,1121.83468718635
14593,22,12,3712.01,1,Regular,309.3341666666667,0,7299.830973569756
14594,7,2,634.83,1,Regular,317.415,0,1248.42112412178
14595,20,8,2164.45,1,Regular,270.55625,0,4256.486149213783
14596,627,1,229.47,0,At Risk,229.47,1,451.26285045165605
14597,11,6,2201.54,1,Regular,366.92333333333335,0,4329.425265975243
14598,44,2,384.04,1,Regular,192.02,0,755.231555704249
14599,390,2,474.54,0,At Risk,237.27,1,933.203787219806
14600,306,2,865.17,0,At Risk,432.585,1,1701.3948678487786
14601,11,1,213.96,1,Regular,213.96,0,420.7617530946805
14602,656,1,205.36,0,At Risk,205.36,1,403.849474740716
14603,275,1,660.0,0,At Risk,660.0,1,1297.9190364670458
14604,633,1,143.86,0,At Risk,143.86,1,282.9070190699231
14605,374,4,937.16,0,At Risk,234.29,1,1842.9663700234191
14606,1,192,30861.06,2,VIP,160.7346875,0,60689.63221144195
14607,16,22,24137.63,1,Regular,1097.165,0,47467.71132151221
14608,4,11,3352.94,1,Regular,304.8127272727273,0,6593.704021411843
14609,72,10,1486.2,1,Regular,148.62,0,2922.6776848444297
14610,396,2,24.35,0,At Risk,12.175,1,47.88534626965541
14611,444,2,604.33,0,At Risk,302.165,1,1188.4415322850452
14612,415,1,877.7,0,At Risk,877.7,1,1726.0356641017063
14613,680,1,76.32000000000001,0,At Risk,76.32000000000001,1,150.08663767146203
14614,386,1,295.13,0,At Risk,295.13,1,580.3861291401806
14615,394,5,951.76,0,At Risk,190.352,1,1871.677912345266
14616,243,5,527.78,1,Regular,105.556,1,1037.9025894948143
14617,403,2,190.47,0,At Risk,95.235,1,374.56763466042156
14618,9,7,1342.32,1,Regular,191.76,0,2639.7313348946136
14619,246,2,1291.24,1,Regular,645.62,1,2539.280267648043
14620,206,2,412.78,1,Regular,206.39,1,811.7500301104047
14621,1,9,3000.57,1,Regular,333.3966666666667,0,5900.752914018067
14622,185,1,320.58000000000004,1,Regular,320.58000000000004,1,630.4346738039479
14623,32,10,2059.58,1,Regular,205.958,0,4050.2546804951485
14624,57,6,814.07,1,Regular,135.67833333333334,0,1600.9044697223153
14625,196,11,4497.88,1,Regular,408.89818181818185,1,8845.278902643024
14626,24,11,5410.92,1,Regular,491.9018181818182,0,10640.812231515558
14627,379,1,462.75,0,At Risk,462.75,1,910.0182335229174
14628,91,5,1998.0,1,Regular,399.6,1,3929.1549013047843
14629,4,2,959.01,1,Regular,479.505,0,1885.935356306457
14630,484,1,338.65,0,At Risk,338.65,1,665.9701237872198
14631,51,6,2025.69,1,Regular,337.615,0,3983.608504516561
14632,263,1,114.56,0,At Risk,114.56,1,225.2872800267648
14633,266,1,344.90000000000003,0,At Risk,344.90000000000003,1,678.2610237537639
14634,438,4,2124.46,0,At Risk,531.115,1,4177.844054867849
14635,454,1,215.22,0,At Risk,215.22,1,423.23959852793575
14636,36,2,609.85,1,Regular,304.925,0,1199.2968551354968
14637,677,1,106.68,0,At Risk,106.68,1,209.79091334894613
14638,51,1,443.6,1,Regular,443.6,0,872.3589160254265
14639,52,9,4978.96,1,Regular,553.2177777777778,0,9791.343887587822
14640,24,10,3667.06,1,Regular,366.706,0,7211.434821010372
14641,22,1,110.46,1,Regular,110.46,0,217.22444964871192
14642,59,1,96.12,1,Regular,96.12,0,189.02420876547342
14643,170,5,1679.89,1,Regular,335.978,1,3303.5775911676146
14644,68,7,2247.72,1,Regular,321.1028571428571,0,4420.240267648042
14645,157,3,876.89,1,Regular,292.2966666666667,1,1724.4427634660424
14646,2,151,528602.52,3,Key Accounts (Wholesale/Bulk),3500.678940397351,0,1039520.1112612914
14647,201,2,519.97,1,Regular,259.985,1,1022.543880896621
14648,416,15,4546.86,0,At Risk,303.12399999999997,1,8941.600227500836
14649,5,9,3775.31,1,Regular,419.4788888888889,0,7424.313208430913
14650,589,1,62.5,0,At Risk,62.5,1,122.90899966543995
14651,67,9,2034.12,1,Regular,226.01333333333332,0,4000.186470391435
14652,77,1,114.18,1,Regular,114.18,0,224.53999330879893
14653,1,12,3614.54,1,Regular,301.21166666666664,0,7108.151930411509
14654,738,1,246.86,0,At Risk,246.86,1,485.4610505185681
14655,8,7,3878.51,1,Regular,554.0728571428572,0,7627.260548678488
14656,169,5,814.65,1,Regular,162.93,1,1602.0450652392105
14657,18,6,1460.87,1,Regular,243.47833333333332,0,2872.86512546002
14658,5,2,247.15,1,Regular,123.575,0,486.03134827701575
14659,9,9,2529.93,1,Regular,281.1033333333333,0,4975.218648377383
14660,87,2,285.74,1,Regular,142.87,0,561.9202810304449
14661,27,1,107.95,1,Regular,107.95,0,212.28842422214788
14662,29,7,1416.33,1,Regular,202.33285714285714,0,2785.2752559384408
14663,430,2,490.6,0,At Risk,245.3,1,964.7864837738374
14664,20,2,637.89,1,Regular,318.945,0,1254.4387487453998
14665,61,7,2749.65,1,Regular,392.8071428571429,0,5407.307694881231
14666,24,1,195.25,1,Regular,195.25,0,383.9677149548344
14667,11,54,21927.14,1,Regular,406.0581481481481,0,43120.685486784874
14668,445,1,111.63,0,At Risk,111.63,1,219.52530612244897
14669,242,7,3243.93,1,Regular,463.4185714285714,1,6379.331060555369
14670,280,3,602.0,0,At Risk,200.66666666666666,1,1183.8594847775175
14671,549,2,1127.45,0,At Risk,563.725,1,2217.1800267648046
14672,235,4,1113.14,1,Regular,278.285,1,2189.0387822014054
14673,3,7,3410.81,1,Regular,487.25857142857143,0,6707.507922382068
14674,509,1,173.66,0,At Risk,173.66,1,341.5100301104048
14675,16,2,1066.9,1,Regular,533.45,0,2098.105787888926
14676,31,12,8356.79,1,Regular,696.3991666666667,0,16433.99518902643
14677,593,1,184.91,0,At Risk,184.91,1,363.633650050184
14678,579,1,403.39,0,At Risk,403.39,1,793.284182000669
14679,382,3,1289.44,0,At Risk,429.81333333333333,1,2535.740488457678
14680,25,58,57412.77,2,VIP,989.8753448275861,0,112904.73805955169
14681,71,6,875.1500000000001,1,Regular,145.85833333333335,0,1721.0209769153564
14682,188,6,1514.81,1,Regular,252.46833333333333,1,2978.940508531281
14683,588,1,146.56,0,At Risk,146.56,1,288.21668785547007
14684,26,6,1468.55,1,Regular,244.75833333333333,0,2887.968183338909
14685,576,8,4619.79,0,At Risk,577.47375,1,9085.020281030445
14686,414,5,885.83,0,At Risk,177.166,1,1742.0236667781865
14687,107,3,1402.06,1,Regular,467.3533333333333,1,2757.2126731348276
14688,8,28,7713.57,1,Regular,275.48464285714283,0,15169.074760789561
14689,209,1,112.8,1,Regular,112.8,1,221.826162596186
14690,44,4,794.33,1,Regular,198.5825,0,1562.0848912679826
14691,31,5,2114.33,1,Regular,422.866,0,4157.922964202074
14692,137,12,1745.09,1,Regular,145.42416666666665,1,3431.7962596186007
14693,265,7,1165.36,1,Regular,166.48,1,2291.7317096018733
14694,617,1,244.31,0,At Risk,244.31,1,480.44636333221814
14695,519,3,1620.07,0,At Risk,540.0233333333333,1,3185.9389294078287
14696,4,8,2767.9,1,Regular,345.9875,0,5443.197122783539
14697,218,2,188.61,1,Regular,94.305,1,370.9098628303781
14698,2,5,1250.76,1,Regular,250.152,0,2459.674566744731
14699,214,4,702.6,1,Regular,175.65,1,1381.6938106390098
14700,32,5,3116.26,1,Regular,623.2520000000001,0,6128.262388758782
14701,11,15,4562.09,1,Regular,304.13933333333335,0,8971.550692539311
14702,1,29,6754.22,1,Regular,232.90413793103448,0,13282.470779524925
14703,15,1,318.17,1,Regular,318.17,0,625.6953027768485
14704,11,11,1813.57,1,Regular,164.87,0,3566.465192372031
14705,199,1,179.0,1,Regular,179.0,1,352.01137504182
14706,619,1,390.69,0,At Risk,390.69,1,768.3090732686517
14707,436,2,139.2,0,At Risk,69.6,1,273.74292405486784
14708,3,5,2212.28,1,Regular,442.456,0,4350.545948477752
14709,15,25,8886.33,1,Regular,355.4532,0,17475.358895951824
14710,14,13,1922.59,1,Regular,147.89153846153846,0,3780.857818668451
14711,10,11,2868.8,1,Regular,260.8,0,5641.621411843426
14712,29,4,1328.0700000000002,1,Regular,332.01750000000004,0,2611.7080829708934
14713,9,21,5418.87,1,Regular,258.0414285714286,0,10656.446256273
14714,24,4,906.24,1,Regular,226.56,0,1782.1608297089326
14715,25,8,1840.45,1,Regular,230.05625,0,3619.3258949481433
14716,43,3,565.45,1,Regular,188.48333333333335,0,1111.9823017731683
14717,733,1,81.3,0,At Risk,81.3,1,159.88002676480428
14718,410,1,226.42,0,At Risk,226.42,1,445.2648912679826
14719,2,5,1602.13,1,Regular,320.42600000000004,0,3150.659130143861
14720,6,3,663.81,1,Regular,221.26999999999998,0,1305.4115690866508
14721,379,1,115.77,0,At Risk,115.77,1,227.66679826028772
14722,147,3,513.37,1,Regular,171.12333333333333,1,1009.5646905319504
14723,10,11,2093.06,1,Regular,190.27818181818182,0,4116.094573435931
14724,590,1,345.25,0,At Risk,345.25,1,678.9493141518902
14725,25,4,1315.24,1,Regular,328.81,0,2586.4773235195717
14726,655,1,124.75,0,At Risk,124.75,1,245.32636333221814
14727,274,3,467.93,0,At Risk,155.97666666666666,1,920.2049314151889
14728,413,1,190.58,0,At Risk,190.58,1,374.78395449983276
14729,374,3,907.38,0,At Risk,302.46,1,1784.4026898628301
14730,1,8,2005.06,1,Regular,250.6325,0,3943.038701906992
14731,47,3,380.02,1,Regular,126.67333333333333,0,747.3260488457678
14732,8,19,5517.07,1,Regular,290.3721052631579,0,10849.560876547339
14733,16,15,16184.97,1,Regular,1078.998,0,31828.45555704249
14734,426,4,1056.42,0,At Risk,264.105,1,2077.496406825025
14735,4,56,12240.16,1,Regular,218.5742857142857,0,24070.813141518902
14736,485,2,401.08,0,At Risk,200.54,1,788.7414653730344
14737,4,4,3554.17,1,Regular,888.5425,0,6989.431669454667
14738,43,9,1821.9,1,Regular,202.43333333333334,0,3582.8465038474405
14739,4,25,12287.5,1,Regular,491.5,0,24163.909334225493
14740,197,11,4161.06,1,Regular,378.27818181818185,1,8182.907554366009
14741,12,7,1897.59,1,Regular,271.0842857142857,0,3731.6942188022754
14742,435,1,579.85,0,At Risk,579.85,1,1140.3005352960856
14743,593,1,50.48,0,At Risk,50.48,1,99.27114084978253
14744,16,14,3885.08,1,Regular,277.5057142857143,0,7640.18074272332
14745,113,12,2571.81,1,Regular,214.3175,1,5057.577510873201
14746,406,4,593.5,0,At Risk,148.375,1,1167.1438608230178
14747,249,1,328.2,1,Regular,328.2,1,645.4197390431582
14748,29,10,3152.32,1,Regular,315.232,0,6199.175965205754
14749,480,1,310.15,0,At Risk,310.15,1,609.9236199397791
14750,736,1,112.03,0,At Risk,112.03,1,220.3119237203078
14751,684,2,126.45,0,At Risk,63.225,1,248.6694881231181
14752,44,1,389.64,1,Regular,389.64,0,766.2442020742723
14753,87,2,869.51,1,Regular,434.755,0,1709.929668785547
14754,45,6,1550.48,1,Regular,258.41333333333336,0,3049.087132820341
14755,10,25,9972.55,1,Regular,398.902,0,19611.45831381733
14756,15,3,2653.76,1,Regular,884.5866666666667,0,5218.735791234527
14757,75,1,420.5,1,Regular,420.5,0,826.9317497490799
14758,145,7,2864.9700000000003,1,Regular,409.2814285714286,1,5634.089548343928
14759,5,3,1625.97,1,Regular,541.99,0,3197.541538976246
14760,297,1,89.2,0,At Risk,89.2,1,175.4157243225159
14761,59,3,447.92,1,Regular,149.30666666666667,0,880.8543860823017
14762,264,2,417.57,0,At Risk,208.785,1,821.1697758447641
14764,47,1,278.3,1,Regular,278.3,0,547.289193710271
14765,29,3,254.11,1,Regular,84.70333333333333,0,499.71849447975916
14766,8,11,6556.13,1,Regular,596.0118181818182,0,12892.918079625293
14767,474,1,382.81,0,At Risk,382.81,1,752.812706590833
14768,17,2,192.6,1,Regular,96.3,0,378.75637336901974
14769,3,17,15771.88,1,Regular,927.7576470588235,0,31016.09589829374
14770,232,8,3637.64,1,Regular,454.705,1,7153.579096687855
14771,621,2,594.62,0,At Risk,297.31,1,1169.3463900970223
14772,112,1,139.26,1,Regular,139.26,1,273.86091669454663
14773,593,1,140.55,0,At Risk,140.55,1,276.39775844764137
14774,529,1,241.45,0,At Risk,241.45,1,474.82204750752754
14775,58,3,1418.46,1,Regular,472.82,0,2789.4639946470393
14776,51,15,3708.3,1,Regular,247.22,0,7292.535095349615
14777,404,1,307.56,0,At Risk,307.56,1,604.8302709936434
14778,127,2,730.86,1,Regular,365.43,1,1437.268343927735
14779,281,3,386.15,0,At Risk,128.71666666666667,1,759.3809635329541
14780,55,2,447.68,1,Regular,223.84,0,880.3824155235865
14782,320,1,200.1,0,At Risk,200.1,1,393.50545332887253
14783,659,1,307.3,0,At Risk,307.3,1,604.3189695550351
14784,26,3,449.93,1,Regular,149.97666666666666,0,884.8071395115422
14785,10,2,77.4,1,Regular,38.7,0,152.21050518568083
14786,550,1,90.96,0,At Risk,90.96,1,178.87684175309465
14787,471,1,110.65,0,At Risk,110.65,1,217.5980930076949
14788,7,3,1156.32,1,Regular,385.44,0,2273.9541518902643
14789,29,1,197.64,1,Regular,197.64,0,388.66775510204076
14790,17,10,2526.62,1,Regular,252.66199999999998,0,4968.7093877551015
14791,607,1,303.63,0,At Risk,303.63,1,597.1017530946805
14792,64,1,6.2,1,Regular,6.2,0,12.192572766811642
14793,21,2,625.9,1,Regular,312.95,0,1230.8598862495817
14794,3,10,1953.9,1,Regular,195.39000000000001,0,3842.43031114085
14795,166,1,131.45000000000002,1,Regular,131.45000000000002,1,258.50220809635334
14796,1,27,10889.64,1,Regular,403.32,0,21414.956145868182
14797,507,1,300.31,0,At Risk,300.31,1,590.5728270324523
14798,53,8,724.31,1,Regular,90.53875,0,1424.3874807627967
14799,51,2,338.15000000000003,1,Regular,169.07500000000002,0,664.9868517898964
14800,48,17,7774.32,1,Regular,457.3129411764706,0,15288.542308464368
14801,61,1,193.14,1,Regular,193.14,0,379.8183071261291
14802,438,2,1502.98,0,At Risk,751.49,1,2955.6762930746067
14803,162,3,845.5500000000001,1,Regular,281.85,1,1662.811274673804
14804,9,1,353.27,1,Regular,353.27,0,694.7209969889594
14805,15,7,1104.64,1,Regular,157.8057142857143,0,2172.3231582469057
14806,75,2,303.43,1,Regular,151.715,0,596.7084442957511
14807,391,2,519.29,0,At Risk,259.645,1,1021.2066309802609
14808,40,8,2741.17,1,Regular,342.64625,0,5390.631401806624
14809,621,2,686.76,0,At Risk,343.38,1,1350.5437537638006
14810,41,13,2537.02,1,Regular,195.1553846153846,0,4989.161445299431
14811,387,1,170.5,0,At Risk,170.5,1,335.2957510873202
14812,599,1,185.8,0,At Risk,185.8,1,365.3838742054199
14813,370,4,1090.87,0,At Risk,272.7175,1,2145.2438474406154
14814,581,1,160.46,0,At Risk,160.46,1,315.5516493810639
14815,37,2,778.5,1,Regular,389.25,0,1530.9544998327199
14816,197,1,271.85,1,Regular,271.85,1,534.6049849447976
14817,200,7,3959.86,1,Regular,565.6942857142857,1,7787.238902643024
14818,74,6,1170.41,1,Regular,195.06833333333336,0,2301.662756774841
14819,64,4,470.16,1,Regular,117.54,0,924.590324523252
14820,21,9,1274.76,1,Regular,141.64,0,2506.871622616259
14821,367,7,1286.45,0,At Risk,183.77857142857144,1,2529.8605219136834
14822,485,1,157.7,0,At Risk,157.7,1,310.12398795583806
14823,180,3,321.43,1,Regular,107.14333333333333,1,632.1062361993978
14824,10,10,4022.91,1,Regular,402.291,0,7911.22950150552
14825,4,24,4925.08,1,Regular,205.21166666666667,0,9685.38649715624
14826,582,2,385.2,0,At Risk,192.6,1,757.5127467380395
14828,197,13,9839.46,1,Regular,756.8815384615384,1,19349.730973569753
14829,29,7,1692.84,1,Regular,241.8342857142857,0,3329.0443358982934
14830,53,1,197.13,1,Regular,197.13,0,387.6648176647708
14831,680,3,1676.57,0,At Risk,558.8566666666667,1,3297.0486651053866
14832,630,1,322.69,0,At Risk,322.69,1,634.584081632653
14833,499,1,94.8,0,At Risk,94.8,1,186.4283706925393
14834,18,7,2206.16,1,Regular,315.1657142857143,0,4338.510699230512
14835,529,2,297.0,0,At Risk,148.5,1,584.0635664101707
14836,10,3,102.45,1,Regular,34.15,0,201.47243225158914
14837,90,9,3460.32,1,Regular,384.48,0,6804.871515557043
14838,423,2,773.6700000000001,0,At Risk,386.83500000000004,1,1521.456092338575
14839,418,3,915.28,0,At Risk,305.0933333333333,1,1799.9383874205419
14840,268,2,362.71,0,At Risk,181.355,1,713.2851722984275
14841,53,14,7163.0,1,Regular,511.64285714285717,0,14086.354633656741
14842,44,4,2824.69,1,Regular,706.1725,0,5554.877156239545
14843,437,1,211.8,0,At Risk,211.8,1,416.5140180662429
14844,64,10,6702.43,1,Regular,670.243,0,13180.623466042154
14845,600,1,150.0,0,At Risk,150.0,1,294.98159919705586
14846,427,1,437.4,0,At Risk,437.4,1,860.1663432586149
14847,149,3,1348.95,1,Regular,449.65000000000003,1,2652.7695215791236
14848,405,1,310.56,0,At Risk,310.56,1,610.7299029775845
14849,22,43,15763.45,1,Regular,366.59186046511627,0,30999.517932418865
14850,312,7,1794.01,0,At Risk,256.28714285714284,1,3527.999591836734
14851,23,3,829.41,1,Regular,276.46999999999997,0,1631.0712546002005
14852,58,18,6147.18,1,Regular,341.51,0,12088.699913014387
14853,24,5,1376.87,1,Regular,275.37399999999997,0,2707.6754299096683
14854,78,11,4322.86,1,Regular,392.9872727272727,0,8501.0943726999
14855,119,7,6520.3,1,Regular,931.4714285714286,1,12822.456808297089
14856,36,3,1311.38,1,Regular,437.1266666666667,0,2578.8864637002343
14857,60,7,3651.851,1,Regular,521.693,0,7181.525653395784
14858,506,1,180.75,0,At Risk,180.75,1,355.4528270324523
14859,13,5,1705.64,1,Regular,341.12800000000004,0,3354.2160990297766
14860,19,1,170.32,1,Regular,170.32,0,334.9417731682837
14861,52,10,1380.73,1,Regular,138.073,0,2715.2662897290065
14862,26,2,841.2,1,Regular,420.6,0,1654.2568082970895
14863,29,1,266.76,1,Regular,266.76,0,524.5952760120441
14865,7,4,129.72,1,Regular,32.43,0,255.1000869856139
14866,11,19,20850.22,1,Regular,1097.38,0,41002.87492806959
14867,186,16,2952.06,1,Regular,184.50375,1,5805.355864837738
14868,3,12,4184.01,1,Regular,348.6675,0,8228.039739043159
14869,9,6,2804.24,1,Regular,467.3733333333333,0,5514.661331549012
14870,262,6,1838.95,1,Regular,306.4916666666667,1,3616.3760789561725
14871,3,9,1258.97,1,Regular,139.88555555555556,0,2475.8198929407827
14872,484,3,816.6,0,At Risk,272.2,1,1605.879826028772
14873,210,2,854.13,1,Regular,427.065,1,1679.6842221478755
14874,535,1,116.18,0,At Risk,116.18,1,228.473081298093
14875,108,3,2862.4,1,Regular,954.1333333333333,1,5629.035530277685
14876,521,2,256.7,0,At Risk,128.35,1,504.8118434258949
14877,418,2,437.0,0,At Risk,218.5,1,859.3797256607561
14878,13,25,4105.24,1,Regular,164.2096,0,8073.13506858481
14879,685,1,185.06,0,At Risk,185.06,1,363.9286316493811
14880,77,3,706.19,1,Regular,235.39666666666668,0,1388.7537035797927
14881,20,1,255.4,1,Regular,255.4,0,502.2553362328538
14882,27,14,3628.15,1,Regular,259.1535714285714,0,7134.916594178654
14883,19,6,761.59,1,Regular,126.93166666666667,0,1497.7002408832386
14884,669,1,120.6,0,At Risk,120.6,1,237.16520575443292
14885,132,3,1598.12,1,Regular,532.7066666666666,1,3142.773288725326
14886,253,1,364.8,0,At Risk,364.8,1,717.3952492472399
14887,79,1,1862.0,1,Regular,1862.0,0,3661.7049180327867
14888,207,1,369.2,1,Regular,369.2,1,726.0480428236868
14889,336,1,135.9,0,At Risk,135.9,1,267.2533288725326
14890,254,3,817.25,1,Regular,272.4166666666667,1,1607.1580796252927
14891,148,4,1106.73,1,Regular,276.6825,1,2176.4332351957178
14892,691,1,202.35,0,At Risk,202.35,1,397.93017731682835
14893,10,3,1809.61,1,Regular,603.2033333333333,0,3558.6776781532276
14894,85,3,1492.81,1,Regular,497.6033333333333,0,2935.6765406490463
14895,8,38,25119.54,1,Regular,661.0405263157895,0,49398.68053529609
14896,205,8,2092.42,1,Regular,261.5525,1,4114.835985279357
14897,8,8,3140.54,1,Regular,392.5675,0,6176.010076948812
14898,23,14,3507.81,1,Regular,250.55785714285713,0,6898.2626898628305
14899,395,1,1384.88,0,At Risk,1384.88,1,2723.4274473067917
14900,522,1,13.919999999999998,0,At Risk,13.919999999999998,1,27.37429240548678
14901,11,12,2289.65,1,Regular,190.80416666666667,0,4502.697457343594
14902,26,3,1035.62,1,Regular,345.20666666666665,0,2036.5922917363664
14903,21,5,2810.63,1,Regular,562.126,0,5527.227547674808
14904,2,4,1640.64,1,Regular,410.16,0,3226.3907393777185
14905,158,8,1971.39,1,Regular,246.42375,1,3876.8251656072266
14906,445,1,68.44,0,At Risk,68.44,1,134.59027099364334
14907,3,16,6165.79,1,Regular,385.361875,0,12125.297296754767
14908,74,2,381.9,1,Regular,190.95,0,751.0231515557042
14909,437,3,1404.68,0,At Risk,468.2266666666667,1,2762.365018400803
14910,3,4,434.35,1,Regular,108.5875,0,854.1683840749415
14911,1,398,295972.63,3,Key Accounts (Wholesale/Bulk),743.6498241206031,0,582043.1981063901
14912,17,6,1889.25,1,Regular,314.875,0,3715.2932418869186
14913,36,8,4073.13,1,Regular,509.14125,0,8009.989340916694
14915,91,11,1811.25,1,Regular,164.6590909090909,1,3561.9028103044498
14916,71,8,3042.95,1,Regular,380.36875,0,5984.095048511207
14917,597,2,1123.75,0,At Risk,561.875,1,2209.90381398461
14918,116,9,5955.81,1,Regular,661.7566666666667,1,11712.36238875878
14919,539,1,359.35,0,At Risk,359.35,1,706.6775844764136
14920,213,3,1607.17,1,Regular,535.7233333333334,1,3160.570511876882
14921,30,2,1316.07,1,Regular,658.035,0,2588.109555035129
14922,394,2,843.74,0,At Risk,421.87,1,1659.2518300434929
14923,51,1,749.1,1,Regular,749.1,0,1473.138106390097
14924,246,3,931.01,1,Regular,310.33666666666664,1,1830.8721244563399
14926,382,2,359.4,0,At Risk,179.7,1,706.7759116761458
14927,397,1,308.2,0,At Risk,308.2,1,606.0888591502174
14928,628,1,223.91000000000005,0,At Risk,223.91000000000005,1,440.32886584141863
14929,32,2,836.69,1,Regular,418.345,0,1645.3876948812313
14930,109,6,5246.63,1,Regular,874.4383333333334,1,10317.728718634995
14931,5,5,1257.68,1,Regular,251.536,0,2473.283051187688
14932,366,2,1029.66,0,At Risk,514.83,1,2024.8716895282705
14933,444,4,1770.0,0,At Risk,442.5,1,3480.782870525259
14934,82,5,3503.5,1,Regular,700.7,0,6889.786885245901
14935,297,2,2849.83,0,At Risk,1424.915,1,5604.316072264971
14936,34,12,12410.81,1,Regular,1034.2341666666666,0,24406.403874205418
14937,57,3,1621.88,1,Regular,540.6266666666667,0,3189.49837403814
14938,562,2,2322.43,0,At Risk,1161.215,1,4567.160769488123
14940,418,2,531.49,0,At Risk,265.745,1,1045.1984677149549
14941,579,1,182.1,0,At Risk,182.1,1,358.1076614252258
14942,402,4,746.56,0,At Risk,186.64,1,1468.1430846436933
14943,663,1,107.62,0,At Risk,107.62,1,211.63946470391437
14944,30,19,9784.67,1,Regular,514.9826315789473,0,19241.984028103045
14945,414,1,179.4,0,At Risk,179.4,1,352.79799263967885
14946,14,1,100.9,1,Regular,100.9,0,198.42428905988626
14947,72,6,1049.79,1,Regular,174.965,0,2064.458220140515
14948,23,6,1101.97,1,Regular,183.66166666666666,0,2167.072485781198
14949,469,4,515.0,0,At Risk,128.75,1,1012.7701572432252
14950,19,1,371.2,1,Regular,371.2,0,729.981130812981
14951,79,1,311.69,1,Regular,311.69,0,612.9520976915356
14952,60,32,17629.35,1,Regular,550.9171875,0,34668.89237203078
14953,25,4,1013.77,1,Regular,253.4425,0,1993.6233054533288
14954,12,2,503.44,1,Regular,251.72,0,990.0369086651053
14955,733,1,163.77,0,At Risk,163.77,1,322.0609100033456
14956,421,1,1325.0,0,At Risk,1325.0,1,2605.670792907327
14957,253,2,333.29,1,Regular,166.645,1,655.4294479759117
14958,147,6,957.94,1,Regular,159.65666666666667,1,1883.8311542321846
14959,64,4,695.42,1,Regular,173.855,0,1367.5740247574438
14960,8,2,221.27,1,Regular,110.635,0,435.1371896955504
14961,11,22,16410.15,1,Regular,745.9159090909092,0,32271.281933757113
14962,271,4,366.91,0,At Risk,91.7275,1,721.5446570759452
14963,10,12,3164.48,1,Regular,263.70666666666665,0,6223.089140180661
14964,247,1,206.21,1,Regular,206.21,1,405.52103713616594
14965,96,2,599.0,1,Regular,299.5,1,1177.9598527935764
14966,15,6,1115.84,1,Regular,185.97333333333333,0,2194.348450986952
14967,50,6,1982.61,1,Regular,330.435,0,3898.8897892271666
14968,30,2,504.99,1,Regular,252.495,0,993.0850518568083
14969,704,1,906.23,0,At Risk,906.23,1,1782.1411642689864
14970,68,12,4919.35,1,Regular,409.9458333333334,0,9674.118200066912
14971,35,3,1116.57,1,Regular,372.19,0,2195.7840281030444
14972,128,2,145.07,1,Regular,72.535,1,285.2865373034459
14973,107,3,1314.45,1,Regular,438.15000000000003,1,2584.9237537638005
14974,37,1,114.39,1,Regular,114.39,0,224.9529675476748
14975,57,2,472.39,1,Regular,236.195,0,928.9757176313148
14976,57,7,790.86,1,Regular,112.98,0,1555.2609836065574
14977,726,1,31.93,0,At Risk,31.93,1,62.791749749079955
14978,72,10,3142.14,1,Regular,314.214,0,6179.156547340247
14979,735,1,439.46,0,At Risk,439.46,1,864.2174238875878
14980,737,1,150.68,0,At Risk,150.68,1,296.31884911341587
14981,246,2,372.92,1,Regular,186.46,1,733.3635864837738
14982,572,1,237.78,0,At Risk,237.78,1,467.604831047173
14983,689,1,183.2,0,At Risk,183.2,1,360.27085981933755
14984,19,6,1271.41,1,Regular,211.90166666666667,0,2500.283700234192
14985,198,2,296.75,1,Regular,148.375,1,583.5719304115089
14986,376,2,566.9,0,At Risk,283.45,1,1114.8337905654064
14987,16,8,1713.85,1,Regular,214.23125,0,3370.3614252258276
14988,212,7,2066.6,1,Regular,295.2285714285714,1,4064.059819337571
14989,662,1,342.4,0,At Risk,342.4,1,673.3446637671461
14990,612,2,305.42,0,At Risk,152.71,1,600.6218668450987
14991,430,1,314.67,0,At Risk,314.67,1,618.8123987955838
14992,442,1,210.5,0,At Risk,210.5,1,413.9575108732017
14993,564,1,36.13,0,At Risk,36.13,1,71.05123452659753
14994,382,5,960.63,0,At Risk,192.126,1,1889.1211575777852
14995,39,2,233.23,1,Regular,116.615,0,458.6570558715289
14996,481,2,442.29,0,At Risk,221.145,1,869.782743392439
14997,46,4,776.6,1,Regular,194.15,0,1527.2180662428907
14998,170,4,770.73,1,Regular,192.6825,1,1515.6744529943126
14999,593,1,129.48000000000002,0,At Risk,129.48000000000002,1,254.62811642689866
15000,48,1,490.52,1,Regular,490.52,0,964.6291602542656
15001,394,2,230.86,0,At Risk,115.43,1,453.9963466042155
15002,116,9,4817.28,1,Regular,535.2533333333333,1,9473.393054533288
15003,473,6,1060.7,0,At Risk,176.78333333333333,1,2085.9132151221143
15004,147,1,1246.32,1,Regular,1246.32,1,2450.9431114084978
15005,16,56,14106.2,1,Regular,251.89642857142857,0,27740.462897290065
15006,51,2,825.14,1,Regular,412.57,0,1622.674111743058
15007,159,1,156.91,1,Regular,156.91,1,308.5704182000669
15008,480,2,360.0,0,At Risk,180.0,1,707.9558380729341
15009,12,3,1261.78,1,Regular,420.5933333333333,0,2481.345881565741
15010,36,1,308.94,1,Regular,308.94,0,607.5441017062562
15011,396,2,416.6,0,At Risk,208.3,1,819.2622281699565
15012,54,3,860.62,1,Regular,286.87333333333333,0,1692.4470926731349
15013,488,10,1641.3,0,At Risk,164.13,1,3227.6886584141853
15014,43,2,260.17,1,Regular,130.085,0,511.6357510873202
15015,501,13,2365.02,0,At Risk,181.92461538461538,1,4650.91587822014
15016,173,5,630.3,1,Regular,126.05999999999999,1,1239.5126798260287
15017,34,1,125.58,1,Regular,125.58,0,246.95859484777517
15018,39,3,607.46,1,Regular,202.48666666666668,0,1194.5968149882904
15019,267,1,266.0,0,At Risk,266.0,1,523.1007025761124
15020,379,1,203.42,0,At Risk,203.42,1,400.0343793911007
15021,9,12,2783.83,1,Regular,231.98583333333332,0,5474.524168618267
15022,12,5,1186.09,1,Regular,237.218,0,2332.4981666109065
15023,3,20,12170.68,1,Regular,608.534,0,23934.177664770825
15024,10,16,4075.51,1,Regular,254.719375,0,8014.669715623955
15025,33,2,1013.09,1,Regular,506.545,0,1992.286055536969
15026,80,5,1061.61,1,Regular,212.32199999999997,0,2087.702770157243
15027,31,10,3195.6,1,Regular,319.56,0,6284.287989294078
15028,8,6,1157.71,1,Regular,192.95166666666668,0,2276.6876480428236
15029,620,1,365.1,0,At Risk,365.1,1,717.985212445634
15030,72,8,1979.91,1,Regular,247.48875,0,3893.5801204416193
15031,4,14,3156.58,1,Regular,225.47,0,6207.553442622951
15032,256,8,13780.65,1,Regular,1722.58125,1,27100.254499832718
15033,5,10,2586.67,1,Regular,258.66700000000003,0,5086.800354633657
15034,16,14,8313.4,1,Regular,593.8142857142857,0,16348.666845098694
15035,90,1,252.73,1,Regular,252.73,0,497.00466376714616
15036,72,3,465.55,1,Regular,155.18333333333334,0,915.524556707929
15037,376,2,402.51,0,At Risk,201.255,1,791.5536232853797
15038,59,9,1309.86,1,Regular,145.54,0,2575.8973168283705
15039,10,93,40031.43,2,VIP,430.44548387096773,0,78723.56826363332
15040,542,1,7.49,0,At Risk,7.49,1,14.729414519906323
15041,170,2,294.02,1,Regular,147.01,1,578.2032653061224
15042,199,2,315.45,1,Regular,157.725,1,620.3463031114085
15043,31,6,2873.8,1,Regular,478.9666666666667,0,5651.454131816661
15044,19,35,16204.33,1,Regular,462.98085714285713,0,31866.527848778856
15045,152,2,735.66,1,Regular,367.83,1,1446.7077551020407
15046,9,25,7812.39,1,Regular,312.4956,0,15363.408638340583
15047,270,1,343.62,0,At Risk,343.62,1,675.7438474406156
15048,65,4,482.75,1,Regular,120.6875,0,949.3491134158581
15049,274,1,121.17000000000002,0,At Risk,121.17000000000002,1,238.28613583138176
15050,25,5,4193.79,1,Regular,838.758,0,8247.272539310807
15051,23,9,3935.16,1,Regular,437.24,0,7738.665265975242
15052,319,1,215.78,0,At Risk,215.78,1,424.3408631649381
15053,5,3,697.79,1,Regular,232.59666666666666,0,1372.2347340247572
15054,12,2,302.1,1,Regular,151.05,0,594.0929407828705
15055,475,3,560.07,0,At Risk,186.69000000000003,1,1101.4022950819674
15056,520,1,133.45,0,At Risk,133.45,1,262.43529608564734
15057,275,5,3255.96,0,At Risk,651.192,1,6402.988584810973
15058,25,16,3410.03,1,Regular,213.126875,0,6705.974018066243
15059,41,19,3523.57,1,Regular,185.45105263157896,0,6929.2554232184675
15060,8,4,303.09000000000003,1,Regular,75.77250000000001,0,596.0398193375711
15061,4,127,137818.52,2,VIP,1085.1851968503936,0,271026.1828571428
15062,71,8,2585.62,1,Regular,323.2025,0,5084.735483439277
15063,213,1,370.8,1,Regular,370.8,1,729.1945132151221
15064,410,4,1254.41,0,At Risk,313.6025,1,2466.8524523251926
15065,38,5,3326.86,1,Regular,665.3720000000001,0,6542.41655403145
15066,53,1,893.59,1,Regular,893.59,0,1757.2840481766477
15067,78,5,3877.88,1,Regular,775.576,0,7626.02162596186
15068,46,4,1176.85,1,Regular,294.2125,0,2314.3273001003677
15069,179,1,1109.53,1,Regular,1109.53,1,2181.939558380729
15070,373,3,843.25,0,At Risk,281.0833333333333,1,1658.2882234861158
15071,94,4,1455.5600000000002,1,Regular,363.89000000000004,1,2862.4227768484448
15072,479,1,187.52,0,At Risk,187.52,1,368.7663298762128
15073,10,8,2788.02,1,Regular,348.5025,0,5482.763987955838
15074,105,3,1566.33,1,Regular,522.11,1,3080.2568551354966
15075,78,1,773.03,1,Regular,773.03,0,1520.1975041820006
15076,173,3,1447.74,1,Regular,482.58,1,2847.0444028103043
15077,495,2,2428.08,0,At Risk,1214.04,1,4774.926142522582
15078,7,53,17761.88,1,Regular,335.12981132075475,0,34929.518447641356
15079,213,11,3767.35,1,Regular,342.48636363636365,1,7408.659518233523
15080,428,2,546.25,0,At Risk,273.125,1,1074.224657075945
15081,22,12,1965.72,1,Regular,163.81,0,3865.6748611575777
15082,669,1,93.35,0,At Risk,93.35,1,183.5768819003011
15083,257,1,88.2,0,At Risk,88.2,1,173.44918032786885
15084,380,2,965.2,0,At Risk,482.6,1,1898.1082636333222
15085,730,1,347.54,0,At Risk,347.54,1,683.452699899632
15086,565,2,218.53,0,At Risk,109.265,1,429.74885915021747
15087,282,1,306.94,0,At Risk,306.94,1,603.6110137169621
15088,21,2,1160.07,1,Regular,580.035,0,2281.3286918701906
15089,10,6,2420.84,1,Regular,403.47333333333336,0,4760.688364001338
15090,308,1,381.32,0,At Risk,381.32,1,749.882556038809
15091,68,3,1046.61,1,Regular,348.86999999999995,0,2058.2046102375375
15092,215,3,776.46,1,Regular,258.82,1,1526.94275008364
15093,18,23,14326.11,1,Regular,622.8743478260869,0,28172.92558715289
15094,463,2,83.0,0,At Risk,41.5,1,163.22315155570425
15095,104,10,3141.64,1,Regular,314.164,1,6178.173275342923
15096,43,1,219.39,1,Regular,219.39,0,431.4400869856139
15097,4,3,908.35,1,Regular,302.78333333333336,0,1786.3102375376382
15098,182,3,39916.5,1,Regular,13305.5,1,78497.55336232853
15099,84,1,410.48,1,Regular,410.48,0,807.2269789227166
15100,334,7,2894.7,0,At Risk,413.5285714285714,1,5692.554901304784
15101,9,6,1477.94,1,Regular,246.32333333333335,0,2906.434031448645
15102,531,2,554.67,0,At Risk,277.335,1,1090.782957510873
15103,31,2,703.36,1,Regular,351.68,0,1383.1883840749415
15104,197,2,1027.44,1,Regular,513.72,1,2020.505961860154
15105,18,9,3094.91,1,Regular,343.87888888888887,0,6086.276674473068
15106,18,5,1422.52,1,Regular,284.504,0,2797.448163265306
15107,311,9,940.35,0,At Risk,104.48333333333333,1,1849.2396453663432
15108,142,4,1300.25,1,Regular,325.0625,1,2556.998829039813
15109,246,3,983.1,1,Regular,327.7,1,1933.309401137504
15110,24,6,1505.85,1,Regular,250.975,0,2961.3202743392435
15111,29,5,2730.87,1,Regular,546.174,0,5370.37599866176
15112,611,1,209.4,0,At Risk,209.4,1,411.79431247909
15113,10,3,3609.33,1,Regular,1203.11,0,7097.906236199397
15114,30,12,3400.12,1,Regular,283.3433333333333,0,6686.48556707929
15115,18,2,531.85,1,Regular,265.925,0,1045.9064235530277
15116,18,4,1352.75,1,Regular,338.1875,0,2660.242388758782
15117,15,8,2485.97,1,Regular,310.74625,0,4888.7693743726995
15118,134,1,244.8,1,Regular,244.8,1,481.4099698895952
15119,246,1,266.4,1,Regular,266.4,1,523.8873201739711
15120,134,1,358.82,1,Regular,358.82,1,705.6353161592506
15121,50,2,457.72,1,Regular,228.86,0,900.1265172298428
15122,114,11,4497.47,1,Regular,408.8609090909091,1,8844.47261960522
15123,7,5,4656.17,1,Regular,931.234,0,9156.563151555703
15124,23,4,450.82,1,Regular,112.705,0,886.5573636667782
15125,25,24,17024.87,1,Regular,709.3695833333333,0,33480.155858146536
15126,537,2,449.49,0,At Risk,224.745,1,883.9418601538977
15127,66,2,711.5,1,Regular,355.75,0,1399.1960521913684
15128,60,5,1783.68,1,Regular,356.736,0,3507.6851923720305
15129,50,23,6860.18,1,Regular,298.2686956521739,0,13490.845781197724
15130,170,1,330.11,1,Regular,330.11,1,649.1758380729341
15131,395,1,80.28,0,At Risk,80.28,1,157.8741518902643
15132,18,5,977.93,1,Regular,195.58599999999998,0,1923.1423686851788
15133,128,5,1806.9,1,Regular,361.38,1,3553.348343927735
15134,15,10,1596.29,1,Regular,159.629,0,3139.174513215122
15135,239,2,305.68,1,Regular,152.84,1,601.1331682837069
15136,3,4,1286.7,1,Regular,321.675,0,2530.3521579123453
15137,521,2,823.4,0,At Risk,411.7,1,1619.252325192372
15138,394,1,502.52,0,At Risk,502.52,1,988.2276881900301
15139,240,2,178.96,1,Regular,89.48,1,351.9327132820341
15140,52,8,3243.69,1,Regular,405.46125,0,6378.859089996655
15141,458,7,1388.47,0,At Risk,198.35285714285715,1,2730.4873402475746
15142,46,6,2619.92,1,Regular,436.65333333333336,0,5152.187942455671
15143,226,2,563.63,1,Regular,281.815,1,1108.4031917029106
15144,8,29,12160.31,1,Regular,419.3210344827586,0,23913.784603546334
15145,4,4,1194.73,1,Regular,298.6825,0,2349.489106724657
15146,165,2,1327.16,1,Regular,663.58,1,2609.9185279357644
15147,240,1,623.5,1,Regular,623.5,1,1226.140180662429
15148,11,1,301.29,1,Regular,301.29,0,592.5000401472065
15149,134,5,1554.61,1,Regular,310.92199999999997,1,3057.2089595182333
15150,17,13,9001.08,1,Regular,692.3907692307693,0,17701.01981933757
15151,423,2,2085.61,0,At Risk,1042.805,1,4101.443820675811
15152,10,14,5263.83,1,Regular,375.98785714285714,0,10351.553275342923
15153,31,1,329.25,1,Regular,329.25,0,647.4846102375376
15154,75,3,1388.41,1,Regular,462.80333333333334,0,2730.3693476078956
15155,383,1,383.97,0,At Risk,383.97,1,755.0938976246237
15156,1,3,961.49,1,Regular,320.49666666666667,0,1890.8123854131816
15157,4,5,2654.11,1,Regular,530.822,0,5219.424081632653
15158,45,2,606.02,1,Regular,303.01,0,1191.7649916359985
15159,2,34,22116.73,1,Regular,650.4920588235294,0,43493.52256273001
15160,357,4,589.27,0,At Risk,147.3175,1,1158.8253797256607
15161,388,1,119.92,0,At Risk,119.92,1,235.82795583807294
15162,731,1,312.9,0,At Risk,312.9,1,615.3316159250585
15163,18,2,304.47,1,Regular,152.235,0,598.7536500501841
15164,69,9,2068.92,1,Regular,229.88,0,4068.6222014051523
15165,373,1,975.5,0,At Risk,975.5,1,1918.3636667781866
15166,468,1,167.16,0,At Risk,167.16,1,328.72749414519905
15167,321,5,1659.67,0,At Risk,331.934,1,3263.8140715958516
15168,26,1,106.56,1,Regular,106.56,0,209.5549280695885
15169,382,2,569.22,0,At Risk,284.61,1,1119.3961726329876
15170,407,1,81.15,0,At Risk,81.15,1,159.58504516560723
15171,331,1,1289.5,0,At Risk,1289.5,1,2535.858481097357
15172,9,5,1624.05,1,Regular,324.81,0,3193.765774506524
15173,381,7,1494.6,0,At Risk,213.5142857142857,1,2939.1966543994645
15174,323,2,481.46,0,At Risk,240.73,1,946.8122716627635
15175,72,1,224.14,1,Regular,224.14,0,440.7811709601873
15176,668,1,988.04,0,At Risk,988.04,1,1943.0241284710605
15177,426,1,948.93,0,At Risk,948.93,1,1866.1125928404147
15178,260,1,40.5,0,At Risk,40.5,1,79.64503178320508
15179,18,13,7491.92,1,Regular,576.3015384615385,0,14733.190284376045
15180,367,3,904.43,0,At Risk,301.47666666666663,1,1778.6013850786212
15181,66,5,1200.2,1,Regular,240.04000000000002,0,2360.2461023753763
15182,154,11,2998.952,1,Regular,272.632,1,5897.571045834728
15183,548,3,639.93,0,At Risk,213.30999999999997,1,1258.4504984944797
15184,29,4,689.95,1,Regular,172.4875,0,1356.8170291067247
15185,70,1,310.62,1,Regular,310.62,0,610.8478956172632
15186,14,5,1403.2,1,Regular,280.64,0,2759.454533288725
15187,2,16,4777.18,1,Regular,298.57375,0,9394.534640347943
15188,725,1,310.43,0,At Risk,310.43,1,610.4742522582803
15189,1,46,17524.38,1,Regular,380.96478260869566,0,34462.46424891268
15190,434,1,834.4399999999999,0,At Risk,834.4399999999999,1,1640.9629708932753
15191,463,3,588.05,0,At Risk,196.01666666666665,1,1156.4261960521912
15192,120,5,1981.39,1,Regular,396.278,1,3896.490605553697
15193,61,1,499.32,1,Regular,499.32,0,981.9347474071595
15194,3,28,12427.69,1,Regular,443.84607142857146,0,24439.599136835062
15195,3,1,3861.0,1,Regular,3861.0,0,7592.826363332218
15196,433,2,316.25,0,At Risk,158.125,1,621.9195383071261
15197,11,6,1877.51,1,Regular,312.91833333333335,0,3692.206015389763
15198,92,5,571.35,1,Regular,114.27000000000001,1,1123.584911341586
15199,59,10,3122.4,1,Regular,312.24,0,6140.336968885915
15200,495,1,549.0500000000001,0,At Risk,549.0500000000001,1,1079.730980260957
15201,87,7,1842.95,1,Regular,263.2785714285714,0,3624.2422549347602
15202,420,3,6001.49,0,At Risk,2000.4966666666667,1,11802.194118434258
15203,26,15,4400.18,1,Regular,293.3453333333334,0,8653.147554366009
15204,357,1,316.58,0,At Risk,316.58,1,622.5684978253596
15205,85,2,653.24,1,Regular,326.62,0,1284.6251990632318
15206,10,4,420.3,1,Regular,105.075,0,826.5384409501505
15207,416,3,683.92,0,At Risk,227.97333333333333,1,1344.958768819003
15208,1,6,970.52,1,Regular,161.75333333333333,0,1908.5702776848443
15209,730,1,178.98000000000002,0,At Risk,178.98000000000002,1,351.9720441619271
15210,225,3,1176.19,1,Regular,392.06333333333333,1,2313.029381063901
15211,60,2,1277.48,1,Regular,638.74,0,2512.2206222816994
15212,241,2,208.28,1,Regular,104.14,1,409.59178320508533
15213,319,2,328.35,0,At Risk,164.175,1,645.7147206423554
15214,2,8,1661.44,1,Regular,207.68,0,3267.294854466377
15215,47,7,2422.4300000000003,1,Regular,346.0614285714286,0,4763.815168952828
15216,88,2,486.09,1,Regular,243.045,0,955.9173703579792
15217,563,1,426.24,0,At Risk,426.24,1,838.219712278354
15218,11,22,11516.57,1,Regular,523.4804545454546,0,22647.84157243225
15219,176,2,685.45,1,Regular,342.725,1,1347.967581130813
15220,52,6,1778.96,1,Regular,296.49333333333334,0,3498.4031047172966
15221,366,4,2465.45,0,At Risk,616.3625,1,4848.415891602543
15222,319,11,3550.91,0,At Risk,322.81,1,6983.020736032117
15223,226,5,1417.95,1,Regular,283.59000000000003,1,2788.4610572097695
15224,358,5,871.36,0,At Risk,174.272,1,1713.5677751756439
15225,234,1,409.4,1,Regular,409.4,1,805.1031114084977
15226,311,1,154.41,0,At Risk,154.41,1,303.6540582134493
15227,37,9,2488.49,1,Regular,276.49888888888887,0,4893.7250652392095
15228,66,6,5580.27,1,Regular,930.0450000000001,0,10973.846457009035
15229,586,1,160.5,0,At Risk,160.5,1,315.63031114084976
15230,239,2,429.6,1,Regular,214.8,1,844.827300100368
15231,621,1,250.26,0,At Risk,250.26,1,492.147300100368
15232,113,2,612.06,1,Regular,306.03,1,1203.6429173636666
15233,401,1,59.400000000000006,0,At Risk,59.400000000000006,1,116.81271328203414
15234,277,1,197.0,0,At Risk,197.0,1,387.4091669454667
15235,218,16,2937.81,1,Regular,183.613125,1,5777.332612914018
15236,299,1,321.05,0,At Risk,321.05,1,631.358949481432
15237,2,4,1412.32,1,Regular,353.08,0,2777.389414519906
15238,29,3,1071.99,1,Regular,357.33,0,2108.1154968216792
15239,10,2,780.59,1,Regular,390.295,0,1535.0645767815324
15240,45,12,4459.9800000000005,1,Regular,371.665,0,8770.746885245902
15241,67,11,3050.16,1,Regular,277.2872727272727,0,5998.273830712613
15242,422,1,302.04,0,At Risk,302.04,1,593.9749481431917
15243,74,2,927.28,1,Regular,463.64,0,1823.5369153563063
15244,65,3,912.08,1,Regular,304.0266666666667,0,1793.6454466376717
15245,134,8,4610.84,1,Regular,576.355,1,9067.419712278353
15246,238,3,780.4,1,Regular,260.1333333333333,1,1534.6909334225493
15247,122,3,976.06,1,Regular,325.3533333333333,1,1919.4649314151889
15248,411,3,1893.93,0,At Risk,631.3100000000001,1,3724.4966677818675
15249,32,18,9266.0,1,Regular,514.7777777777778,0,18221.996654399463
15250,641,1,60.0,0,At Risk,60.0,1,117.99263967882234
15251,9,21,20324.54,1,Regular,967.8352380952381,0,39969.10208096354
15252,36,5,2103.41,1,Regular,420.68199999999996,0,4136.4483037805285
15253,16,8,2055.09,1,Regular,256.88625,0,4041.424897959184
15254,127,3,1088.35,1,Regular,362.7833333333333,1,2140.288156574105
15255,67,9,3729.42,1,Regular,414.38,0,7334.068504516561
15256,149,2,170.4,1,Regular,85.2,1,335.0990966878555
15257,283,2,685.9,0,At Risk,342.95,1,1348.852525928404
15258,169,2,623.16,1,Regular,311.58,1,1225.4715557042489
15259,513,4,1182.38,0,At Risk,295.595,1,2325.202288390766
15260,100,25,9188.23,1,Regular,367.5292,1,18069.058527935762
15261,135,4,1508.0,1,Regular,377.0,1,2965.548343927735
15262,324,3,418.82,0,At Risk,139.60666666666665,1,823.6279558380728
15263,107,1,156.51,1,Regular,156.51,1,307.7838006022081
15264,64,2,848.4,1,Regular,424.2,0,1668.4159250585478
15265,151,4,3345.64,1,Regular,836.41,1,6579.34825025092
15266,338,5,852.21,0,At Risk,170.442,1,1675.9084576781534
15267,22,5,1717.36,1,Regular,343.472,0,3377.263994647039
15268,479,3,961.9,0,At Risk,320.6333333333333,1,1891.618668450987
15269,24,3,1225.36,1,Regular,408.4533333333333,0,2409.7243492806956
15270,16,21,8524.86,1,Regular,405.9457142857143,0,16764.51223820676
15271,7,24,4709.54,1,Regular,196.23083333333332,0,9261.517604550016
15272,57,6,2085.48,1,Regular,347.58,0,4101.188169956507
15273,600,1,228.96,0,At Risk,228.96,1,450.2599130143861
15274,4,2,716.57,1,Regular,358.285,0,1409.1664302442289
15275,38,1,615.14,1,Regular,615.14,0,1209.6998728671797
15276,66,4,649.53,1,Regular,162.3825,0,1277.3293208430912
15277,47,2,476.34,1,Regular,238.17,0,936.7435664101706
15278,562,4,496.16,0,At Risk,124.04,1,975.7204683840749
15279,355,5,1580.54,0,At Risk,316.108,1,3108.2014452994313
15280,172,3,406.22,1,Regular,135.40666666666667,1,798.8495015055203
15281,59,16,8543.57,1,Regular,533.973125,0,16801.306276346604
15282,570,1,348.59,0,At Risk,348.59,1,685.5175710940113
15283,390,3,148.32999999999998,0,At Risk,49.44333333333333,1,291.6974707259953
15284,500,1,24.75,0,At Risk,24.75,1,48.671963867514215
15285,408,1,94.92,0,At Risk,94.92,1,186.66435597189695
15286,50,1,240.55,1,Regular,240.55,0,473.05215791234525
15287,22,5,856.03,1,Regular,171.206,0,1683.420655737705
15288,43,10,3883.13,1,Regular,388.313,0,7636.345981933757
15289,29,5,1593.09,1,Regular,318.618,0,3132.8815724322512
15290,5,26,10496.28,1,Regular,403.70307692307694,0,20641.396400133824
15291,26,40,13846.56,1,Regular,346.164,0,27229.869414519904
15292,201,1,180.94,1,Regular,180.94,1,355.82647039143524
15293,666,1,247.5,0,At Risk,247.5,1,486.71963867514216
15294,411,1,233.35,0,At Risk,233.35,1,458.8930411508866
15295,654,1,217.24,0,At Risk,217.24,1,427.2120173971228
15296,51,12,10342.83,1,Regular,861.9025,0,20339.630224155237
15297,10,3,641.94,1,Regular,213.98000000000002,0,1262.4032519237203
15298,2,23,9459.37,1,Regular,411.2769565217392,0,18602.267266644365
15299,67,10,7991.54,1,Regular,799.154,0,15715.7149949816
15300,64,1,496.44,1,Regular,496.44,0,976.2711007025761
15301,51,17,7603.44,1,Regular,447.2611764705882,0,14952.499270659082
15302,730,1,308.0,0,At Risk,308.0,1,605.695550351288
15303,290,3,1224.18,0,At Risk,408.06,1,2407.4038273670126
15304,61,9,919.55,1,Regular,102.17222222222222,0,1808.3355302776847
15305,555,1,93.6,0,At Risk,93.6,1,184.06851789896285
15306,64,9,3484.73,1,Regular,387.1922222222222,0,6852.874854466376
15307,96,1,205.3,1,Regular,205.3,1,403.73148210103716
15308,274,1,310.47,0,At Risk,310.47,1,610.5529140180663
15309,611,4,797.96,0,At Risk,199.49,1,1569.2234459685515
15310,479,1,1634.64,0,At Risk,1634.64,1,3214.591475409836
15311,1,208,116771.16,2,VIP,561.3998076923077,0,229635.62344596855
15312,75,12,2930.19,1,Regular,244.1825,0,5762.347547674807
15313,110,1,52.0,1,Regular,52.0,1,102.26028772164604
15314,199,3,820.45,1,Regular,273.48333333333335,1,1613.4510204081632
15315,64,2,570.5,1,Regular,285.25,0,1121.9133489461358
15316,327,1,165.0,0,At Risk,165.0,1,324.47975911676144
15317,677,1,129.75,0,At Risk,129.75,1,255.15908330545332
15318,4,1,312.62,1,Regular,312.62,0,614.7809836065574
15319,284,1,204.5,0,At Risk,204.5,1,402.1582469053195
15320,44,1,267.13,1,Regular,267.13,0,525.3228972900636
15321,71,12,6709.7300000000005,1,Regular,559.1441666666667,0,13194.979237203079
15322,86,2,1390.86,1,Regular,695.43,0,2735.1873803947806
15323,563,3,434.6,0,At Risk,144.86666666666667,1,854.6600200736033
15324,701,1,140.22000000000003,0,At Risk,140.22000000000003,1,275.7487989294079
15325,104,8,1602.01,1,Regular,200.25125,1,3150.4231448645032
15326,334,5,1700.52,0,At Risk,340.104,1,3344.147393777183
15327,53,1,208.75,1,Regular,208.75,0,410.51605888256944
15328,408,1,107.24,0,At Risk,107.24,1,210.89217798594845
15329,39,11,2984.33,1,Regular,271.3027272727273,0,5868.816239544998
15330,32,2,714.9599999999999,1,Regular,357.47999999999996,0,1406.0002944128469
15331,500,3,767.91,0,At Risk,255.97,1,1510.1287989294078
15332,366,6,6553.74,0,At Risk,1092.29,1,12888.218039478086
15333,208,1,1028.56,1,Regular,1028.56,1,2022.7084911341585
15334,157,3,351.67,1,Regular,117.22333333333334,1,691.5745265975243
15335,54,1,173.97,1,Regular,173.97,0,342.1196587487454
15336,402,1,240.5,0,At Risk,240.5,1,472.9538307126129
15337,411,1,373.02,0,At Risk,373.02,1,733.5602408832385
15338,677,1,283.43,0,At Risk,283.43,1,557.3775644028103
15339,66,7,1827.84,1,Regular,261.12,0,3594.5277751756444
15340,562,1,105.5,0,At Risk,105.5,1,207.47039143526263
15341,81,2,2402.72,1,Regular,1201.36,0,4725.0545868183335
15342,130,1,406.09,1,Regular,406.09,1,798.5938507862161
15343,87,1,364.5,1,Regular,364.5,0,716.8052860488458
15344,1,3,563.94,1,Regular,187.98000000000002,0,1109.0128203412514
15345,46,1,393.54,1,Regular,393.54,0,773.9137236533958
15346,333,3,596.12,0,At Risk,198.70666666666668,1,1172.296206088993
15347,366,4,1363.6,0,At Risk,340.9,1,2681.579391100702
15348,72,1,158.04,1,Regular,158.04,0,310.79261291401804
15349,158,2,473.81,1,Regular,236.905,1,931.7682101037136
15350,373,2,663.25,0,At Risk,331.625,1,1304.3103044496486
15351,12,10,3738.29,1,Regular,373.829,0,7351.51174974908
15352,549,1,114.95,0,At Risk,114.95,1,226.05423218467715
15353,255,7,3175.95,1,Regular,453.70714285714286,1,6245.645399799264
15354,603,3,284.4,0,At Risk,94.8,1,559.2851120776179
15355,29,2,277.05,1,Regular,138.525,0,544.8310137169622
15356,31,13,3464.95,1,Regular,266.5346153846154,0,6813.9766142522585
15358,5,42,17050.41,1,Regular,405.96214285714285,0,33530.38139176982
15359,663,8,181.35,0,At Risk,22.66875,1,356.63275342924055
15360,40,1,427.93,1,Regular,427.93,0,841.5431716293075
15361,362,4,689.07,0,At Risk,172.2675,1,1355.0864703914353
15362,449,2,613.08,0,At Risk,306.54,1,1205.6487922382069
15363,373,2,1004.11,0,At Risk,502.055,1,1974.6264904650384
15364,96,2,913.19,1,Regular,456.595,1,1795.8283104717298
15365,26,13,4557.13,1,Regular,350.54846153846154,0,8961.796634325861
15366,75,7,2389.08,1,Regular,341.29714285714283,0,4698.230926731348
15367,57,11,5081.33,1,Regular,461.9390909090909,0,9992.658996319838
15368,21,2,722.74,1,Regular,361.37,0,1421.3000066912011
15369,492,11,6251.26,0,At Risk,568.2963636363637,1,12293.377811977252
15370,41,8,3739.01,1,Regular,467.37625,0,7352.927661425226
15371,662,1,59.400000000000006,0,At Risk,59.400000000000006,1,116.81271328203414
15372,137,8,6017.06,1,Regular,752.1325,1,11832.813208430915
15373,8,17,3421.39,1,Regular,201.25823529411764,0,6728.313957845433
15374,129,2,307.32,1,Regular,153.66,1,604.3583004349281
15375,690,1,60.96,0,At Risk,60.96,1,119.88052191368351
15376,40,3,1233.36,1,Regular,411.11999999999995,0,2425.456701237872
15377,383,4,1211.75,0,At Risk,302.9375,1,2382.9596855135496
15378,463,2,246.5,0,At Risk,123.25,1,484.75309468049517
15379,169,8,4877.84,1,Regular,609.73,1,9592.486958849113
15380,9,11,3479.06,1,Regular,316.2781818181818,0,6841.724550016726
15381,214,5,1890.57,1,Regular,378.114,1,3717.8890799598526
15382,15,12,13733.55,1,Regular,1144.4624999999999,0,27007.630277684842
15384,170,4,2027.79,1,Regular,506.9475,1,3987.7382469053196
15385,40,3,942.08,1,Regular,314.0266666666667,0,1852.641766477083
15386,186,1,394.14,1,Regular,394.14,1,775.093650050184
15387,492,1,468.65,0,At Risk,468.65,1,921.6208430913348
15388,270,1,140.54,0,At Risk,140.54,1,276.3780930076949
15389,172,5,2733.8,1,Regular,546.76,1,5376.137972566076
15390,396,2,1216.66,0,At Risk,608.33,1,2392.615416527267
15391,584,1,289.87,0,At Risk,289.87,1,570.0421077283372
15392,5,7,2911.62,1,Regular,415.94571428571425,0,5725.828825694211
15393,16,5,891.34,1,Regular,178.268,0,1752.859324188692
15394,10,11,5286.8,1,Regular,480.6181818181818,0,10396.724790899967
15395,326,1,107.45,0,At Risk,107.45,1,211.30515222482435
15396,113,2,796.38,1,Regular,398.19,1,1566.116306457009
15397,290,1,94.0,0,At Risk,94.0,1,184.85513549682167
15398,16,2,1345.53,1,Regular,672.765,0,2646.0439411174307
15399,1,3,815.77,1,Regular,271.92333333333335,0,1604.247594513215
15400,92,8,1302.3,1,Regular,162.7875,1,2561.030244228839
15401,452,2,216.95,0,At Risk,108.475,1,426.6417196386751
15402,149,6,1830.54,1,Regular,305.09,1,3599.8374439611907
15403,492,2,170.88,0,At Risk,85.44,1,336.043037805286
15404,376,1,257.06,0,At Risk,257.06,1,505.51979926396785
15405,189,2,659.84,1,Regular,329.92,1,1297.6043894279023
15406,31,4,975.87,1,Regular,243.9675,0,1919.0912880562062
15407,34,4,1056.44,1,Regular,264.11,0,2077.535737704918
15408,264,1,267.18,0,At Risk,267.18,1,525.4212244897959
15409,721,1,131.25,0,At Risk,131.25,1,258.1088992974239
15410,84,10,4685.72,1,Regular,468.572,0,9214.674526597524
15411,26,4,1358.88,1,Regular,339.72,0,2672.2973034459687
15412,171,1,190.53,1,Regular,190.53,1,374.68562730010035
15413,692,5,6798.72,0,At Risk,1359.7440000000001,1,13369.98198728672
15414,10,3,774.9000000000001,1,Regular,258.3,0,1523.8749414519907
15415,313,1,572.8100000000001,0,At Risk,572.8100000000001,1,1126.4560655737705
15416,65,7,4572.82,1,Regular,653.26,0,8992.651709601872
15417,85,1,508.8,1,Regular,508.8,0,1000.5775844764136
15418,425,2,452.32,0,At Risk,226.16,1,889.5071796587487
15419,25,1,135.86,1,Regular,135.86,0,267.17466711274676
15420,434,6,743.0,0,At Risk,123.83333333333333,1,1461.1421880227501
15421,59,10,3805.34,1,Regular,380.534,0,7483.368524590164
15422,323,7,1619.97,0,At Risk,231.42428571428573,1,3185.742275008364
15423,38,3,266.89,1,Regular,88.96333333333332,0,524.8509267313483
15424,254,3,597.78,1,Regular,199.26,1,1175.560669120107
15425,400,4,1944.57,0,At Risk,486.1425,1,3824.0824556707926
15426,19,9,2615.39,1,Regular,290.5988888888889,0,5143.279498159919
15427,33,3,1483.14,1,Regular,494.38000000000005,0,2916.6600602208096
15428,15,4,762.75,1,Regular,190.6875,0,1499.981431917029
15429,27,2,397.35,1,Regular,198.675,0,781.4062562730011
15430,468,2,954.75,0,At Risk,477.375,1,1877.5578788892606
15431,503,1,153.24,0,At Risk,153.24,1,301.3532017397123
15432,23,2,320.76,1,Regular,160.38,0,630.7886517229842
15433,214,2,533.3,1,Regular,266.65,1,1048.7579123452658
15434,8,11,2567.06,1,Regular,233.36909090909091,0,5048.236426898628
15435,22,1,149.29,1,Regular,149.29,0,293.5853529608564
15436,12,3,1122.53,1,Regular,374.1766666666667,0,2207.5046303111408
15437,262,2,393.45,0,At Risk,196.725,1,773.7367346938776
15438,131,1,156.57999999999998,1,Regular,156.57999999999998,1,307.92145868183337
15439,405,4,1269.05,0,At Risk,317.2625,1,2495.6426564068247
15440,55,3,383.68,1,Regular,127.89333333333333,0,754.523599866176
15441,396,3,1254.21,0,At Risk,418.07,1,2466.459143526263
15442,249,1,594.0,1,Regular,594.0,1,1168.1271328203413
15443,2,14,5175.93,1,Regular,369.7092857142857,0,10178.69405821345
15444,9,2,1418.26,1,Regular,709.13,0,2789.07068584811
15445,264,2,284.5,0,At Risk,142.25,1,559.4817664770826
15446,377,3,406.95,0,At Risk,135.65,1,800.2850786216127
15447,331,5,492.88,0,At Risk,98.576,1,969.2702040816326
15448,313,2,788.8100000000001,0,At Risk,394.40500000000003,1,1551.229568417531
15449,26,3,974.52,1,Regular,324.84,0,1916.4364536634325
15450,30,1,429.84,1,Regular,429.84,0,845.2992706590833
15451,434,2,233.21,0,At Risk,116.605,1,458.617724991636
15452,30,6,1799.11,1,Regular,299.85166666666663,0,3538.0289662094337
15453,2,7,1388.37,1,Regular,198.3385714285714,0,2730.2906858481097
15454,362,2,307.69,0,At Risk,153.845,1,605.0859217129474
15455,598,1,38.25,0,At Risk,38.25,1,75.22030779524924
15456,283,10,2119.27,0,At Risk,211.927,1,4167.63769153563
15457,262,1,237.07,0,At Risk,237.07,1,466.20858481097355
15458,25,2,370.44,1,Regular,185.22,0,728.4865573770492
15459,417,2,202.83,0,At Risk,101.415,1,398.87411843425895
15460,354,1,216.76,0,At Risk,216.76,1,426.2680762796922
15461,461,2,429.7,0,At Risk,214.85,1,845.0239544998327
15462,94,4,737.05,1,Regular,184.2625,1,1449.4412512546
15463,29,1,126.14,1,Regular,126.14,0,248.05985948477752
15464,338,1,1048.85,0,At Risk,1048.85,1,2062.609668785547
15465,20,32,12655.65,1,Regular,395.4890625,0,24887.8925058548
15466,85,4,1571.01,1,Regular,392.7525,0,3089.460281030445
15467,9,3,524.88,1,Regular,174.96,0,1032.1996119103378
15468,51,3,1430.48,1,Regular,476.82666666666665,0,2813.1018534626965
15469,50,3,874.25,1,Regular,291.4166666666667,0,1719.2510873201738
15470,576,1,63.42,0,At Risk,63.42,1,124.71822014051523
15471,2,3,1316.56,1,Regular,438.8533333333333,0,2589.0731615925056
15472,113,1,371.56,1,Regular,371.56,1,730.6890866510538
15473,14,8,2046.0,1,Regular,255.75,0,4023.549013047842
15474,596,1,163.1,0,At Risk,163.1,1,320.74332552693204
15475,77,1,454.11,1,Regular,454.11,0,893.027293409167
15476,380,4,2209.98,0,At Risk,552.495,1,4346.022897290063
15477,650,1,368.4,0,At Risk,368.4,1,724.4748076279692
15478,40,3,2024.98,1,Regular,674.9933333333333,0,3982.2122582803613
15479,733,1,147.4,0,At Risk,147.4,1,289.8685848109736
15480,116,5,6279.0,1,Regular,1255.8,1,12347.929742388758
15481,401,1,1993.34,0,At Risk,1993.34,1,3919.990806289729
15482,16,19,14592.56,1,Regular,768.0294736842105,0,28696.911234526597
15483,161,10,862.2,1,Regular,86.22,1,1695.5542321846772
15484,1,6,4656.0,1,Regular,776.0,0,9156.228839076613
15485,30,7,5771.51,1,Regular,824.5014285714286,0,11349.928330545334
15486,527,1,102.0,0,At Risk,102.0,1,200.587487453998
15487,680,1,231.32,0,At Risk,231.32,1,454.9009568417531
15488,93,5,431.92,1,Regular,86.384,1,849.3896821679492
15489,23,8,2419.61,1,Regular,302.45125,0,4758.269514887923
15490,430,1,217.6,0,At Risk,217.6,1,427.9199732351957
15491,95,6,3100.09,1,Regular,516.6816666666667,1,6096.46337236534
15492,28,2,659.46,1,Regular,329.73,0,1296.8571027099365
15493,33,9,4314.9800000000005,1,Regular,479.44222222222226,0,8485.59800602208
15494,21,5,3780.05,1,Regular,756.01,0,7433.6346269655405
15495,379,1,246.5,0,At Risk,246.5,1,484.75309468049517
15496,631,1,146.14,0,At Risk,146.14,1,287.39073937771826
15497,18,9,8657.39,1,Regular,961.9322222222222,0,17025.13831381733
15498,3,44,26039.58,1,Regular,591.8086363636364,0,51207.97967213115
15499,724,1,161.6,0,At Risk,161.6,1,317.7935095349615
15500,8,4,1131.56,1,Regular,282.89,0,2225.2625225828033
15501,405,2,402.5,0,At Risk,201.25,1,791.5339578454333
15502,16,14,13993.47,1,Regular,999.5335714285713,0,27518.774392773503
15503,363,2,267.15,0,At Risk,133.575,1,525.3622281699564
15504,81,4,423.85,1,Regular,105.9625,0,833.5196721311476
15505,53,5,3610.96,1,Regular,722.192,0,7101.111702910673
15506,23,6,2040.03,1,Regular,340.005,0,4011.808745399799
15507,172,1,492.36,1,Regular,492.36,1,968.2476012044162
15508,189,6,1000.27,1,Regular,166.71166666666667,1,1967.0749615255938
15509,380,1,166.51,0,At Risk,166.51,1,327.44924054867846
15510,331,1,250.0,0,At Risk,250.0,1,491.6359986617598
15511,12,5,909.23,1,Regular,181.846,0,1788.0407962529273
15512,156,4,331.58,1,Regular,82.895,1,652.0666577450652
15513,33,35,27750.55,1,Regular,792.8728571428571,0,54572.67745065239
15514,12,18,6598.55,1,Regular,366.5861111111111,0,12976.33887587822
15515,387,1,171.81,0,At Risk,171.81,1,337.8719237203078
15516,45,3,62.43,1,Regular,20.81,0,122.77134158581464
15517,233,1,267.03,1,Regular,267.03,1,525.1262428905987
15518,64,15,4218.94,1,Regular,281.26266666666663,0,8296.731120776178
15519,383,2,344.61,0,At Risk,172.305,1,677.6907259953161
15520,2,1,343.5,1,Regular,343.5,0,675.5078621612579
15521,40,16,7106.69,1,Regular,444.168125,0,13975.618541318165
15522,33,2,398.84,1,Regular,199.42,0,784.336406825025
15523,84,16,17359.99,1,Regular,1084.999375,0,34139.18408163266
15524,25,2,591.4,1,Regular,295.7,0,1163.014118434259
15525,2,4,1295.7,1,Regular,323.925,0,2548.051053864169
15526,33,2,148.44,1,Regular,74.22,0,291.9137905654065
15527,19,23,5575.64,1,Regular,242.41913043478263,0,10964.741358313819
15528,254,1,229.33,0,At Risk,229.33,1,450.9875342924055
15529,23,12,5111.95,1,Regular,425.99583333333334,0,10052.87457343593
15530,22,5,1813.72,1,Regular,362.744,0,3566.760173971228
15531,8,2,2007.44,1,Regular,1003.72,0,3947.719076614252
15532,25,10,3771.9,1,Regular,377.19,0,7417.607293409167
15533,19,3,807.57,1,Regular,269.19,0,1588.1219337571092
15534,726,1,162.25,0,At Risk,162.25,1,319.0717631314821
15535,173,6,1087.82,1,Regular,181.3033333333333,1,2139.245888256942
15536,409,1,259.09,0,At Risk,259.09,1,509.51188357310133
15537,163,1,110.92,1,Regular,110.92,1,218.1290598862496
15538,538,6,3358.4,0,At Risk,559.7333333333333,1,6604.441351622616
15539,7,1,538.46,1,Regular,538.46,0,1058.9052793576448
15540,11,2,460.68,1,Regular,230.34,0,905.947487453998
15541,114,1,85.13000000000001,1,Regular,85.13000000000001,1,167.41189026430246
15542,512,3,918.45,0,At Risk,306.15000000000003,1,1806.1723318835732
15543,288,2,242.84,0,At Risk,121.42,1,477.555543660087
15544,9,20,8162.43,1,Regular,408.1215,0,16051.777698226831
15545,54,2,428.05,1,Regular,214.025,0,841.7791569086651
15546,607,2,1079.1,0,At Risk,539.55,1,2122.0976246236196
15547,7,26,10154.39,1,Regular,390.55346153846153,0,19969.054673803945
15548,596,1,158.09,0,At Risk,158.09,1,310.89094011375045
15549,77,8,2345.96,1,Regular,293.245,0,4613.433549682168
15550,4,12,2218.8,1,Regular,184.9,0,4363.367815322851
15551,37,7,1710.08,1,Regular,244.29714285714286,0,3362.9475543660087
15552,217,2,252.52,1,Regular,126.26,1,496.5916895282703
15553,60,1,437.23,1,Regular,437.23,0,859.832030779525
15554,278,1,217.2,0,At Risk,217.2,1,427.1333556373369
15555,12,36,12112.35,1,Regular,336.45416666666665,0,23819.469153563063
15556,24,1,279.77,1,Regular,279.77,0,550.1800133824021
15557,29,1,473.65,1,Regular,473.65,0,931.4535630645701
15558,639,1,214.13,0,At Risk,214.13,1,421.0960655737705
15559,568,1,1109.4,0,At Risk,1109.4,1,2181.6839076614256
15560,398,2,153.52,0,At Risk,76.76,1,301.9038340582135
15561,12,8,1934.39,1,Regular,241.79875,0,3804.063037805286
15562,352,3,673.3800000000001,0,At Risk,224.46000000000004,1,1324.2313951154233
15563,22,7,2867.0,1,Regular,409.57142857142856,0,5638.081632653061
15564,463,2,70.74000000000001,0,At Risk,35.370000000000005,1,139.11332218133157
15565,50,2,173.16000000000005,1,Regular,86.58000000000003,0,340.52675811308137
15566,393,2,227.87,0,At Risk,113.935,1,448.1163800602208
15567,19,1,186.01,1,Regular,186.01,0,365.79684844429573
15568,3,3,758.29,1,Regular,252.76333333333332,0,1491.2106457009031
15569,104,10,3586.35,1,Regular,358.635,1,7052.715055202409
15570,7,25,9311.04,1,Regular,372.44160000000005,0,18310.569795918367
15571,12,14,4051.63,1,Regular,289.40214285714285,0,7967.708645031783
15572,5,10,4068.67,1,Regular,406.867,0,8001.218554700568
15573,32,5,1207.18,1,Regular,241.436,0,2373.9725794580127
15574,178,6,1518.7,1,Regular,253.11666666666667,1,2986.5903646704583
15575,620,1,30.1,0,At Risk,30.1,1,59.19297423887588
15576,38,1,940.67,1,Regular,940.67,0,1849.86893944463
15577,151,5,397.98,1,Regular,79.596,1,782.6451789896287
15578,162,1,127.1,1,Regular,127.1,1,249.94774171963866
15579,69,5,1302.5,1,Regular,260.5,0,2561.4235530277683
15580,377,8,1381.19,0,At Risk,172.64875,1,2716.170899966544
15581,121,38,7794.59,1,Regular,205.12078947368423,1,15328.404155235865
15582,25,3,682.9100000000001,1,Regular,227.63666666666668,0,1342.9725593844096
15583,376,1,107.86,0,At Risk,107.86,1,212.11143526262964
15584,24,6,1277.5,1,Regular,212.91666666666666,0,2512.2599531615924
15585,177,1,455.3,1,Regular,455.3,1,895.367480762797
15586,593,3,1139.1,0,At Risk,379.7,1,2240.090264302442
15587,50,7,1522.08,1,Regular,217.44,0,2993.2372833723653
15588,678,1,579.6,0,At Risk,579.6,1,1139.808899297424
15589,256,3,478.53,1,Regular,159.51,1,941.0502977584475
15590,382,5,1496.6,0,At Risk,299.32,1,2943.1297423887586
15591,583,3,217.9,0,At Risk,72.63333333333334,1,428.50993643358987
15592,47,1,388.58,1,Regular,388.58,0,764.1596654399465
15593,71,1,199.8,1,Regular,199.8,0,392.9154901304784
15594,16,5,1771.78,1,Regular,354.356,0,3484.283318835731
15595,488,1,357.6,0,At Risk,357.6,1,703.2361324857812
15596,101,9,3130.04,1,Regular,347.78222222222223,1,6155.361365005018
15597,35,2,563.37,1,Regular,281.685,0,1107.8918902643024
15598,53,2,548.02,1,Regular,274.01,0,1077.7054399464703
15599,27,3,1250.06,1,Regular,416.68666666666667,0,2458.2979859484776
15600,428,4,1199.31,0,At Risk,299.8275,1,2358.49587822014
15601,11,30,14960.12,1,Regular,498.6706666666667,0,29419.734145199065
15602,8,16,3230.51,1,Regular,201.906875,0,6352.940040147207
15603,79,2,88.48,1,Regular,44.24,0,173.99981264637003
15604,52,1,216.39,1,Regular,216.39,0,425.54045500167274
15605,36,9,1936.8,1,Regular,215.2,0,3808.802408832385
15606,61,17,5230.99,1,Regular,307.70529411764704,0,10286.971970558714
15607,337,9,1708.97,0,At Risk,189.88555555555556,1,3360.7646905319507
15608,28,5,1785.98,1,Regular,357.196,0,3512.208243559719
15609,184,1,298.48,1,Regular,298.48,1,586.9740515222483
15610,52,1,112.46,1,Regular,112.46,0,221.157537638006
15611,10,26,2997.28,1,Regular,115.28,0,5894.282984275677
15612,36,2,195.15,1,Regular,97.575,0,383.7710605553697
15613,610,1,433.72,0,At Risk,433.72,1,852.9294613583138
15614,438,4,3147.36,0,At Risk,786.84,1,6189.421906992306
15615,10,47,21373.97,1,Regular,454.7653191489362,0,42032.85234526598
15616,438,1,317.11,0,At Risk,317.11,1,623.6107661425226
15617,396,3,828.5500000000001,0,At Risk,276.18333333333334,1,1629.3800267648041
15618,33,4,776.851,1,Regular,194.21275,0,1527.7116687855469
15619,11,1,336.4,1,Regular,336.4,0,661.5453997992639
15620,57,4,1942.36,1,Regular,485.59,0,3819.7363934426226
15621,4,4,1293.03,1,Regular,323.2575,0,2542.800381398461
15622,43,17,7852.610000000001,1,Regular,461.91823529411766,0,15442.503037805287
15623,141,8,2437.05,1,Regular,304.63125,1,4792.566042154567
15624,117,4,588.13,1,Regular,147.0325,1,1156.5835195717632
15625,104,9,3236.4,1,Regular,359.6,1,6364.522984275677
15626,75,3,1067.52,1,Regular,355.84,0,2099.325045165607
15627,457,2,566.9,0,At Risk,283.45,1,1114.8337905654064
15628,5,17,5652.26,1,Regular,332.4858823529412,0,11115.417959183673
15629,450,4,2240.9,0,At Risk,560.225,1,4406.82843760455
15630,45,3,1481.4,1,Regular,493.8,0,2913.238273670124
15631,642,1,596.67,0,At Risk,596.67,1,1173.3778052860487
15632,16,8,3285.31,1,Regular,410.66375,0,6460.706651053864
15633,509,13,4352.46,0,At Risk,334.8046153846154,1,8559.304074941452
15634,17,2,554.65,1,Regular,277.325,0,1090.74362663098
15635,396,1,100.35,0,At Risk,100.35,1,197.34268986283035
15636,90,4,1444.58,1,Regular,361.145,0,2840.8301237872197
15637,53,5,797.59,1,Regular,159.518,0,1568.495824690532
15638,379,6,2265.2,0,At Risk,377.5333333333333,1,4454.615456674473
15639,134,3,1065.08,1,Regular,355.02666666666664,1,2094.5266778186683
15640,4,29,23957.58,1,Regular,826.1234482758621,0,47113.63507527601
15641,105,12,5345.55,1,Regular,445.46250000000003,1,10512.259250585481
15642,730,1,105.78,0,At Risk,105.78,1,208.02102375376379
15643,192,3,664.0,1,Regular,221.33333333333334,1,1305.785212445634
15644,166,4,813.0,1,Regular,203.25,1,1598.8002676480428
15645,19,3,1055.17,1,Regular,351.72333333333336,0,2075.038226831716
15646,158,5,974.61,1,Regular,194.922,1,1916.6134426229507
15647,415,1,169.0,0,At Risk,169.0,1,332.3459350953496
15648,204,2,657.35,1,Regular,328.675,1,1292.7076948812312
15649,336,4,2170.35,0,At Risk,542.5875,1,4268.088758782201
15650,522,2,553.88,0,At Risk,276.94,1,1089.229387755102
15651,37,5,1259.06,1,Regular,251.81199999999998,0,2475.996881900301
15652,91,5,1420.34,1,Regular,284.068,1,2793.1610973569755
15653,93,2,877.44,1,Regular,438.72,1,1725.5243626630981
15654,9,2,922.53,1,Regular,461.265,0,1814.195831381733
15655,243,1,560.6700000000001,1,Regular,560.6700000000001,1,1102.5822214787556
15656,45,4,748.5,1,Regular,187.125,0,1471.9581799933087
15657,23,1,30.0,1,Regular,30.0,0,58.99631983941117
15658,190,8,2423.4700000000003,1,Regular,302.93375000000003,1,4765.86037470726
15659,44,3,532.49,1,Regular,177.49666666666667,0,1047.165011709602
15660,25,15,2812.99,1,Regular,187.53266666666664,0,5531.868591502174
15661,317,8,1215.95,0,At Risk,151.99375,1,2391.2191702910673
15662,661,2,283.73,0,At Risk,141.865,1,557.9675276012044
15663,106,1,138.14,1,Regular,138.14,1,271.65838742054194
15664,51,4,1254.03,1,Regular,313.5075,0,2466.1051656072264
15665,168,5,4015.12,1,Regular,803.024,1,7895.910123787219
15666,472,2,632.94,0,At Risk,316.47,1,1244.704355971897
15667,40,1,301.32000000000005,1,Regular,301.32000000000005,0,592.5590364670459
15668,218,1,76.32000000000001,1,Regular,76.32000000000001,1,150.08663767146203
15669,40,4,684.34,1,Regular,171.085,0,1345.7847172967547
15670,297,2,325.2,0,At Risk,162.6,1,639.5201070592171
15671,19,7,2657.13,1,Regular,379.59000000000003,0,5225.363044496487
15672,725,1,45.3,0,At Risk,45.3,1,89.08444295751086
15673,88,9,6414.79,1,Regular,712.7544444444444,0,12614.96675142188
15674,73,13,6948.2300000000005,1,Regular,534.4792307692308,0,13663.999979926395
15675,81,4,542.04,1,Regular,135.51,0,1065.945506858481
15676,19,3,3435.76,1,Regular,1145.2533333333333,0,6756.5731950485115
15677,49,3,1305.63,1,Regular,435.21000000000004,0,2567.578835731014
15678,53,3,1893.89,1,Regular,631.2966666666667,0,3724.4180060220815
15679,24,4,781.28,1,Regular,195.32,0,1536.4214921378386
15680,9,10,4507.58,1,Regular,450.758,0,8864.354379391101
15681,25,14,2989.7000000000003,1,Regular,213.55,0,5879.376580796254
15682,599,2,318.24,0,At Risk,159.12,1,625.8329608564737
15683,117,2,524.54,1,Regular,262.27,1,1031.5309869521577
15684,547,3,173.95,0,At Risk,57.98333333333333,1,342.0803278688524
15685,450,1,55.98,0,At Risk,55.98,1,110.08713282034124
15686,420,1,90.0,0,At Risk,90.0,1,176.98895951823351
15687,9,9,2993.1,1,Regular,332.56666666666666,0,5886.062830378052
15688,419,1,190.57,0,At Risk,190.57,1,374.7642890598862
15689,120,3,521.03,1,Regular,173.67666666666665,1,1024.6284175309468
15690,4,2,239.76,1,Regular,119.88,0,471.4985881565741
15691,252,4,571.3,1,Regular,142.825,1,1123.4865841418534
15692,28,1,191.04,1,Regular,191.04,0,375.6885647373703
15693,659,1,37.5,0,At Risk,37.5,1,73.74539979926396
15694,1,24,10810.81,1,Regular,450.4504166666666,0,21259.933482770157
15695,267,4,1131.04,0,At Risk,282.76,1,2224.239919705587
15696,33,13,3906.57,1,Regular,300.5053846153846,0,7682.441773168284
15697,690,1,246.75,0,At Risk,246.75,1,485.2447306791569
15698,624,1,46.2,0,At Risk,46.2,1,90.85433255269321
15699,18,1,309.65,1,Regular,309.65,0,608.9403479424556
15700,172,2,696.68,1,Regular,348.34,1,1370.0518701906992
15701,2,4,1542.14,1,Regular,385.535,0,3032.6861559049853
15702,476,2,140.39,0,At Risk,70.195,1,276.0831114084978
15703,265,1,211.5,0,At Risk,211.5,1,415.9240548678488
15704,140,6,3817.96,1,Regular,636.3266666666667,1,7508.18630980261
15705,201,1,143.1,1,Regular,143.1,1,281.4124456339913
15706,64,4,1060.56,1,Regular,265.14,0,2085.637898962864
15707,35,4,945.58,1,Regular,236.395,0,1859.5246704583474
15708,41,9,4378.72,1,Regular,486.5244444444445,0,8610.945520240884
15709,284,2,327.85,0,At Risk,163.925,1,644.7314486450318
15710,417,1,898.87,0,At Risk,898.87,1,1767.6674004683841
15711,557,2,420.25,0,At Risk,210.125,1,826.4401137504182
15712,9,12,3472.41,1,Regular,289.3675,0,6828.647032452325
15713,143,4,1010.79,1,Regular,252.6975,1,1987.7630043492807
15714,12,5,784.8100000000001,1,Regular,156.96200000000002,0,1543.3633924389428
15715,556,5,658.02,0,At Risk,131.60399999999998,1,1294.0252793576446
15716,146,11,3056.81,1,Regular,277.89181818181817,1,6011.351348277016
15717,234,5,607.0,1,Regular,121.4,1,1193.6922047507528
15718,540,1,293.79,0,At Risk,293.79,1,577.7509601873537
15719,33,31,10223.06,1,Regular,329.77612903225804,0,20104.097249916358
15720,24,2,741.92,1,Regular,370.96,0,1459.0183205085311
15721,12,1,507.08,1,Regular,507.08,0,997.1951288056206
15722,36,11,5258.1,1,Regular,478.00909090909096,0,10340.284978253598
15723,365,4,947.65,0,At Risk,236.9125,1,1863.5954165272665
15724,201,3,310.85,1,Regular,103.61666666666667,1,611.3002007360321
15725,15,1,415.25,1,Regular,415.25,0,816.607393777183
15726,390,1,321.91,0,At Risk,321.91,1,633.0501773168284
15727,17,15,9445.51,1,Regular,629.7006666666667,0,18575.010966878555
15728,380,2,544.6,0,At Risk,272.3,1,1070.9798594847775
15729,213,3,192.55,1,Regular,64.18333333333334,1,378.6580461692874
15730,66,5,1726.58,1,Regular,345.316,0,3395.3955302776844
15731,554,1,125.3,0,At Risk,125.3,1,246.407962529274
15732,212,10,1682.07,1,Regular,168.207,1,3307.864657075945
15733,283,1,162.3,0,At Risk,162.3,1,319.17009033121445
15734,115,4,2263.3,1,Regular,565.825,1,4450.879023084644
15735,421,1,327.68,0,At Risk,327.68,1,644.3971361659418
15736,435,2,1815.72,0,At Risk,907.86,1,3570.693261960522
15737,15,8,1205.12,1,Regular,150.64,0,2369.9214988290396
15738,19,41,13372.97,1,Regular,326.16999999999996,0,26298.53384409501
15739,66,1,449.12,1,Regular,449.12,0,883.2142388758782
15740,49,1,154.88,1,Regular,154.88,0,304.57833389093344
15741,458,2,208.62,0,At Risk,104.31,1,410.2604081632653
15742,619,1,156.87,0,At Risk,156.87,1,308.49175644028105
15743,16,4,784.46,1,Regular,196.115,0,1542.6751020408165
15744,78,1,34.8,1,Regular,34.8,0,68.43573101371696
15745,19,4,1094.59,1,Regular,273.6475,0,2152.559391100702
15746,134,1,196.88,1,Regular,196.88,1,387.17318166610903
15747,13,9,2562.61,1,Regular,284.7344444444445,0,5039.485306122449
15748,40,3,614.76,1,Regular,204.92,0,1208.9525861492136
15749,235,3,44534.3,1,Regular,14844.766666666668,1,87578.66022080964
15750,3,18,6797.191,1,Regular,377.6217222222222,0,13366.975141518902
15751,461,11,1380.44,0,At Risk,125.49454545454546,1,2714.6959919705587
15752,40,9,4207.54,1,Regular,467.50444444444446,0,8274.312519237203
15753,305,1,79.2,0,At Risk,79.2,1,155.7502843760455
15754,51,9,3037.61,1,Regular,337.51222222222225,0,5973.593703579792
15755,10,17,5993.12,1,Regular,352.53647058823526,0,11785.734145199061
15756,61,4,532.96,1,Regular,133.24,0,1048.089287387086
15757,66,6,2940.36,1,Regular,490.06,0,5782.347300100369
15758,25,1,205.25,1,Regular,205.25,0,403.63315490130475
15759,218,7,830.9300000000001,1,Regular,118.70428571428572,1,1634.0604014720643
15760,631,2,13916.34,0,At Risk,6958.17,1,27367.094854466377
15761,443,1,143.05,0,At Risk,143.05,1,281.31411843425894
15762,65,2,583.75,1,Regular,291.875,0,1147.9700568752091
15763,32,2,1086.92,1,Regular,543.46,0,2137.47599866176
15764,88,8,4503.08,1,Regular,562.885,0,8855.50493141519
15765,667,1,370.63,0,At Risk,370.63,1,728.8602007360321
15766,64,3,831.0600000000001,1,Regular,277.02000000000004,0,1634.3160521913687
15768,116,34,15601.09,1,Regular,458.85558823529414,1,30680.229849447976
15769,7,46,88704.32,2,VIP,1928.3547826086958,0,174440.94779524926
15770,613,1,321.45,0,At Risk,321.45,1,632.1455670792907
15771,604,3,1006.54,0,At Risk,335.5133333333333,1,1979.4051923720306
15772,418,1,280.88,0,At Risk,280.88,1,552.3628772164603
15773,6,2,774.52,1,Regular,387.26,0,1523.1276547340246
15774,69,6,1329.94,1,Regular,221.65666666666667,0,2615.385520240883
15775,245,2,150.5,1,Regular,75.25,1,295.9648711943794
15776,133,1,241.62,1,Regular,241.62,1,475.1563599866176
15777,241,7,1762.61,1,Regular,251.80142857142854,1,3466.2501104048174
15778,431,1,307.95000000000005,0,At Risk,307.95000000000005,1,605.5972231515558
15779,463,2,124.08,0,At Risk,62.04,1,244.00877885580462
15780,184,3,475.28,1,Regular,158.42666666666665,1,934.6590297758447
15781,25,3,345.46000000000004,1,Regular,115.15333333333335,0,679.3622883907663
15782,10,4,4014.1,1,Regular,1003.525,0,7893.90424891268
15783,11,1,246.3,1,Regular,246.3,0,484.35978588156576
15784,468,2,848.33,0,At Risk,424.165,1,1668.2782669789228
15785,33,16,5969.93,1,Regular,373.120625,0,11740.1299899632
15786,46,5,8514.82,1,Regular,1702.964,0,16744.7681365005
15787,26,3,948.05,1,Regular,316.01666666666665,0,1864.3820341251253
15788,509,1,221.83,0,At Risk,221.83,1,436.2384543325527
15789,358,6,1962.01,0,At Risk,327.00166666666667,1,3858.3789829374373
15790,10,1,220.85,1,Regular,220.85,0,434.31124121779857
15791,44,5,3608.34,1,Regular,721.668,0,7095.959357644698
15792,400,2,933.84,0,At Risk,466.92,1,1836.437443961191
15793,15,8,2399.57,1,Regular,299.94625,0,4718.859973235196
15794,736,2,777.0,0,At Risk,388.5,1,1528.0046838407493
15795,150,8,1979.87,1,Regular,247.48375,1,3893.501458681833
15796,1,17,5175.83,1,Regular,304.4605882352941,0,10178.497403813984
15797,113,6,2821.08,1,Regular,470.18,1,5547.777932418869
15798,493,3,1535.37,0,At Risk,511.78999999999996,1,3019.3726530612244
15799,76,4,1424.29,1,Regular,356.0725,0,2800.928946135831
15800,107,7,1242.58,1,Regular,177.51142857142855,1,2443.588236868518
15801,46,3,1063.95,1,Regular,354.65000000000003,0,2092.3044831047173
15802,143,1,451.42,1,Regular,451.42,1,887.7372900635664
15803,51,4,1929.66,1,Regular,482.415,0,3794.7612847106057
15804,1,13,4206.39,1,Regular,323.5684615384616,0,8272.05099364336
15805,23,30,10189.23,1,Regular,339.64099999999996,0,20037.56906657745
15806,46,3,784.58,1,Regular,261.5266666666667,0,1542.9110873201741
15807,50,5,1817.52,1,Regular,363.504,0,3574.2330411508865
15808,306,21,18409.93,1,Regular,876.6633333333333,1,36203.93728337237
15809,36,7,1274.44,1,Regular,182.06285714285715,0,2506.2423285379728
15810,79,8,2999.04,1,Regular,374.88,0,5897.7441017062565
15811,22,7,3890.52,1,Regular,555.7885714285715,0,7650.878742054199
15812,107,12,5201.47,1,Regular,433.4558333333334,1,10228.919591836735
15813,208,2,1303.91,1,Regular,651.955,1,2564.196380060221
15814,17,6,2634.44,1,Regular,439.0733333333333,0,5180.742161257946
15815,64,5,2100.6,1,Regular,420.12,0,4130.92231515557
15816,542,2,144.15,0,At Risk,72.075,1,283.4773168283707
15817,421,3,2766.4,0,At Risk,922.1333333333333,1,5440.247306791569
15818,588,1,340.5,0,At Risk,340.5,1,669.6082301773168
15819,49,10,3934.79,1,Regular,393.479,0,7737.937644697223
15820,320,1,206.98,0,At Risk,206.98,1,407.0352760120441
15821,44,2,570.96,1,Regular,285.48,0,1122.8179591836736
15822,3,6,1840.06,1,Regular,306.6766666666667,0,3618.5589427902305
15823,372,3,3897.17,0,At Risk,1299.0566666666666,1,7663.9562596186015
15824,453,2,890.94,0,At Risk,445.47,1,1752.0727065908331
15825,172,1,532.94,1,Regular,532.94,1,1048.0499565071932
15826,56,4,2598.28,1,Regular,649.57,0,5109.6319304115095
15827,73,28,3794.07,1,Regular,135.5025,0,7461.205573770491
15828,375,1,1108.82,0,At Risk,1108.82,1,2180.54331214453
15829,99,2,636.14,1,Regular,318.07,1,1250.9972967547674
15830,38,1,576.0,1,Regular,576.0,0,1132.7293409166946
15831,58,3,801.76,1,Regular,267.25333333333333,0,1576.69631314821
15832,254,1,836.79,0,At Risk,836.79,1,1645.5843492806957
15833,738,1,80.4,0,At Risk,80.4,1,158.11013716962196
15834,70,7,3772.99,1,Regular,538.9985714285714,0,7419.750826363332
15835,44,4,954.09,1,Regular,238.5225,0,1876.2599598527936
15836,50,1,137.37,1,Regular,137.37,0,270.1441485446638
15837,65,2,777.01,1,Regular,388.505,0,1528.0243492806958
15838,11,34,74163.0,1,Regular,2181.264705882353,0,145844.80227500835
15839,33,3,1048.49,1,Regular,349.49666666666667,0,2061.901712947474
15840,59,2,355.56,1,Regular,177.78,0,699.2243827367013
15841,73,9,2742.41,1,Regular,304.7122222222222,0,5393.069916359987
15842,393,2,548.8000000000001,0,At Risk,274.40000000000003,1,1079.2393442622952
15843,304,1,118.95,0,At Risk,118.95,1,233.9204081632653
15844,46,1,130.73999999999998,1,Regular,130.73999999999998,0,257.10596186015385
15845,18,11,4426.28,1,Regular,402.3890909090909,0,8704.474352626296
15846,385,1,107.01,0,At Risk,107.01,1,210.43987286717967
15847,38,5,822.57,1,Regular,164.514,0,1617.620093676815
15848,622,1,139.94,0,At Risk,139.94,1,275.19816661090664
15850,19,6,1058.72,1,Regular,176.45333333333335,0,2082.019458012713
15851,527,1,109.73,0,At Risk,109.73,1,215.78887253261962
15852,187,3,257.26,1,Regular,85.75333333333333,1,505.91310806289727
15853,52,1,110.8,1,Regular,110.8,0,217.89307460689193
15854,4,21,5583.81,1,Regular,265.8957142857143,0,10980.808022750085
15855,137,6,1052.72,1,Regular,175.45333333333335,1,2070.2201940448313
15856,4,52,34220.340000000004,1,Regular,658.0834615384616,0,67295.80412177986
15857,19,2,570.48,1,Regular,285.24,0,1121.8740180662428
15858,16,13,3960.37,1,Regular,304.64384615384614,0,7788.241840080294
15859,432,1,438.46,0,At Risk,438.46,1,862.2508798929407
15860,41,17,2505.21,1,Regular,147.36529411764707,0,4926.605680829709
15861,12,12,4401.79,1,Regular,366.81583333333333,0,8656.31369019739
15862,8,13,2928.29,1,Regular,225.25307692307692,0,5758.611114084978
15863,26,5,358.7,1,Regular,71.74,0,705.3993308798929
15864,22,7,2180.76,1,Regular,311.5371428571429,0,4288.560481766477
15865,41,5,2248.92,1,Regular,449.784,0,4422.60012044162
15866,101,1,230.53,1,Regular,230.53,1,453.34738708598195
15867,5,31,9063.95,1,Regular,292.3854838709678,0,17824.656440281033
15868,583,1,94.53,0,At Risk,94.53,1,185.8974038139846
15869,277,3,323.66,0,At Risk,107.88666666666667,1,636.4916293074607
15870,33,4,862.61,1,Regular,215.6525,0,1696.3605152224825
15871,437,1,33.099999999999994,0,At Risk,33.099999999999994,1,65.09260622281698
15872,15,4,795.68,1,Regular,198.92,0,1564.739725660756
15873,500,4,313.92,0,At Risk,78.48,1,617.3374907995985
15874,64,21,11284.76,1,Regular,537.3695238095238,0,22191.977009033122
15875,646,1,111.72,0,At Risk,111.72,1,219.7022950819672
15876,409,2,1449.14,0,At Risk,724.57,1,2849.7975644028106
15877,2,2,493.28,1,Regular,246.64,0,970.0568216794913
15878,562,2,330.77,0,At Risk,165.385,1,650.473757109401
15879,404,4,1157.3,0,At Risk,289.325,1,2275.8813650050183
15880,369,1,686.56,0,At Risk,686.56,1,1350.150444964871
15881,312,5,501.39,0,At Risk,100.27799999999999,1,986.0054934760789
15882,199,8,1495.98,1,Regular,186.9975,1,2941.910485112078
15883,2,2,396.48,1,Regular,198.24,0,779.6953629976581
15884,432,2,249.7,0,At Risk,124.85,1,491.0460354633656
15885,93,15,1951.82,1,Regular,130.12133333333333,1,3838.339899631984
15886,60,4,1052.87,1,Regular,263.2175,0,2070.5151756440277
15887,407,3,1027.15,0,At Risk,342.3833333333334,1,2019.9356641017064
15888,81,3,429.16,1,Regular,143.05333333333334,0,843.9620207427233
15889,157,8,1806.28,1,Regular,225.785,1,3552.129086651054
15890,395,5,535.65,0,At Risk,107.13,1,1053.3792907326865
15891,227,1,524.52,1,Regular,524.52,1,1031.491656072265
15892,669,1,128.2,0,At Risk,128.2,1,252.1109401137504
15893,482,1,305.28000000000003,0,At Risk,305.28000000000003,1,600.3465506858481
15894,253,2,420.29,1,Regular,210.145,1,826.5187755102041
15895,150,1,179.17,1,Regular,179.17,1,352.34568752090996
15897,194,2,222.05,1,Regular,111.025,1,436.67109401137503
15898,1,25,5596.31,1,Regular,223.85240000000002,0,11005.389822683172
15899,369,1,112.5,0,At Risk,112.5,1,221.2361993977919
15900,24,4,900.4,1,Regular,225.1,0,1770.676212780194
15901,17,7,703.22,1,Regular,100.46000000000001,0,1382.9130679156908
15902,380,1,145.01,0,At Risk,145.01,1,285.16854466376714
15903,10,12,8939.84,1,Regular,744.9866666666667,0,17580.588665105388
15904,8,1,164.68,1,Regular,164.68,0,323.8504650384744
15905,543,1,114.69,0,At Risk,114.69,1,225.54293074606892
15906,20,10,2555.64,1,Regular,255.564,0,5025.778494479759
15907,4,3,967.45,1,Regular,322.48333333333335,0,1902.5329876212782
15908,491,2,764.57,0,At Risk,382.285,1,1503.5605419872868
15909,174,1,191.94,1,Regular,191.94,1,377.45845433255266
15910,1,15,2681.8,1,Regular,178.7866666666667,0,5273.8776848444295
15911,624,8,1702.34,0,At Risk,212.7925,1,3347.72650384744
15912,178,9,1074.7,1,Regular,119.41111111111111,1,2113.444831047173
15913,534,1,6.300000000000001,0,At Risk,6.300000000000001,1,12.389227166276347
15914,378,2,205.99,0,At Risk,102.995,1,405.0883974573436
15915,402,1,429.21,0,At Risk,429.21,1,844.0603479424556
15916,16,13,3427.17,1,Regular,263.6284615384615,0,6739.680582134492
15917,248,5,560.63,1,Regular,112.126,1,1102.5035597189694
15918,191,3,582.88,1,Regular,194.29333333333332,1,1146.259163599866
15919,20,2,910.61,1,Regular,455.305,0,1790.7546269655404
15920,154,9,571.64,1,Regular,63.51555555555555,1,1124.1552091000335
15921,173,4,802.11,1,Regular,200.5275,1,1577.3846035463366
15922,373,1,739.0,0,At Risk,739.0,1,1453.276012044162
15923,373,1,254.16,0,At Risk,254.16,1,499.81682167949145
15924,731,1,102.82,0,At Risk,102.82,1,202.20005352960854
15925,194,1,207.15,1,Regular,207.15,1,407.36958849113415
15926,542,1,134.44,0,At Risk,134.44,1,264.38217464034796
15927,647,1,123.39,0,At Risk,123.39,1,242.65186349949815
15928,656,1,293.53,0,At Risk,293.53,1,577.2396587487453
15929,644,1,594.0,0,At Risk,594.0,1,1168.1271328203413
15930,67,1,426.63,1,Regular,426.63,0,838.9866644362663
15931,428,1,239.9,0,At Risk,239.9,1,471.77390431582467
15932,4,8,2495.87,1,Regular,311.98375,0,4908.238159919705
15933,21,3,1107.46,1,Regular,369.15333333333336,0,2177.86881231181
15934,418,2,2190.66,0,At Risk,1095.33,1,4308.029267313483
15935,239,2,416.86,1,Regular,208.43,1,819.7735296085648
15936,379,2,282.79,0,At Risk,141.395,1,556.1189762462362
15937,64,1,145.35000000000002,1,Regular,145.35000000000002,0,285.83716962194717
15938,112,9,734.8100000000001,1,Regular,81.64555555555556,1,1445.036192706591
15939,90,16,9060.39,1,Regular,566.274375,0,17817.655543660087
15940,311,1,35.8,0,At Risk,35.8,1,70.402275008364
15941,637,1,405.0,0,At Risk,405.0,1,796.4503178320508
15942,134,1,337.44,1,Regular,337.44,1,663.5906055536968
15943,650,2,271.29,0,At Risk,135.645,1,533.5037203077953
15944,277,4,2164.24,0,At Risk,541.06,1,4256.0731749749075
15945,365,4,827.27,0,At Risk,206.8175,1,1626.862850451656
15946,503,3,2304.18,0,At Risk,768.06,1,4531.271341585814
15947,83,1,1708.24,1,Regular,1708.24,0,3359.329113415858
15948,8,3,1509.09,1,Regular,503.03,0,2967.6918768819
15949,17,2,364.72,1,Regular,182.36,0,717.2379257276682
15950,32,10,7180.71,1,Regular,718.071,0,14121.18212780194
15951,9,3,1013.17,1,Regular,337.7233333333333,0,1992.4433790565404
15952,34,4,806.57,1,Regular,201.6425,0,1586.1553897624624
15953,15,18,3669.55,1,Regular,203.8638888888889,0,7216.331515557043
15954,589,1,190.75,0,At Risk,190.75,1,375.1182669789227
15955,24,22,8658.36,1,Regular,393.5618181818182,0,17027.045861492137
15956,551,2,617.6,0,At Risk,308.8,1,1214.5375710940114
15957,32,3,930.1,1,Regular,310.03333333333336,0,1829.0825694212112
15958,74,4,492.99,1,Regular,123.2475,0,969.4865239210438
15959,682,3,579.49,0,At Risk,193.16333333333333,1,1139.5925794580128
15960,374,4,410.95,0,At Risk,102.7375,1,808.1512546002007
15961,379,1,451.29,0,At Risk,451.29,1,887.4816393442624
15962,449,1,295.83,0,At Risk,295.83,1,581.7627099364336
15963,20,2,470.76,1,Regular,235.38,0,925.7702509200401
15964,663,1,272.96000000000004,0,At Risk,272.96000000000004,1,536.7878487788558
15965,17,13,3013.09,1,Regular,231.77615384615385,0,5925.374044831047
15966,451,1,426.53,0,At Risk,426.53,1,838.7900100368015
15967,23,12,3041.6,1,Regular,253.46666666666667,0,5981.440214118434
15968,388,1,418.05,0,At Risk,418.05,1,822.1137169621948
15969,3,5,1127.05,1,Regular,225.41,0,2216.3934091669453
15970,304,2,1017.32,0,At Risk,508.66,1,2000.604536634326
15971,18,18,5902.83,1,Regular,327.935,0,11608.174887922381
15972,456,5,1810.27,0,At Risk,362.054,1,3559.9755971896952
15973,367,3,988.44,0,At Risk,329.48,1,1943.8107460689193
15974,39,7,3442.15,1,Regular,491.7357142857143,0,6769.139411174306
15975,84,1,371.01,1,Regular,371.01,0,729.6074874539979
15976,165,6,1746.64,1,Regular,291.1066666666667,1,3434.8444028103045
15977,17,2,1054.73,1,Regular,527.365,0,2074.1729474740714
15978,77,3,3279.42,1,Regular,1093.14,0,6449.123706925393
15979,603,1,329.22,0,At Risk,329.22,1,647.4256139176982
15980,89,7,6593.68,1,Regular,941.9542857142858,0,12966.761806624289
15981,25,21,9362.77,1,Regular,445.8461904761905,0,18412.29911676146
15982,605,1,324.51,0,At Risk,324.51,1,638.1631917029107
15983,22,8,3958.82,1,Regular,494.8525,0,7785.193696888592
15984,3,30,8759.32,1,Regular,291.9773333333333,0,17225.5881431917
15985,123,7,2715.28,1,Regular,387.8971428571429,1,5339.717577785213
15986,30,2,354.42,1,Regular,177.21,0,696.9825225828037
15987,12,8,1682.13,1,Regular,210.26625,0,3307.982649715624
15988,19,3,770.09,1,Regular,256.69666666666666,0,1514.4158648377381
15989,376,2,372.51,0,At Risk,186.255,1,732.5573034459685
15990,44,7,2010.05,1,Regular,287.15,0,3952.8517564402805
15991,534,1,150.55,0,At Risk,150.55,1,296.06319839411174
15992,4,3,896.6,1,Regular,298.8666666666667,0,1763.2033456005354
15993,9,7,2797.57,1,Regular,399.65285714285716,0,5501.544483104717
15994,55,3,1202.18,1,Regular,400.7266666666667,0,2364.1398594847774
15995,414,1,696.19,0,At Risk,696.19,1,1369.0882636333222
15996,88,7,1686.9,1,Regular,240.9857142857143,0,3317.3630645700905
15998,37,16,8308.34,1,Regular,519.27125,0,16338.71613248578
15999,736,1,20.4,0,At Risk,20.4,1,40.11749749079959
16000,3,3,12393.7,1,Regular,4131.233333333334,0,24372.75630645701
16001,381,1,583.39,0,At Risk,583.39,1,1147.262101037136
16002,625,1,169.21,0,At Risk,169.21,1,332.7589093342255
16003,30,10,5613.83,1,Regular,561.383,0,11039.843673469388
16004,475,5,2146.39,0,At Risk,429.27799999999996,1,4220.970364670458
16005,12,10,2436.22,1,Regular,243.62199999999999,0,4790.93381063901
16006,211,2,347.17,1,Regular,173.585,1,682.7250786216126
16007,48,7,3075.14,1,Regular,439.30571428571426,0,6047.398099698896
16008,24,15,5384.13,1,Regular,358.942,0,10588.128517898964
16009,22,4,992.71,1,Regular,248.1775,0,1952.2078889260622
16010,246,11,1724.06,1,Regular,156.73272727272726,1,3390.439839411174
16011,8,29,5880.46,1,Regular,202.77448275862068,0,11564.183298762127
16012,35,5,2989.79,1,Regular,597.958,0,5879.553569755771
16013,4,84,57446.44,2,VIP,683.8861904761904,0,112970.95159585144
16014,38,5,1130.27,1,Regular,226.054,0,2222.725680829709
16015,4,3,705.39,1,Regular,235.13,0,1387.1804683840749
16016,3,11,2533.94,1,Regular,230.35818181818183,0,4983.104489795918
16017,47,5,1553.83,1,Regular,310.76599999999996,0,3055.6750552024087
16018,39,4,698.13,1,Regular,174.5325,0,1372.9033589829373
16019,47,27,17465.85,1,Regular,646.8833333333333,0,34347.36242890599
16020,17,3,851.01,1,Regular,283.67,0,1673.5486048845767
16021,395,2,532.25,0,At Risk,266.125,1,1046.6930411508865
16022,260,1,628.28,0,At Risk,628.28,1,1235.5402609568416
16023,46,3,719.81,1,Regular,239.93666666666664,0,1415.5380327868852
16024,12,3,484.2,1,Regular,161.4,0,952.2006022080964
16025,30,1,439.66,1,Regular,439.66,0,864.6107326865173
16026,43,1,236.09,1,Regular,236.09,0,464.2813716962195
16027,92,15,2048.36,1,Regular,136.55733333333333,1,4028.1900568752094
16028,596,1,82.2,0,At Risk,82.2,1,161.64991635998663
16029,39,107,122209.14,2,VIP,1142.1414953271028,0,240329.65035797926
16030,310,1,331.24,0,At Risk,331.24,1,651.3980327868852
16031,92,2,548.94,1,Regular,274.47,1,1079.5146604215458
16032,456,6,1970.45,0,At Risk,328.40833333333336,1,3874.976614252259
16033,6,27,10836.13,1,Regular,401.3381481481481,0,21309.726376714618
16034,196,6,928.72,1,Regular,154.78666666666666,1,1826.3687387085981
16035,560,1,217.73,0,At Risk,217.73,1,428.1756239544998
16036,87,4,2556.84,1,Regular,639.21,0,5028.138347273336
16037,270,5,1509.34,0,At Risk,301.868,1,2968.183512880562
16038,8,3,471.78,1,Regular,157.26,0,927.77612579458
16039,424,2,456.4,0,At Risk,228.2,1,897.5306791569086
16040,65,7,2416.9,1,Regular,345.2714285714286,0,4752.940180662429
16041,31,3,3166.4,1,Regular,1055.4666666666667,0,6226.864904650385
16042,22,8,2265.12,1,Regular,283.14,0,4454.458133154901
16043,38,8,1856.59,1,Regular,232.07375,0,3651.065915021746
16044,435,1,340.84000000000003,0,At Risk,340.84000000000003,1,670.2768551354968
16045,120,8,3434.93,1,Regular,429.36625,1,6754.940963532954
16046,562,1,235.78,0,At Risk,235.78,1,463.67174305787887
16047,682,1,107.14,0,At Risk,107.14,1,210.69552358648377
16048,373,4,1075.23,0,At Risk,268.8075,1,2114.487099364336
16049,40,6,1899.68,1,Regular,316.61333333333334,0,3735.8042957510875
16050,174,3,300.7,1,Regular,100.23333333333333,1,591.3397791903647
16051,682,1,188.44,0,At Risk,188.44,1,370.57555035128803
16052,54,1,362.06,1,Regular,362.06,0,712.006918701907
16053,33,6,3634.84,1,Regular,605.8066666666667,0,7148.072773502844
16054,145,4,2111.88,1,Regular,527.97,1,4153.104931415189
16055,221,1,134.8,1,Regular,134.8,1,265.0901304784209
16056,45,1,664.85,1,Regular,664.85,0,1307.456774841084
16057,16,10,3854.85,1,Regular,385.485,0,7580.732117765139
16058,406,1,62.7,0,At Risk,62.7,1,123.30230846436936
16059,66,12,3217.77,1,Regular,268.1475,0,6327.886269655402
16060,401,3,541.95,0,At Risk,180.65,1,1065.768517898963
16061,431,1,89.65,0,At Risk,89.65,1,176.30066912010707
16062,10,8,2863.45,1,Regular,357.93125,0,5631.100401472064
16063,260,1,335.32,0,At Risk,335.32,1,659.4215322850451
16064,725,1,111.0,0,At Risk,111.0,1,218.28638340582134
16065,365,8,2382.62,0,At Risk,297.8275,1,4685.527052525928
16066,17,5,1521.87,1,Regular,304.37399999999997,0,2992.8243091334894
16067,563,3,3395.29,0,At Risk,1131.7633333333333,1,6676.9871595851455
16068,594,1,122.93,0,At Risk,122.93,1,241.74725326196054
16069,418,1,457.7,0,At Risk,457.7,1,900.0871863499498
16070,22,2,852.15,1,Regular,426.075,0,1675.7904650384744
16071,45,4,1076.8,1,Regular,269.2,0,2117.5745734359316
16072,288,4,4328.89,0,At Risk,1082.2225,1,8512.952632987623
16073,297,1,122.4,0,At Risk,122.4,1,240.7049849447976
16074,390,1,265.25,0,At Risk,265.25,1,521.6257945801271
16075,503,2,736.9300000000001,0,At Risk,368.46500000000003,1,1449.2052659752426
16076,3,10,2234.73,1,Regular,223.473,0,4394.694861157578
16077,626,1,2300.4,0,At Risk,2300.4,1,4523.837805286049
16078,284,2,362.99,0,At Risk,181.495,1,713.8358046169287
16079,17,3,1352.0,1,Regular,450.6666666666667,0,2658.767480762797
16080,82,4,602.5600000000001,1,Regular,150.64000000000001,0,1184.96074941452
16081,56,8,4460.18,1,Regular,557.5225,0,8771.140194044832
16082,670,1,106.75,0,At Risk,106.75,1,209.92857142857142
16083,101,4,2351.42,1,Regular,587.855,1,4624.170879892941
16084,299,1,436.18,0,At Risk,436.18,1,857.7671595851456
16085,23,12,2343.53,1,Regular,195.29416666666668,0,4608.654847775176
16086,59,10,2864.99,1,Regular,286.49899999999997,0,5634.12887922382
16087,389,5,1739.92,0,At Risk,347.98400000000004,1,3421.6292271662765
16088,576,2,1437.43,0,At Risk,718.715,1,2826.7693342254934
16089,386,2,271.44,0,At Risk,135.72,1,533.7987019069923
16090,624,1,205.91,0,At Risk,205.91,1,404.9310739377718
16091,155,2,315.06,1,Regular,157.53,1,619.5793509534961
16092,115,6,1587.94,1,Regular,264.6566666666667,1,3122.7538708598195
16093,107,1,17.0,1,Regular,17.0,1,33.431247908999666
16094,12,11,3695.56,1,Regular,335.96,0,7267.481324857812
16095,456,1,447.05,0,At Risk,447.05,1,879.1434928069589
16096,264,4,1584.97,0,At Risk,396.2425,1,3116.913235195718
16097,240,1,185.05,1,Regular,185.05,1,363.9089662094346
16098,88,14,4448.1,1,Regular,317.7214285714286,0,8747.384342589496
16099,50,7,1573.2,1,Regular,224.74285714285716,0,3093.767012378722
16100,463,1,582.64,0,At Risk,582.64,1,1145.7871930411509
16101,71,4,3229.16,1,Regular,807.29,0,6350.285205754432
16102,42,3,1842.14,1,Regular,614.0466666666667,0,3622.6493542990975
16103,7,22,6191.71,1,Regular,281.44136363636363,0,12176.270117096019
16104,62,9,2778.61,1,Regular,308.7344444444445,0,5464.2588089662095
16105,249,5,2386.19,1,Regular,477.238,1,4692.547614586819
16106,66,1,108.38,1,Regular,108.38,0,213.1340381398461
16107,18,7,3204.1600000000003,1,Regular,457.7371428571429,0,6301.121605888257
16108,85,4,2235.92,1,Regular,558.98,0,4397.035048511208
16109,219,3,939.48,1,Regular,313.16,1,1847.5287520910003
16110,45,4,1819.27,1,Regular,454.8175,0,3577.6744931415187
16111,428,1,562.48,0,At Risk,562.48,1,1106.1416661090666
16112,143,4,195.74,1,Regular,48.935,1,384.93132151221147
16113,183,1,161.38,1,Regular,161.38,1,317.3608698561392
16114,171,1,135.75000000000003,1,Regular,135.75000000000003,1,266.9583472733356
16115,10,12,2575.14,1,Regular,214.595,0,5064.126102375376
16116,212,1,612.78,1,Regular,612.78,1,1205.0588290398125
16117,190,3,654.4,1,Regular,218.13333333333333,1,1286.9063900970223
16118,653,1,4376.25,0,At Risk,4376.25,1,8606.088156574106
16119,8,8,1720.81,1,Regular,215.10125,0,3384.0485714285714
16120,59,6,3056.91,1,Regular,509.48499999999996,0,6011.54800267648
16121,57,5,1477.09,1,Regular,295.418,0,2904.762469053195
16122,73,6,1001.34,1,Regular,166.89000000000001,0,1969.1791635998663
16123,52,1,307.78000000000003,1,Regular,307.78000000000003,0,605.2629106724658
16124,317,4,1772.49,0,At Risk,443.1225,1,3485.6795650719305
16125,367,14,4587.65,0,At Risk,327.6892857142857,1,9021.815557042488
16126,29,15,14646.8,1,Regular,976.4533333333333,0,28803.576580796253
16127,39,2,801.3100000000001,1,Regular,400.65500000000003,0,1575.811368350619
16128,18,11,3801.05,1,Regular,345.55,0,7474.932050853128
16129,407,3,1396.05,0,At Risk,465.34999999999997,1,2745.3937437269988
16130,422,4,987.48,0,At Risk,246.87,1,1941.9228638340583
16131,52,12,9957.42,1,Regular,829.785,0,19581.70450317832
16132,544,2,664.1999999999999,0,At Risk,332.09999999999997,1,1306.1785212445632
16133,4,56,22992.26,1,Regular,410.5760714285714,0,45215.29082636333
16134,22,5,2145.34,1,Regular,429.06800000000004,0,4218.905493476079
16135,263,2,819.45,0,At Risk,409.725,1,1611.4844764135162
16136,60,4,946.8,1,Regular,236.7,0,1861.9238541318166
16137,680,1,422.7,0,At Risk,422.7,1,831.2581465373034
16138,379,3,910.35,0,At Risk,303.45,1,1790.2433255269318
16139,19,5,1111.15,1,Regular,222.23000000000002,0,2185.125359652058
16140,66,3,1557.6,1,Regular,519.1999999999999,0,3063.088926062228
16141,88,2,955.94,1,Regular,477.97,0,1879.8980662428908
16142,250,1,535.34,1,Regular,535.34,1,1052.769662094346
16143,3,12,4910.83,1,Regular,409.23583333333335,0,9657.363245232518
16144,247,1,175.2,1,Regular,175.2,1,344.5385078621612
16145,9,19,6805.4400000000005,1,Regular,358.18105263157895,0,13383.197162930746
16146,157,4,946.38,1,Regular,236.595,1,1861.0979056540648
16147,134,5,2398.91,1,Regular,479.782,1,4717.562054198728
16148,296,2,386.62,0,At Risk,193.31,1,760.3052392104382
16149,5,3,422.22,1,Regular,140.74,0,830.3142054198729
16150,43,10,4395.59,1,Regular,439.559,0,8644.121117430579
16152,269,1,1829.04,0,At Risk,1829.04,1,3596.8876279692204
16153,50,11,5133.49,1,Regular,466.6809090909091,0,10095.23393108063
16155,382,5,796.9,0,At Risk,159.38,1,1567.1389093342254
16156,9,20,6218.18,1,Regular,310.909,0,12228.324536634325
16157,16,3,656.69,1,Regular,218.89666666666668,0,1291.4097758447642
16158,522,9,628.32,0,At Risk,69.81333333333333,1,1235.6189227166276
16159,282,4,1232.79,0,At Risk,308.1975,1,2424.3357711609233
16160,65,2,1025.44,1,Regular,512.72,0,2016.57287387086
16161,2,43,12831.8,1,Regular,298.4139534883721,0,25234.29923051188
16162,252,1,37.4,0,At Risk,37.4,1,73.54874539979926
16163,232,6,2849.58,1,Regular,474.93,1,5603.82443626631
16164,17,3,822.48,1,Regular,274.16,0,1617.4431047172968
16165,505,1,79.9,0,At Risk,79.9,1,157.12686517229844
16166,428,2,435.83,0,At Risk,217.915,1,857.078869187019
16167,414,5,1386.12,0,At Risk,277.224,1,2725.8659618601537
16168,11,66,10636.47,1,Regular,161.15863636363636,0,20917.08620274339
16169,8,4,1822.97,1,Regular,455.7425,0,3584.950705921713
16170,51,20,6869.0,1,Regular,343.45,0,13508.190699230512
16171,59,1,73.19999999999999,1,Regular,73.19999999999999,0,143.95102040816323
16172,95,8,1884.55,1,Regular,235.56875,1,3706.0504851120772
16173,16,6,1418.32,1,Regular,236.38666666666666,0,2789.1886784877884
16174,126,7,2246.75,1,Regular,320.9642857142857,1,4418.332719973235
16175,94,7,1836.44,1,Regular,262.34857142857146,1,3611.440053529609
16176,421,4,2052.69,0,At Risk,513.1725,1,4036.705192372031
16177,50,8,2247.31,1,Regular,280.91375,0,4419.4339846102375
16178,138,2,612.6,1,Regular,306.3,1,1204.7048511207763
16179,61,1,215.83,1,Regular,215.83,0,424.4391903646705
16180,100,13,16249.87,1,Regular,1249.99,1,31956.084262295084
16181,73,1,305.54,1,Regular,305.54,0,600.8578521244564
16182,72,9,9971.65,1,Regular,1107.961111111111,0,19609.688424222146
16183,67,4,1077.81,1,Regular,269.4525,0,2119.560782870525
16184,64,6,1158.79,1,Regular,193.13166666666666,0,2278.811515557042
16185,17,3,644.72,1,Regular,214.90666666666667,0,1267.870244228839
16186,23,26,9026.11,1,Regular,347.1580769230769,0,17750.242415523586
16187,32,15,6911.4400000000005,1,Regular,460.7626666666667,0,13591.650826363333
16188,45,5,1087.66,1,Regular,217.532,0,2138.9312412177987
16189,16,2,215.48,1,Regular,107.74,0,423.75089996654395
16190,40,8,2723.55,1,Regular,340.44375,0,5355.980896620944
16191,3,24,15688.02,1,Regular,653.6675,0,30851.181518902642
16192,736,1,351.3,0,At Risk,351.3,1,690.8469053195049
16193,237,2,630.4300000000001,1,Regular,315.21500000000003,1,1239.768330545333
16194,375,1,308.6,0,At Risk,308.6,1,606.8754767480763
16195,723,1,323.25,0,At Risk,323.25,1,635.6853462696554
16196,489,1,93.3,0,At Risk,93.3,1,183.47855470056874
16197,469,9,2016.71,0,At Risk,224.07888888888888,1,3965.9489394446305
16198,75,2,1030.0410000000002,1,Regular,515.0205000000001,0,2025.620942790231
16199,392,7,942.75,0,At Risk,134.67857142857142,1,1853.959350953496
16200,4,12,5643.45,1,Regular,470.28749999999997,0,11098.092706590833
16201,3,5,2112.12,1,Regular,422.424,0,4153.576901973904
16202,361,9,2501.99,0,At Risk,277.99888888888887,1,4920.273409166945
16203,59,6,1114.54,1,Regular,185.75666666666666,0,2191.791943793911
16204,23,3,944.24,1,Regular,314.74666666666667,0,1856.8895015055202
16205,31,7,1830.61,1,Regular,261.5157142857143,0,3599.9751020408166
16206,55,13,2602.32,1,Regular,200.17846153846156,0,5117.576768149883
16207,25,1,394.38,1,Regular,394.38,0,775.5656206088993
16208,45,10,3440.4500000000003,1,Regular,344.045,0,6765.796286383406
16209,89,9,4146.78,1,Regular,460.75333333333333,0,8154.825306122449
16210,2,35,38489.51,1,Regular,1099.7002857142859,0,75691.31474740717
16211,89,3,1090.59,1,Regular,363.53,0,2144.693215122114
16212,19,4,1293.71,1,Regular,323.4275,0,2544.137631314821
16213,79,1,159.0,1,Regular,159.0,0,312.68049514887923
16214,171,4,2038.25,1,Regular,509.5625,1,4008.3082970893274
16215,81,1,242.35,1,Regular,242.35,0,476.5919371027099
16216,267,1,914.93,0,At Risk,914.93,1,1799.2500970224155
16217,235,2,304.25,1,Regular,152.125,1,598.3210103713617
16218,30,13,4439.97,1,Regular,341.53615384615387,0,8731.396339913015
16219,501,1,40.8,0,At Risk,40.8,1,80.23499498159919
16221,37,9,2235.51,1,Regular,248.39000000000001,0,4396.228765473403
16222,318,2,1345.22,0,At Risk,672.61,1,2645.43431247909
16223,375,2,1102.35,0,At Risk,551.175,1,2167.8197724991633
16224,57,5,1616.54,1,Regular,323.308,0,3178.9970291067243
16225,45,15,2867.41,1,Regular,191.16066666666666,0,5638.887915690866
16226,203,5,672.17,1,Regular,134.434,1,1321.8518768819001
16227,225,3,1027.22,1,Regular,342.4066666666667,1,2020.0733221813316
16228,385,3,890.81,0,At Risk,296.93666666666667,1,1751.8170558715287
16229,87,6,2867.86,1,Regular,477.9766666666667,0,5639.772860488458
16230,190,2,542.03,1,Regular,271.015,1,1065.9258414185344
16231,379,4,1078.22,0,At Risk,269.555,1,2120.3670659083305
16232,44,7,2712.97,1,Regular,387.5671428571428,0,5335.174861157578
16233,71,9,1965.71,1,Regular,218.41222222222223,0,3865.655195717631
16234,476,3,333.18,0,At Risk,111.06,1,655.2131281365005
16235,41,9,2053.71,1,Regular,228.19,0,4038.7110672465706
16236,78,1,432.2,1,Regular,432.2,0,849.9403144864502
16237,437,1,136.65,0,At Risk,136.65,1,268.7282368685179
16238,423,1,63.66,0,At Risk,63.66,1,125.1901906992305
16239,57,6,1492.2,1,Regular,248.70000000000002,0,2934.476948812312
16240,24,2,3718.8,1,Regular,1859.4,0,7313.18380729341
16241,10,16,4329.31,1,Regular,270.581875,0,8513.778581465374
16242,8,14,7474.400000000001,1,Regular,533.8857142857144,0,14698.736433589833
16243,34,2,409.1,1,Regular,204.55,0,804.5131482101037
16244,212,2,2579.38,1,Regular,1289.69,1,5072.46424891268
16245,24,3,1413.66,1,Regular,471.22,0,2780.0245834727334
16246,460,2,827.25,0,At Risk,413.625,1,1626.8235195717632
16247,170,1,114.56,1,Regular,114.56,1,225.2872800267648
16248,62,1,152.94,1,Regular,152.94,0,300.7632385413182
16249,53,5,1800.07,1,Regular,360.014,0,3539.916848444296
16250,261,3,791.38,0,At Risk,263.79333333333335,1,1556.2835864837741
16251,512,1,128.31,0,At Risk,128.31,1,252.3272599531616
16252,383,1,295.09000000000003,0,At Risk,295.09000000000003,1,580.3074673803949
16253,67,7,7310.15,1,Regular,1044.3071428571427,0,14375.73158246905
16254,378,3,985.14,0,At Risk,328.38,1,1937.321150886584
16255,17,15,4906.8,1,Regular,327.12,0,9649.438072934092
16256,267,3,1629.37,0,At Risk,543.1233333333333,1,3204.227788558046
16257,177,1,46.95,1,Regular,46.95,1,92.3292405486785
16258,45,15,11942.52,1,Regular,796.168,0,23485.490986952158
16259,410,3,361.94,0,At Risk,120.64666666666666,1,711.7709334225493
16260,51,1,1035.45,1,Regular,1035.45,0,2036.2579792572767
16261,17,6,1059.45,1,Regular,176.57500000000002,0,2083.455035128806
16262,378,1,755.15,0,At Risk,755.15,1,1485.0356975577115
16263,423,1,351.01,0,At Risk,351.01,1,690.2766075610572
16264,438,2,837.53,0,At Risk,418.765,1,1647.0395918367346
16265,9,12,6935.17,1,Regular,577.9308333333333,0,13638.316915356307
16266,74,14,1757.95,1,Regular,125.56785714285715,0,3457.0860153897625
16267,591,1,186.66,0,At Risk,186.66,1,367.0751020408163
16268,71,2,667.65,1,Regular,333.825,0,1312.9630980260956
16269,438,1,717.57,0,At Risk,717.57,1,1411.132974238876
16270,353,1,1141.24,0,At Risk,1141.24,1,2244.298668450987
16271,3,10,3463.02,1,Regular,346.302,0,6810.18118434259
16272,117,1,411.7,1,Regular,411.7,1,809.626162596186
16273,648,2,336.04,0,At Risk,168.02,1,660.8374439611911
16274,373,1,715.9,0,At Risk,715.9,1,1407.8488457678152
16275,197,3,2151.11,1,Regular,717.0366666666667,1,4230.252452325192
16276,177,3,2629.3900000000003,1,Regular,876.4633333333335,1,5170.811114084979
16277,734,1,188.69,0,At Risk,188.69,1,371.0671863499498
16278,100,3,1117.84,1,Regular,372.6133333333333,1,2198.281538976246
16279,21,9,5705.08,1,Regular,633.8977777777777,0,11219.29081298093
16280,725,1,238.05,0,At Risk,238.05,1,468.1357979257277
16281,72,3,3424.02,1,Regular,1141.34,0,6733.485968551354
16282,340,3,1307.5800000000002,0,At Risk,435.86000000000007,1,2571.4135965205755
16283,6,8,4403.82,1,Regular,550.4775,0,8660.305774506523
16284,31,3,1029.77,1,Regular,343.25666666666666,0,2025.0880093676815
16285,646,1,176.9,0,At Risk,176.9,1,347.8816326530612
16286,477,2,328.95,0,At Risk,164.475,1,646.8946470391435
16287,170,5,1006.98,1,Regular,201.39600000000002,1,1980.2704717296754
16288,470,1,129.85,0,At Risk,129.85,1,255.35573770491803
16289,462,1,136.31,0,At Risk,136.31,1,268.0596119103379
16290,465,4,2069.3,0,At Risk,517.325,1,4069.3694881231186
16291,682,1,117.72,0,At Risk,117.72,1,231.50155904984945
16292,122,5,1253.76,1,Regular,250.752,1,2465.574198728672
16293,22,15,4657.95,1,Regular,310.53,0,9160.063599866175
16294,477,1,126.05,0,At Risk,126.05,1,247.88287052525928
16295,10,4,1328.55,1,Regular,332.1375,0,2612.6520240883237
16296,626,4,1313.67,0,At Risk,328.4175,1,2583.389849447976
16297,269,1,301.9,0,At Risk,301.9,1,593.6996319839411
16298,23,7,1085.7,1,Regular,155.1,0,2135.0768149882906
16299,477,1,193.65,0,At Risk,193.65,1,380.82124456339915
16300,430,3,1392.43,0,At Risk,464.1433333333334,1,2738.274854466377
16301,737,1,107.33,0,At Risk,107.33,1,211.0691669454667
16302,127,1,233.22,1,Regular,233.22,1,458.63739043158245
16303,26,7,7928.27,1,Regular,1132.6100000000001,0,15591.291756440281
16304,695,1,381.66,0,At Risk,381.66,1,750.551180996989
16305,139,1,361.22,1,Regular,361.22,1,710.3550217464035
16306,214,7,1192.82,1,Regular,170.40285714285713,1,2345.733007694881
16307,429,3,1194.92,0,At Risk,398.3066666666667,1,2349.86275008364
16308,38,7,5120.0,1,Regular,731.4285714285714,0,10068.705252592841
16309,106,2,706.57,1,Regular,353.285,1,1389.5009902977586
16310,414,2,460.08,0,At Risk,230.04,1,904.7675610572097
16311,18,2,616.26,1,Regular,308.13,0,1211.9024021411842
16312,432,1,171.15,0,At Risk,171.15,1,336.57400468384077
16313,3,2,274.15000000000003,1,Regular,137.07500000000002,0,539.1280361324858
16314,390,3,1491.4,0,At Risk,497.1333333333334,1,2932.9037136165944
16315,331,2,402.71,0,At Risk,201.355,1,791.9469320843091
16316,64,13,5744.91,1,Regular,441.91615384615386,0,11297.618260287722
16317,120,5,2192.51,1,Regular,438.50200000000007,1,4311.66737370358
16318,35,1,328.15000000000003,1,Regular,328.15000000000003,0,645.321411843426
16319,218,1,404.4,1,Regular,404.4,1,795.2703914352626
16320,172,6,5628.99,1,Regular,938.165,1,11069.656480428237
16321,72,7,604.5500000000001,1,Regular,86.36428571428573,0,1188.8741719638676
16322,1,2,326.75,1,Regular,163.375,0,642.5682502509201
16323,196,2,353.66,1,Regular,176.83,1,695.4879491468719
16324,128,3,428.68,1,Regular,142.89333333333335,1,843.0180796252929
16325,47,12,3597.5,1,Regular,299.7916666666667,0,7074.642020742724
16326,6,24,4826.99,1,Regular,201.12458333333333,0,9492.488196721311
16327,14,16,10731.34,1,Regular,670.70875,0,21103.652231515556
16328,563,1,310.83,0,At Risk,310.83,1,611.2608698561392
16329,428,4,1703.07,0,At Risk,425.7675,1,3349.162080963533
16330,18,7,634.33,1,Regular,90.61857142857143,0,1247.4378521244564
16331,432,6,2037.7,0,At Risk,339.6166666666667,1,4007.2266978922717
16332,28,11,2010.41,1,Regular,182.76454545454547,0,3953.5597122783543
16333,8,22,26626.8,1,Regular,1210.3090909090909,0,52362.77363666778
16334,492,1,277.48,0,At Risk,277.48,1,545.6766276346605
16335,552,7,2774.0,0,At Risk,396.2857142857143,1,5455.1930411508865
16336,421,4,3517.69,0,At Risk,879.4225,1,6917.692144529943
16337,37,1,151.05,1,Regular,151.05,0,297.04647039143526
16338,157,1,214.8,1,Regular,214.8,1,422.413650050184
16339,284,1,109.95,0,At Risk,109.95,1,216.22151221144196
16340,107,3,1526.06,1,Regular,508.68666666666667,1,3001.0641284710605
16341,25,7,3850.79,1,Regular,550.1128571428571,0,7572.747949146872
16342,75,4,322.41,1,Regular,80.6025,0,634.0334493141519
16343,16,3,687.0699999999999,1,Regular,229.0233333333333,0,1351.153382402141
16344,158,4,842.42,1,Regular,210.605,1,1656.6559919705587
16345,44,2,1198.74,1,Regular,599.37,0,2357.374948143192
16346,385,1,224.51,0,At Risk,224.51,1,441.50879223820675
16347,11,11,3509.41,1,Regular,319.0372727272727,0,6901.409160254265
16348,32,8,1798.22,1,Regular,224.7775,0,3536.2787420541986
16349,291,1,53.5,0,At Risk,53.5,1,105.21010371361659
16350,21,9,2253.89,1,Regular,250.4322222222222,0,4432.373844095015
16351,333,13,3330.03,0,At Risk,256.15615384615387,1,6548.65049849448
16352,18,2,494.44,1,Regular,247.22,0,972.338012713282
16353,4,38,9999.46,1,Regular,263.1436842105263,0,19664.37801271328
16354,63,5,1129.51,1,Regular,225.902,0,2221.231107393777
16355,375,1,416.35,0,At Risk,416.35,1,818.7705921712948
16356,198,6,415.87,1,Regular,69.31166666666667,1,817.8266510538641
16357,33,4,868.37,1,Regular,217.0925,0,1707.6878086316494
16358,1,5,2919.65,1,Regular,583.9300000000001,0,5741.620173971229
16359,7,16,2697.75,1,Regular,168.609375,0,5305.244061559049
16360,5,6,3512.53,1,Regular,585.4216666666667,0,6907.544777517565
16361,10,4,896.66,1,Regular,224.165,0,1763.3213382402141
16362,32,6,946.94,1,Regular,157.82333333333335,0,1862.1991702910673
16363,53,1,109.36,1,Regular,109.36,0,215.0612512546002
16364,12,2,707.04,1,Regular,353.52,0,1390.4252659752424
16365,18,15,3307.2,1,Regular,220.48,0,6503.754299096688
16366,19,4,1548.13,1,Regular,387.0325,0,3044.4657544329207
16367,37,3,1362.4,1,Regular,454.1333333333334,0,2679.219538307126
16368,2,3,640.21,1,Regular,213.40333333333334,0,1259.001130812981
16369,18,7,2664.81,1,Regular,380.6871428571429,0,5240.466102375376
16370,82,4,1320.56,1,Regular,330.14,0,2596.939337571094
16371,449,1,157.2,0,At Risk,157.2,1,309.14071595851453
16372,33,5,1328.61,1,Regular,265.722,0,2612.7700167280022
16373,382,2,309.49,0,At Risk,154.745,1,608.6257009033121
16374,66,5,1771.45,1,Regular,354.29,0,3483.6343593174975
16375,470,2,104.0,0,At Risk,52.0,1,204.52057544329207
16376,9,2,987.01,1,Regular,493.505,0,1940.998588156574
16377,267,2,1308.48,0,At Risk,654.24,1,2573.1834861157577
16378,247,3,362.95,1,Regular,120.98333333333333,1,713.7571428571429
16379,4,4,2157.4,1,Regular,539.35,0,4242.6220140515225
16380,61,1,1780.59,1,Regular,1780.59,0,3501.6085714285714
16381,396,2,258.7,0,At Risk,129.35,1,508.744931415189
16382,408,2,353.1,0,At Risk,176.55,1,694.3866845098695
16383,75,7,2974.84,1,Regular,424.9771428571429,0,5850.153737035798
16384,90,4,1358.95,1,Regular,339.7375,0,2672.4349615255937
16385,60,5,1030.61,1,Regular,206.12199999999999,0,2026.7399063231849
16386,29,3,1102.59,1,Regular,367.53,0,2168.2917430578786
16387,323,5,918.55,0,At Risk,183.70999999999998,1,1806.3689862830377
16388,654,1,186.05,0,At Risk,186.05,1,365.87551020408165
16389,53,4,1382.0700000000002,1,Regular,345.51750000000004,0,2717.9014586818334
16390,537,3,467.5,0,At Risk,155.83333333333334,1,919.3593174974908
16391,401,4,1103.61,0,At Risk,275.9025,1,2170.2976179324187
16392,270,3,763.05,0,At Risk,254.35,1,1500.571395115423
16393,2,23,5561.66,1,Regular,241.81130434782608,0,10937.249073268651
16394,57,5,1555.34,1,Regular,311.068,0,3058.6445366343255
16395,61,14,3537.85,1,Regular,252.70357142857142,0,6957.337671462027
16396,476,1,137.8,0,At Risk,137.8,1,270.989762462362
16397,628,1,127.88,0,At Risk,127.88,1,251.48164603546334
16398,154,2,1705.8,1,Regular,852.9,1,3354.530746068919
16399,19,3,641.82,1,Regular,213.94000000000003,0,1262.1672666443628
16400,95,9,3159.44,1,Regular,351.0488888888889,1,6213.177758447641
16401,1,23,6849.15,1,Regular,297.7891304347826,0,13469.154800936767
16402,265,2,511.4,0,At Risk,255.7,1,1005.6905988624958
16403,312,1,177.5,0,At Risk,177.5,1,349.06155904984945
16404,70,1,443.05,1,Regular,443.05,0,871.2773168283707
16405,302,2,167.25,0,At Risk,83.625,1,328.9044831047173
16406,19,3,552.68,1,Regular,184.22666666666666,0,1086.8695349615255
16407,13,14,2821.65,1,Regular,201.54642857142858,0,5548.898862495818
16408,591,1,231.93,0,At Risk,231.93,1,456.10054867848777
16409,36,12,5709.04,1,Regular,475.75333333333333,0,11227.078327199732
16410,734,1,130.32,0,At Risk,130.32,1,256.2800133824021
16411,19,4,910.19,1,Regular,227.5475,0,1789.9286784877886
16412,54,5,647.23,1,Regular,129.446,0,1272.8062696554032
16413,57,2,528.98,1,Regular,264.49,0,1040.2624422883907
16414,22,5,559.71,1,Regular,111.94200000000001,0,1100.6943392438943
16415,44,3,719.44,1,Regular,239.81333333333336,0,1414.8104115088659
16416,27,9,2972.88,1,Regular,330.32,0,5846.29931080629
16417,493,1,35.7,0,At Risk,35.7,1,70.2056206088993
16418,45,5,1101.94,1,Regular,220.388,0,2167.0134894613584
16419,113,8,1487.42,1,Regular,185.9275,1,2925.076868517899
16420,396,1,75.0,0,At Risk,75.0,1,147.49079959852793
16421,376,3,526.27,0,At Risk,175.42333333333332,1,1034.9331080628972
16422,17,109,63651.47,2,VIP,583.9584403669725,0,125173.41607895617
16423,25,1,346.12,1,Regular,346.12,0,680.6602074272332
16424,191,2,443.06,1,Regular,221.53,1,871.2969822683172
16425,302,1,302.7,0,At Risk,302.7,1,595.2728671796588
16426,2,10,1908.25,1,Regular,190.825,0,3752.657577785212
16427,263,2,241.06,0,At Risk,120.53,1,474.05509534961527
16428,414,3,660.28,0,At Risk,220.09333333333333,1,1298.469668785547
16429,106,1,284.55,1,Regular,284.55,1,559.580093676815
16430,57,7,1117.94,1,Regular,159.7057142857143,0,2198.478193375711
16431,213,3,642.81,1,Regular,214.26999999999998,1,1264.1141451990632
16432,64,1,287.40000000000003,1,Regular,287.40000000000003,0,565.1847440615591
16433,28,2,384.52,1,Regular,192.26,0,756.1754968216794
16434,29,12,2741.74,1,Regular,228.47833333333332,0,5391.752331883573
16435,512,3,1011.57,0,At Risk,337.19,1,1989.2969086651053
16436,668,3,329.34,0,At Risk,109.77999999999999,1,647.6615991970558
16437,381,2,301.25,0,At Risk,150.625,1,592.4213783874205
16438,6,5,798.35,1,Regular,159.67000000000002,0,1569.990398126464
16439,722,1,310.70000000000005,0,At Risk,310.70000000000005,1,611.0052191368352
16440,8,6,3856.97,1,Regular,642.8283333333333,0,7584.9011910337895
16441,67,5,1034.43,1,Regular,206.88600000000002,0,2034.252104382737
16442,2,5,899.47,1,Regular,179.894,0,1768.8473268651724
16443,521,1,162.24,0,At Risk,162.24,1,319.05209769153566
16444,46,17,3656.58,1,Regular,215.0929411764706,0,7190.82543994647
16445,34,4,602.73,1,Regular,150.6825,0,1185.29506189361
16446,1,2,168472.5,2,VIP,84236.25,0,331308.5831381733
16447,136,3,775.14,1,Regular,258.38,1,1524.3469120107059
16448,198,2,367.87,1,Regular,183.935,1,723.4325393108063
16449,198,2,707.69,1,Regular,353.845,1,1391.7035195717633
16450,150,3,1505.73,1,Regular,501.91,1,2961.084289059886
16451,88,3,1013.15,1,Regular,337.71666666666664,0,1992.4040481766474
16452,631,2,332.17,0,At Risk,166.085,1,653.226918701907
16453,531,2,251.71,0,At Risk,125.855,1,494.9987888926062
16454,45,4,30.950000000000003,1,Regular,7.737500000000001,0,60.864536634325866
16455,64,11,4384.37,1,Regular,398.5790909090909,0,8622.056493810638
16456,99,13,6862.91,1,Regular,527.9161538461539,1,13496.21444630311
16457,218,1,208.36,1,Regular,208.36,1,409.7491067246571
16458,3,30,5715.34,1,Regular,190.51133333333334,0,11239.467554366009
16459,730,1,71.78999999999999,0,At Risk,71.78999999999999,1,141.17819337571092
16460,28,3,814.72,1,Regular,271.5733333333333,0,1602.1827233188358
16461,178,3,1615.22,1,Regular,538.4066666666666,1,3176.40119103379
16462,74,3,136.0,1,Regular,45.333333333333336,0,267.4499832719973
16463,21,4,1422.4,1,Regular,355.6,0,2797.2121779859485
16464,20,3,1314.68,1,Regular,438.2266666666667,0,2585.3760588825694
16465,421,2,746.24,0,At Risk,373.12,1,1467.5137905654065
16466,34,15,3838.59,1,Regular,255.906,0,7548.7561124121785
16467,509,7,2869.16,0,At Risk,409.88,1,5642.329367681498
16468,74,3,787.52,1,Regular,262.50666666666666,0,1548.6927266644361
16469,24,5,828.91,1,Regular,165.78199999999998,0,1630.087982602877
16470,52,11,2458.6,1,Regular,223.5090909090909,0,4834.94506523921
16471,275,4,1189.98,0,At Risk,297.495,1,2340.148022750084
16472,434,2,789.6,0,At Risk,394.8,1,1552.7831381733022
16473,165,4,470.83,1,Regular,117.7075,1,925.9079089996654
16474,7,7,1871.5,1,Regular,267.35714285714283,0,3680.387085981933
16475,88,4,544.3,1,Regular,136.075,0,1070.3898962863832
16476,432,1,350.35,0,At Risk,350.35,1,688.9786885245902
16477,64,11,4320.02,1,Regular,392.7290909090909,0,8495.509387755103
16478,25,3,331.0,1,Regular,110.33333333333333,0,650.9260622281699
16479,10,2,300.83,1,Regular,150.415,0,591.5954299096687
16480,76,1,769.29,1,Regular,769.29,0,1512.8426296420207
16481,682,1,453.38,0,At Risk,453.38,1,891.5917162930746
16482,16,1,220.62,1,Regular,220.62,0,433.8589360990298
16483,192,1,139.35,1,Regular,139.35,1,274.0379056540649
16484,174,2,404.3,1,Regular,202.15,1,795.073737035798
16485,77,5,2294.68,1,Regular,458.936,0,4512.5891736366675
16486,538,1,134.36,0,At Risk,134.36,1,264.2248511207762
16487,577,2,209.4,0,At Risk,104.7,1,411.79431247909
16488,33,3,498.8,1,Regular,166.26666666666668,0,980.9121445299432
16489,380,2,303.7,0,At Risk,151.85,1,597.2394111743057
16490,436,1,205.41000000000005,0,At Risk,205.41000000000005,1,403.9478019404484
16491,47,2,1533.16,1,Regular,766.58,0,3015.026590833055
16492,541,1,385.56,0,At Risk,385.56,1,758.2207025761124
16493,80,7,2132.09,1,Regular,304.5842857142857,0,4192.848785547006
16494,297,1,826.53,0,At Risk,826.53,1,1625.4076078956173
16495,3,3,684.41,1,Regular,228.13666666666666,0,1345.92237537638
16496,9,6,2330.77,1,Regular,388.46166666666664,0,4583.561746403479
16497,50,23,6695.28,1,Regular,291.0991304347826,0,13166.562676480427
16498,161,2,100.97,1,Regular,50.485,1,198.56194713951155
16499,360,8,2578.34,0,At Risk,322.2925,1,5070.419043158247
16500,5,9,843.9100000000001,1,Regular,93.76777777777778,0,1659.586142522583
16501,383,1,1237.23,0,At Risk,1237.23,1,2433.0672264971563
16502,620,2,266.5,0,At Risk,133.25,1,524.083974573436
16503,107,11,3614.34,1,Regular,328.5763636363636,1,7107.758621612578
16504,25,1,484.38,1,Regular,484.38,0,952.5545801271328
16505,32,1,777.6,1,Regular,777.6,0,1529.1846102375378
16506,20,2,90.3,1,Regular,45.15,0,177.57892271662763
16507,572,1,152.76,0,At Risk,152.76,1,300.4092606222817
16508,630,1,248.8,0,At Risk,248.8,1,489.27614586818333
16509,297,1,363.7000000000001,0,At Risk,363.7000000000001,1,715.2320508531283
16510,372,6,2100.0,0,At Risk,350.0,1,4129.742388758782
16511,22,6,1819.02,1,Regular,303.17,0,3577.182857142857
16513,5,4,874.59,1,Regular,218.6475,0,1719.919712278354
16515,52,10,3216.3,1,Regular,321.63,0,6324.995449983272
16516,30,1,101.7,1,Regular,101.7,0,199.99752425560388
16517,277,1,162.70000000000002,0,At Risk,162.70000000000002,1,319.9567079290733
16518,61,4,959.37,1,Regular,239.8425,0,1886.64331214453
16519,25,4,556.26,1,Regular,139.065,0,1093.9097624623619
16520,186,6,2482.62,1,Regular,413.77,1,4882.181451990632
16521,415,3,1148.01,0,At Risk,382.67,1,2257.6121712947474
16522,436,2,433.36,0,At Risk,216.68,1,852.2215055202408
16523,2,28,11916.33,1,Regular,425.5832142857143,0,23433.98719973235
16524,446,2,308.14,0,At Risk,154.07,1,605.9708665105386
16525,2,48,24582.64,1,Regular,512.1383333333333,0,48342.84306457009
16526,172,2,717.21,1,Regular,358.605,1,1410.425018400803
16527,81,2,1272.44,1,Regular,636.22,0,2502.3092405486786
16528,4,1,244.41,1,Regular,244.41,0,480.64301773168285
16529,190,4,2012.0,1,Regular,503.0,1,3956.6865172298426
16530,668,1,48.35,0,At Risk,48.35,1,95.08240214118435
16531,22,11,2298.33,1,Regular,208.9390909090909,0,4519.767059217129
16532,18,5,8756.64,1,Regular,1751.328,0,17220.317805286046
16533,19,3,1095.56,1,Regular,365.18666666666667,0,2154.4669387755102
16534,642,1,635.9,0,At Risk,635.9,1,1250.5253261960522
16535,5,3,1001.59,1,Regular,333.86333333333334,0,1969.670799598528
16536,110,1,548.97,1,Regular,548.97,1,1079.573656741385
16537,641,1,23.35,0,At Risk,23.35,1,45.91880227500837
16538,541,3,399.62,0,At Risk,133.20666666666668,1,785.8703111408498
16539,3,10,3732.01,1,Regular,373.201,0,7339.161853462697
16540,414,1,226.7,0,At Risk,226.7,1,445.8155235864837
16541,735,1,424.03,0,At Risk,424.03,1,833.873650050184
16542,54,2,257.32,1,Regular,128.66,0,506.0311007025761
16543,592,1,292.21,0,At Risk,292.21,1,574.6438206758113
16544,520,4,376.7000000000001,0,At Risk,94.17500000000003,1,740.7971227835399
16545,165,2,689.8199999999999,1,Regular,344.90999999999997,1,1356.5613783874203
16546,291,5,5606.47,0,At Risk,1121.294,1,11025.369909668785
16547,546,1,111.71,0,At Risk,111.71,1,219.68262964202071
16548,599,1,30.15,0,At Risk,30.15,1,59.29130143860823
16549,10,34,13182.19,1,Regular,387.71147058823533,0,25923.356580796255
16550,109,18,9435.13,1,Regular,524.1738888888889,1,18554.598240214116
16551,96,7,2237.12,1,Regular,319.5885714285714,1,4399.394901304784
16552,243,2,475.02,1,Regular,237.51,1,934.1477283372365
16553,163,33,16644.01,1,Regular,504.36393939393935,1,32731.17791234526
16554,42,8,2841.7200000000003,1,Regular,355.21500000000003,0,5588.367400468384
16555,35,6,1915.68,1,Regular,319.28000000000003,0,3767.2689996654403
16556,67,17,8012.58,1,Regular,471.32823529411763,0,15757.091080628972
16557,24,2,281.85,1,Regular,140.925,0,554.270424891268
16558,1,38,13873.51,1,Regular,365.09236842105264,0,27282.867775175644
16559,397,1,185.2,0,At Risk,185.2,1,364.2039478086316
16560,27,8,3048.38,1,Regular,381.0475,0,5994.773382402142
16561,6,2,511.12,1,Regular,255.56,0,1005.1399665439947
16562,477,1,223.86,0,At Risk,223.86,1,440.2305386416862
16563,54,6,4422.76,1,Regular,737.1266666666667,0,8697.552117765139
16564,569,1,87.80000000000001,0,At Risk,87.80000000000001,1,172.66256273001005
16565,364,4,773.05,0,At Risk,193.2625,1,1520.2368350618935
16566,15,5,614.66,1,Regular,122.93199999999999,0,1208.755931749749
16567,194,2,865.6,1,Regular,432.8,1,1702.2404817664772
16568,428,2,1020.9,0,At Risk,510.45,1,2007.6447641351622
16569,3,5,1455.23,1,Regular,291.046,0,2861.773817330211
16570,15,20,7434.31,1,Regular,371.7155,0,14619.89768484443
16571,27,10,4248.74,1,Regular,424.87399999999997,0,8355.33413181666
16572,127,3,1009.6,1,Regular,336.53333333333336,1,1985.422816995651
16573,85,2,663.61,1,Regular,331.805,0,1305.0182602877217
16574,71,3,1301.78,1,Regular,433.9266666666667,0,2560.0076413516226
16576,420,2,540.87,0,At Risk,270.435,1,1063.644650384744
16577,667,1,380.0,0,At Risk,380.0,1,747.2867179658749
16578,626,1,156.6,0,At Risk,156.6,1,307.9607895617263
16579,426,1,295.05,0,At Risk,295.05,1,580.2288056206089
16581,183,1,105.84,1,Regular,105.84,1,208.13901639344263
16582,113,1,313.62,1,Regular,313.62,1,616.7475276012044
16583,374,2,531.4,0,At Risk,265.7,1,1045.0214787554366
16584,80,5,3163.67,1,Regular,632.734,0,6221.496239544998
16585,594,2,341.59000000000003,0,At Risk,170.79500000000002,1,671.7517631314821
16586,249,3,1462.78,1,Regular,487.5933333333333,1,2876.6212244897956
16587,232,1,225.15,1,Regular,225.15,1,442.76738039478084
16588,386,4,1361.28,0,At Risk,340.32,1,2677.017009033121
16589,71,4,612.36,1,Regular,153.09,0,1204.232880562061
16590,401,2,605.9,0,At Risk,302.95,1,1191.529006356641
16591,69,1,213.5,1,Regular,213.5,0,419.85714285714283
16592,4,28,7807.91,1,Regular,278.8539285714286,0,15354.598521244563
16593,51,8,1071.14,1,Regular,133.8925,0,2106.4439344262296
16594,75,1,181.09,1,Regular,181.09,0,356.1214519906323
16595,61,5,1810.18,1,Regular,362.036,0,3559.7986082301773
16596,16,4,579.63,1,Regular,144.9075,0,1139.8678956172632
16597,4,1,90.04,1,Regular,90.04,0,177.0676212780194
16598,286,1,145.05,0,At Risk,145.05,1,285.24720642355305
16599,386,1,172.8,0,At Risk,172.8,1,339.81880227500835
16600,4,13,2153.41,1,Regular,165.64692307692306,0,4234.77550351288
16601,41,3,684.25,1,Regular,228.08333333333334,0,1345.6077283372365
16602,36,2,763.33,1,Regular,381.665,0,1501.1220274339244
16603,75,2,482.47,1,Regular,241.235,0,948.798481097357
16604,563,2,432.4500000000001,0,At Risk,216.22500000000005,1,850.4319504851122
16605,724,1,60.48,0,At Risk,60.48,1,118.93658079625293
16606,404,2,357.66,0,At Risk,178.83,1,703.3541251254601
16607,18,25,5706.87,1,Regular,228.2748,0,11222.810926731348
16608,454,2,1288.72,0,At Risk,644.36,1,2534.3245767815324
16609,15,7,5493.46,1,Regular,784.78,0,10803.130772833723
16610,219,1,75.66,1,Regular,75.66,1,148.78871863499498
16611,186,6,1785.13,1,Regular,297.5216666666667,1,3510.5366811642693
16612,33,9,3245.4300000000003,1,Regular,360.60333333333335,0,6382.280876547341
16613,70,1,618.59,1,Regular,618.59,0,1216.484449648712
16614,183,3,1179.79,1,Regular,393.2633333333333,1,2320.1089394446303
16615,626,1,291.5,0,At Risk,291.5,1,573.2475744396119
16616,15,2,500.42,1,Regular,250.21,0,984.0979458012713
16617,236,1,151.85,1,Regular,151.85,1,298.61970558715285
16618,31,5,2647.59,1,Regular,529.518,0,5206.602214787555
16619,264,4,1938.33,0,At Risk,484.5825,1,3811.8112211441953
16620,4,6,1758.93,1,Regular,293.15500000000003,0,3459.013228504517
16621,52,4,813.48,1,Regular,203.37,0,1599.7442087654733
16622,544,1,225.4,0,At Risk,225.4,1,443.2590163934426
16623,246,4,1015.24,1,Regular,253.81,1,1996.51412512546
16624,81,2,810.57,1,Regular,405.285,0,1594.0215657410506
16625,275,5,1654.03,0,At Risk,330.806,1,3252.722763466042
16626,1,17,4413.1,1,Regular,259.59411764705885,0,8678.55530277685
16627,79,1,322.8,1,Regular,322.8,0,634.8004014720642
16628,30,7,2318.1,1,Regular,331.15714285714284,0,4558.645633991301
16629,74,2,417.73,1,Regular,208.865,0,821.4844228839077
16630,407,1,106.8,0,At Risk,106.8,1,210.02689862830377
16631,482,7,1892.52,0,At Risk,270.36,1,3721.723840749414
16632,486,2,406.4,0,At Risk,203.2,1,799.2034794245567
16633,17,6,2883.1,1,Regular,480.51666666666665,0,5669.742990966878
16634,223,6,1814.61,1,Regular,302.435,1,3568.5103981264638
16635,407,1,473.0,0,At Risk,473.0,1,930.1753094680495
16636,438,4,3802.04,0,At Risk,950.51,1,7476.878929407829
16637,32,4,1154.47,1,Regular,288.6175,0,2270.316045500167
16638,23,15,2430.53,1,Regular,162.03533333333334,0,4779.744175309468
16639,31,4,1747.98,1,Regular,436.995,0,3437.4795717631314
16640,398,1,179.4,0,At Risk,179.4,1,352.79799263967885
16641,106,2,554.5,1,Regular,277.25,1,1090.4486450317831
16642,5,3,1077.45,1,Regular,359.15000000000003,0,2118.8528270324523
16643,246,2,923.11,1,Regular,461.555,1,1815.3364268986284
16644,178,2,833.78,1,Regular,416.89,1,1639.6650518568083
16645,736,1,160.39,0,At Risk,160.39,1,315.41399130143856
16646,449,1,678.8,0,At Risk,678.8,1,1334.8900635664102
16647,170,4,541.9,1,Regular,135.475,1,1065.6701906992305
16648,43,3,672.8,1,Regular,224.26666666666665,0,1323.0907995985278
16649,520,1,306.58,0,At Risk,306.58,1,602.9030578788892
16650,72,7,1916.11,1,Regular,273.72999999999996,0,3768.1146135831373
16651,587,1,136.2,0,At Risk,136.2,1,267.8432920709267
16652,59,16,17550.39,1,Regular,1096.899375,0,34513.61405821345
16653,16,2,1212.66,1,Regular,606.33,0,2384.7492405486787
16654,141,8,1711.47,1,Regular,213.93375,1,3365.681050518568
16655,18,13,6548.37,1,Regular,503.72076923076924,0,12877.65769822683
16656,22,30,16833.170000000002,1,Regular,561.1056666666667,0,33103.1693743727
16657,10,4,933.62,1,Regular,233.405,0,1836.0048042823687
16658,368,6,814.07,0,At Risk,135.67833333333334,1,1600.9044697223153
16659,189,1,39.12,1,Regular,39.12,1,76.93120107059217
16660,16,7,1879.55,1,Regular,268.50714285714287,0,3696.217765138843
16661,540,4,986.63,0,At Risk,246.6575,1,1940.2513014386082
16662,394,1,163.8,0,At Risk,163.8,1,322.11990632318503
16663,729,1,165.0,0,At Risk,165.0,1,324.47975911676144
16664,569,1,109.2,0,At Risk,109.2,1,214.74660421545667
16665,362,1,135.4,0,At Risk,135.4,1,266.2700568752091
16666,19,2,225.94,1,Regular,112.97,0,444.320950150552
16667,68,2,570.13,1,Regular,285.065,0,1121.1857276681164
16668,15,13,862.42,1,Regular,66.34,0,1695.9868718634996
16669,24,3,1374.87,1,Regular,458.28999999999996,0,2703.7423419203747
16670,17,20,8030.150000000001,1,Regular,401.50750000000005,0,15791.643258614924
16671,28,3,1692.27,1,Regular,564.09,0,3327.9234058213447
16672,2,20,8134.94,1,Regular,406.74699999999996,0,15997.717403813982
16673,679,1,188.83,0,At Risk,188.83,1,371.3425025092004
16674,55,2,319.61,1,Regular,159.805,0,628.5271261291402
16675,442,2,608.86,0,At Risk,304.43,1,1197.3499765807962
16676,34,6,2361.9,1,Regular,393.65000000000003,0,4644.780260956842
16677,411,2,880.62,0,At Risk,440.31,1,1731.7779725660755
16678,3,12,3109.99,1,Regular,259.1658333333333,0,6115.932157912344
16679,366,3,793.06,0,At Risk,264.3533333333333,1,1559.5873803947807
16680,43,3,821.45,1,Regular,273.81666666666666,0,1615.4175644028103
16681,73,7,1921.84,1,Regular,274.5485714285714,0,3779.382910672465
16682,5,5,1028.0,1,Regular,205.6,0,2021.6072264971563
16683,534,1,320.25,0,At Risk,320.25,1,629.7857142857142
16684,4,55,147142.77,2,VIP,2675.3230909090908,0,289362.7306992305
16685,61,2,324.24,1,Regular,162.12,0,637.632224824356
16686,47,16,5070.92,1,Regular,316.9325,0,9972.187273335563
16687,391,1,157.63,0,At Risk,157.63,1,309.9863298762128
16688,1,4,1260.86,1,Regular,315.215,0,2479.5366610906653
16689,76,2,422.6,1,Regular,211.3,0,831.0614921378387
16690,72,4,353.03000000000003,1,Regular,88.25750000000001,0,694.2490264302443
16691,418,2,178.83,0,At Risk,89.415,1,351.67706256273004
16692,256,4,1914.7,1,Regular,478.675,1,3765.341786550686
16693,69,5,1199.46,1,Regular,239.892,0,2358.7908598193376
16694,723,1,98.3,0,At Risk,98.3,1,193.31127467380395
16695,562,2,193.15,0,At Risk,96.575,1,379.8379725660756
16696,135,4,657.9,1,Regular,164.475,1,1293.789294078287
16697,241,1,112.75,1,Regular,112.75,1,221.72783539645366
16698,227,2,1998.0,1,Regular,999.0,1,3929.1549013047843
16699,380,7,994.6,0,At Risk,142.0857142857143,1,1955.924657075945
16700,9,25,9167.71,1,Regular,366.7084,0,18028.705045165607
16701,9,26,9916.73,1,Regular,381.4126923076923,0,19501.68582803613
16702,415,4,1110.83,0,At Risk,277.7075,1,2184.4960655737705
16704,618,2,695.66,0,At Risk,347.83,1,1368.0459953161592
16705,1,42,43515.051,1,Regular,1036.072642857143,0,85574.26222080963
16706,37,3,531.35,1,Regular,177.11666666666667,0,1044.9231515557042
16707,400,4,551.11,0,At Risk,137.7775,1,1083.7820608899297
16708,46,1,656.63,1,Regular,656.63,0,1291.2917832050853
16709,85,14,9087.46,1,Regular,649.1042857142857,0,17870.88988959518
16710,19,22,6349.09,1,Regular,288.595,0,12485.76481097357
16711,3,9,2868.48,1,Regular,318.72,0,5640.9921177651395
16712,9,13,4266.99,1,Regular,328.22999999999996,0,8391.223559718968
16713,19,32,14560.69,1,Regular,455.0215625,0,28634.2374774172
16714,219,4,1529.8,1,Regular,382.45,1,3008.4190030110403
16715,78,2,625.52,1,Regular,312.76,0,1230.1125995316158
16716,267,3,2149.6800000000003,0,At Risk,716.5600000000001,1,4227.440294412848
16717,24,14,6986.2300000000005,1,Regular,499.0164285714286,0,13738.728651722984
16718,369,5,3647.53,0,At Risk,729.5060000000001,1,7173.028216794916
16719,15,14,3973.3,1,Regular,283.8071428571429,0,7813.669253931081
16720,26,3,795.48,1,Regular,265.16,0,1564.3464168618268
16721,262,1,292.47,0,At Risk,292.47,1,575.1551221144196
16722,17,22,8989.08,1,Regular,408.5945454545454,0,17677.421291401806
16723,91,4,1301.63,1,Regular,325.4075,1,2559.7126597524257
16724,405,1,147.35,0,At Risk,147.35,1,289.7702576112412
16725,302,14,1882.11,0,At Risk,134.43642857142856,1,3701.252117765139
16726,26,7,2088.41,1,Regular,298.3442857142857,0,4106.950143860822
16727,364,4,1437.42,0,At Risk,359.355,1,2826.749668785547
16728,46,4,1054.67,1,Regular,263.6675,0,2074.054954834393
16729,38,21,7239.92,1,Regular,344.7580952380952,0,14237.621197724991
16730,52,3,743.11,1,Regular,247.70333333333335,0,1461.3585078621613
16731,648,1,174.05,0,At Risk,174.05,1,342.27698226831717
16732,32,4,4387.64,1,Regular,1096.91,0,8628.487092673135
16733,530,1,259.68,0,At Risk,259.68,1,510.6721445299431
16734,52,3,650.51,1,Regular,216.83666666666667,0,1279.2565339578455
16735,79,14,6270.56,1,Regular,447.8971428571429,0,12331.332111073938
16736,506,5,2956.56,0,At Risk,591.312,1,5814.2053128136495
16737,53,2,835.2,1,Regular,417.6,0,1642.4575443292072
16738,298,1,3.75,0,At Risk,3.75,1,7.374539979926396
16739,177,2,786.4300000000001,1,Regular,393.21500000000003,1,1546.549193710271
16740,395,1,236.81,0,At Risk,236.81,1,465.69728337236535
16741,625,1,173.06,0,At Risk,173.06,1,340.3301037136166
16742,47,14,2852.61,1,Regular,203.75785714285715,0,5609.783064570091
16743,29,14,4253.26,1,Regular,303.80428571428575,0,8364.222910672466
16744,11,7,1304.76,1,Regular,186.3942857142857,0,2565.867942455671
16745,87,17,7194.3,1,Regular,423.1941176470588,0,14147.907460689194
16746,5,42,18066.4,1,Regular,430.152380952381,0,35528.37042489127
16747,38,2,836.0600000000001,1,Regular,418.03000000000003,0,1644.1487721646035
16748,18,14,3637.33,1,Regular,259.8092857142857,0,7152.969468049515
16749,591,2,4387.08,0,At Risk,2193.54,1,8627.385828036133
16750,45,5,623.93,1,Regular,124.78599999999999,0,1226.985794580127
16751,31,1,1764.72,1,Regular,1764.72,0,3470.399518233523
16752,373,1,415.0,0,At Risk,415.0,1,816.1157577785212
16753,58,1,223.92,1,Regular,223.92,0,440.34853128136496
16754,372,29,67502.47,1,Regular,2327.671379310345,1,132746.57700234192
16755,114,7,2900.58,1,Regular,414.36857142857144,1,5704.118179993308
16756,215,7,1312.37,1,Regular,187.48142857142855,1,2580.8333422549345
16757,319,2,270.48,0,At Risk,135.24,1,531.9108196721312
16758,65,1,369.34,1,Regular,369.34,0,726.3233589829374
16759,8,3,789.79,1,Regular,263.2633333333333,0,1553.1567815322849
16760,430,1,228.0,0,At Risk,228.0,1,448.3720307795249
16761,97,1,316.62,1,Regular,316.62,1,622.6471595851456
16762,20,3,1501.38,1,Regular,500.46000000000004,0,2952.529822683172
16763,199,2,964.7,1,Regular,482.35,1,1897.1249916359986
16764,4,13,2799.25,1,Regular,215.32692307692307,0,5504.848277015724
16765,294,2,454.75,0,At Risk,227.375,1,894.2858815657411
16766,273,2,1145.6,0,At Risk,572.8,1,2252.872800267648
16767,31,15,8073.8,1,Regular,538.2533333333333,0,15877.482903981265
16768,48,9,1708.12,1,Regular,189.7911111111111,0,3359.0931281365
16769,260,4,1141.75,1,Regular,285.4375,1,2245.3016058882567
16770,58,9,1932.13,1,Regular,214.68111111111114,0,3799.618648377384
16771,33,10,3967.6,1,Regular,396.76,0,7802.459953161592
16772,423,3,3723.55,0,At Risk,1241.1833333333334,1,7322.524891267983
16773,57,3,421.24,1,Regular,140.41333333333333,0,828.3869923051187
16774,68,8,1594.45,1,Regular,199.30625,0,3135.5560722649716
16775,10,16,3056.89,1,Regular,191.055625,0,6011.508671796587
16776,60,2,619.85,1,Regular,309.925,0,1218.9622950819673
16777,80,5,1307.76,1,Regular,261.552,0,2571.7675744396124
16778,74,2,245.94,1,Regular,122.97,0,483.6518300434928
16779,2,53,33268.24,1,Regular,627.7026415094339,0,65423.45758447641
16780,100,3,605.55,1,Regular,201.85,1,1190.8407159585145
16781,372,2,934.25,0,At Risk,467.125,1,1837.2437269989962
16782,10,38,10438.41,1,Regular,274.695,0,20527.5924991636
16783,437,1,391.95,0,At Risk,391.95,1,770.786918701907
16784,20,5,896.53,1,Regular,179.30599999999998,0,1763.06568752091
16785,410,1,533.78,0,At Risk,533.78,1,1049.7018534626966
16786,394,1,51.84,0,At Risk,51.84,1,101.94564068250251
16787,398,4,1035.43,0,At Risk,258.8575,1,2036.2186483773837
16788,123,5,1950.3,1,Regular,390.06,1,3835.3507527601205
16789,8,1,80.80000000000001,1,Regular,80.80000000000001,0,158.8967547674808
16790,4,6,1545.62,1,Regular,257.6033333333333,0,3039.5297290063563
16791,29,15,4038.69,1,Regular,269.246,0,7942.26156574105
16792,282,5,623.46,0,At Risk,124.69200000000001,1,1226.061518902643
16793,57,1,243.84,1,Regular,243.84,0,479.52208765473404
16794,1,15,2090.91,1,Regular,139.39399999999998,0,4111.86650384744
16795,365,3,2492.39,0,At Risk,830.7966666666666,1,4901.394586818334
16796,89,1,305.62,1,Regular,305.62,0,601.0151756440281
16797,393,5,1827.77,0,At Risk,365.554,1,3594.3901170960185
16798,554,3,848.71,0,At Risk,282.90333333333336,1,1669.0255536968887
16799,432,2,495.98,0,At Risk,247.99,1,975.3664904650385
16800,11,1,1201.49,1,Regular,1201.49,0,2362.782944128471
16801,163,4,1619.73,1,Regular,404.9325,1,3185.270304449649
16802,679,2,582.61,0,At Risk,291.305,1,1145.7281967213114
16803,65,1,332.3,1,Regular,332.3,0,653.4825694212111
16804,23,3,536.99,1,Regular,178.99666666666667,0,1056.0144596855137
16805,174,5,1097.24,1,Regular,219.448,1,2157.770732686517
16806,103,4,801.49,1,Regular,200.3725,1,1576.1653462696554
16807,143,6,2123.88,1,Regular,353.98,1,4176.703459350953
16808,99,2,288.42,1,Regular,144.21,1,567.1906189360991
16809,23,9,1727.43,1,Regular,191.93666666666667,0,3397.067092673135
16810,192,2,842.04,1,Regular,421.02,1,1655.9087052525927
16811,5,2,547.07,1,Regular,273.535,0,1075.8372231515557
16812,361,4,2392.0,0,At Risk,598.0,1,4703.973235195717
16813,8,10,1692.98,1,Regular,169.298,0,3329.3196520575443
16814,14,36,12499.71,1,Regular,347.21416666666664,0,24581.22963532954
16815,454,2,410.97,0,At Risk,205.485,1,808.1905854800937
16816,103,4,417.06,1,Regular,104.265,1,820.1668384074941
16817,3,13,2804.9,1,Regular,215.76153846153846,0,5515.95925058548
16818,11,11,3349.57,1,Regular,304.50636363636363,0,6587.076768149882
16819,465,2,182.59,0,At Risk,91.295,1,359.0712679826029
16820,96,1,497.61,1,Regular,497.61,1,978.5719571763132
16821,382,1,113.35,0,At Risk,113.35,1,222.90776179324186
16822,686,1,181.39,0,At Risk,181.39,1,356.7114151890264
16823,227,7,2260.09,1,Regular,322.87,1,4444.566416861827
16824,16,3,686.24,1,Regular,228.74666666666667,0,1349.521150886584
16825,39,5,1826.89,1,Regular,365.37800000000004,0,3592.65955838073
16826,51,1,341.7,1,Regular,341.7,0,671.9680829708932
16827,393,5,392.13,0,At Risk,78.426,1,771.1408966209434
16828,93,2,128.5,1,Regular,64.25,1,252.70090331214453
16829,157,2,513.32,1,Regular,256.66,1,1009.4663633322182
16830,39,4,1207.5,1,Regular,301.875,0,2374.6018735362995
16831,565,1,91.8,0,At Risk,91.8,1,180.52873870859818
16832,184,5,417.61,1,Regular,83.522,1,821.2484376045501
16833,1,6,2409.04,1,Regular,401.50666666666666,0,4737.483144864503
16834,228,2,898.96,1,Regular,449.48,1,1767.8443894279023
16835,128,6,1538.41,1,Regular,256.4016666666667,1,3025.350946804952
16836,40,4,782.37,1,Regular,195.5925,0,1538.565025092004
16837,31,11,3170.98,1,Regular,288.2709090909091,0,6235.871676145867
16838,197,4,1159.61,1,Regular,289.9025,1,2280.424081632653
16839,9,44,22310.49,1,Regular,507.05659090909097,0,43874.56012713282
16840,603,2,139.85,0,At Risk,69.925,1,275.0211776513884
16841,37,12,4006.06,1,Regular,333.8383333333333,0,7878.093235195716
16842,101,3,1264.19,1,Regular,421.3966666666667,1,2486.0852525928403
16843,43,35,19571.43,1,Regular,559.1837142857142,0,38488.0781331549
16844,563,2,614.34,0,At Risk,307.17,1,1208.126637671462
16845,618,1,253.88,0,At Risk,253.88,1,499.26618936099027
16846,50,3,842.41,1,Regular,280.80333333333334,0,1656.6363265306125
16847,43,2,614.89,1,Regular,307.445,0,1209.2082368685178
16848,53,4,1411.62,1,Regular,352.905,0,2776.0128337236533
16849,187,1,124.57,1,Regular,124.57,1,244.97238541318166
16850,334,1,332.41,0,At Risk,332.41,1,653.6988892606223
16851,4,3,342.45,1,Regular,114.14999999999999,0,673.4429909668785
16852,10,2,144.91,1,Regular,72.455,0,284.97189026430243
16854,417,2,1408.96,0,At Risk,704.48,1,2770.7818266978925
16855,24,2,328.40000000000003,1,Regular,164.20000000000002,0,645.8130478420877
16856,15,3,358.49,1,Regular,119.49666666666667,0,704.9863566410171
16857,443,1,352.8,0,At Risk,352.8,1,693.7967213114754
16858,369,10,4668.28,0,At Risk,466.828,1,9180.37799933088
16859,145,7,1932.41,1,Regular,276.05857142857144,1,3800.169280695885
16860,453,3,1610.62,0,At Risk,536.8733333333333,1,3167.355088658414
16861,60,5,946.59,1,Regular,189.318,0,1861.510879892941
16862,547,4,662.33,0,At Risk,165.5825,1,1302.5010839745735
16863,31,3,998.52,1,Regular,332.84,0,1963.6335095349614
16864,434,2,409.25,0,At Risk,204.625,1,804.8081298093008
16865,402,1,130.95,0,At Risk,130.95,1,257.51893609902976
16866,141,3,207.74,1,Regular,69.24666666666667,1,408.52984944797595
16867,690,1,76.74000000000001,0,At Risk,76.74000000000001,1,150.9125861492138
16868,394,3,393.39,0,At Risk,131.13,1,773.6187420541987
16869,23,4,825.4200000000001,1,Regular,206.35500000000002,0,1623.2247440615592
16870,469,1,450.16,0,At Risk,450.16,1,885.2594446303111
16871,22,6,2812.34,1,Regular,468.72333333333336,0,5530.590337905654
16872,77,6,1213.13,1,Regular,202.18833333333336,0,2385.673516226163
16873,5,12,14617.39,1,Regular,1218.1158333333333,0,28745.74052191368
16874,379,1,217.74,0,At Risk,217.74,1,428.1952893944463
16875,67,11,4234.53,1,Regular,384.9572727272727,0,8327.389541652727
16876,404,1,136.01,0,At Risk,136.01,1,267.46964871194376
16877,12,6,853.72,1,Regular,142.28666666666666,0,1678.8779391100702
16878,84,1,13.3,1,Regular,13.3,0,26.155035128805622
16880,31,8,1840.86,1,Regular,230.1075,0,3620.132177985948
16881,67,1,432.0,1,Regular,432.0,0,849.5470056875209
16882,67,3,705.12,1,Regular,235.04,0,1386.6495015055202
16883,187,19,2396.59,1,Regular,126.1363157894737,1,4712.999672131148
16884,38,4,1073.92,1,Regular,268.48,0,2111.9109267313484
16885,15,4,710.74,1,Regular,177.685,0,1397.7014787554365
16886,456,1,134.0,0,At Risk,134.0,1,263.5168952827032
16887,35,3,660.72,1,Regular,220.24,0,1299.3349481431917
16888,401,3,437.15,0,At Risk,145.71666666666667,1,859.6747072599532
16889,195,6,2530.9,1,Regular,421.81666666666666,1,4977.1261960521915
16890,477,3,285.41,0,At Risk,95.13666666666667,1,561.2713215122114
16891,2,11,2056.82,1,Regular,186.98363636363638,0,4044.827019069923
16892,1,7,762.1,1,Regular,108.87142857142858,0,1498.7031783205086
16893,367,2,401.77,0,At Risk,200.885,1,790.0983807293409
16894,502,3,1324.06,0,At Risk,441.3533333333333,1,2603.8222415523587
16895,65,5,1121.42,1,Regular,224.28400000000002,0,2205.3217664770827
16896,555,1,103.95,0,At Risk,103.95,1,204.42224824355972
16897,299,2,289.78,0,At Risk,144.89,1,569.8651187688189
16898,26,5,1016.37,1,Regular,203.274,0,1998.7363198394112
16899,8,8,1721.02,1,Regular,215.1275,0,3384.4615456674474
16900,17,3,887.11,1,Regular,295.7033333333333,0,1744.5408430913346
16901,729,1,204.26,0,At Risk,204.26,1,401.6862763466042
16902,116,1,1706.88,1,Regular,1706.88,1,3356.654613583138
16903,29,3,1062.28,1,Regular,354.0933333333333,0,2089.0203546336566
16904,4,21,5132.37,1,Regular,244.39857142857142,0,10093.031401806624
16905,5,17,5034.15,1,Regular,296.1264705882353,0,9899.877450652391
16906,82,7,1448.8,1,Regular,206.97142857142856,0,2849.1289394446303
16907,29,9,1707.9,1,Regular,189.76666666666668,0,3358.660488457678
16908,722,1,252.59,0,At Risk,252.59,1,496.7293476078956
16909,72,1,379.14,1,Regular,379.14,0,745.5954901304784
16910,4,8,1510.06,1,Regular,188.7575,0,2969.5994245567076
16911,636,2,255.25,0,At Risk,127.625,1,501.9603546336567
16912,29,15,4480.31,1,Regular,298.68733333333336,0,8810.726724657077
16913,290,3,423.91,0,At Risk,141.30333333333334,1,833.6376647708264
16914,36,1,208.46,1,Regular,208.46,0,409.9457611241218
16915,9,11,1543.18,1,Regular,140.2890909090909,0,3034.7313616594174
16916,24,4,1123.4,1,Regular,280.85,0,2209.215523586484
16917,277,2,1857.83,0,At Risk,928.915,1,3653.5044295751086
16918,50,16,3213.29,1,Regular,200.830625,0,6319.076152559384
16919,156,24,5125.91,1,Regular,213.57958333333332,1,10080.327527601205
16920,411,1,355.45,0,At Risk,355.45,1,699.0080628972901
16921,61,3,446.67,1,Regular,148.89000000000001,0,878.3962060889932
16922,573,1,611.08,0,At Risk,611.08,1,1201.7157042489127
16923,12,32,13378.36,1,Regular,418.07375,0,26309.133516226164
16924,21,3,846.75,1,Regular,282.25,0,1665.1711274673803
16925,540,1,125.65,0,At Risk,125.65,1,247.09625292740049
16926,371,5,1421.35,0,At Risk,284.27,1,2795.147306791569
16927,116,3,543.05,1,Regular,181.01666666666665,1,1067.9317162930745
16928,80,29,4113.23,1,Regular,141.8355172413793,0,8088.84775510204
16929,4,7,1295.39,1,Regular,185.0557142857143,0,2547.441425225828
16930,26,3,380.55,1,Regular,126.85000000000001,0,748.3683171629308
16931,5,23,5233.62,1,Regular,227.5486956521739,0,10292.143981264637
16932,53,3,440.71,1,Regular,146.90333333333334,0,866.6756038808967
16933,1,9,3181.25,1,Regular,353.47222222222223,0,6256.068082970894
16934,55,6,2110.99,1,Regular,351.83166666666665,0,4151.354707259953
16935,382,3,535.1,0,At Risk,178.36666666666667,1,1052.2976915356307
16936,26,2,551.17,1,Regular,275.585,0,1083.9000535296084
16937,499,1,202.1,0,At Risk,202.1,1,397.4385413181666
16938,9,9,7043.18,1,Regular,782.5755555555556,0,13850.723332218133
16939,489,3,449.0,0,At Risk,149.66666666666666,1,882.9782535965205
16940,52,8,6427.66,1,Regular,803.4575,0,12640.276172632986
16941,612,1,33.0,0,At Risk,33.0,1,64.89595182335229
16942,13,9,1920.59,1,Regular,213.39888888888888,0,3776.9247306791567
16943,212,5,1299.49,1,Regular,259.898,1,2555.504255603881
16944,610,1,101.36,0,At Risk,101.36,1,199.32889929742387
16945,22,33,8548.16,1,Regular,259.0351515151515,0,16810.332713282034
16946,383,5,1222.04,0,At Risk,244.408,1,2403.1954232184676
16947,236,5,955.21,1,Regular,191.042,1,1878.4624891267983
16948,139,7,868.77,1,Regular,124.11,1,1708.474426229508
16949,4,6,1286.27,1,Regular,214.37833333333333,0,2529.506543994647
16950,57,10,3784.37,1,Regular,378.437,0,7442.130097022416
16951,135,3,1277.75,1,Regular,425.9166666666667,1,2512.7515891602543
16952,109,5,798.78,1,Regular,159.756,1,1570.8360120441619
16953,30,1,20.8,1,Regular,20.8,0,40.904115088658415
16954,1,20,6081.88,1,Regular,304.094,0,11960.284590163934
16955,185,6,1309.41,1,Regular,218.235,1,2575.0123720307797
16956,18,1,308.74,1,Regular,308.74,0,607.1507929073268
16957,239,2,416.64,1,Regular,208.32,1,819.3408899297424
16958,435,1,809.44,0,At Risk,809.44,1,1591.7993710270994
16959,87,1,117.35,1,Regular,117.35,0,230.77393777183002
16960,39,8,2043.43,1,Regular,255.42875,0,4018.494994981599
16961,116,3,794.56,1,Regular,264.8533333333333,1,1562.5371963867512
16962,410,1,251.04,0,At Risk,251.04,1,493.68120441619266
16963,187,1,110.55,1,Regular,110.55,1,217.40143860823017
16964,733,2,207.85,0,At Risk,103.925,1,408.7461692873871
16965,227,1,201.19,1,Regular,201.19,1,395.6489862830378
16966,8,7,2154.97,1,Regular,307.8528571428571,0,4237.84331214453
16967,189,1,319.02,1,Regular,319.02,1,627.3668651722984
16968,4,2,439.43,1,Regular,219.715,0,864.1584275677484
16969,39,3,650.41,1,Regular,216.8033333333333,0,1279.0598795583805
16970,626,1,71.4,0,At Risk,71.4,1,140.4112412177986
16971,38,1,357.21,1,Regular,357.21,0,702.4691803278688
16972,383,2,786.25,0,At Risk,393.125,1,1546.1952157912344
16973,386,1,127.0,0,At Risk,127.0,1,249.75108732017398
16974,523,2,365.5,0,At Risk,182.75,1,718.7718300434927
16975,423,3,926.12,0,At Risk,308.70666666666665,1,1821.2557243225156
16976,267,1,251.52,0,At Risk,251.52,1,494.6251455336233
16977,395,4,496.0,0,At Risk,124.0,1,975.4058213449314
16978,78,3,768.88,1,Regular,256.29333333333335,0,1512.0363466042156
16979,4,9,2859.74,1,Regular,317.74888888888887,0,5623.8045232519235
16980,255,3,1473.33,1,Regular,491.10999999999996,1,2897.368263633322
16982,61,1,384.06,1,Regular,384.06,0,755.2708865841419
16983,13,11,3710.22,1,Regular,337.29272727272723,0,7296.310859819336
16984,88,9,10754.8,1,Regular,1194.9777777777776,0,21149.787353629974
16985,17,23,10923.16,1,Regular,474.92,0,21480.87470056875
16986,30,11,4888.75,1,Regular,444.4318181818182,0,9613.941953830712
16987,3,11,2535.9,1,Regular,230.53636363636363,0,4986.958916025426
16988,5,2,382.67,1,Regular,191.335,0,752.5373904315825
16989,7,6,1133.25,1,Regular,188.875,0,2228.585981933757
16990,219,2,344.0,1,Regular,172.0,1,676.4911341585814
16991,421,1,1041.21,0,At Risk,1041.21,1,2047.5852726664436
16992,11,13,5476.5,1,Regular,421.2692307692308,0,10769.778186684509
16993,464,2,1950.95,0,At Risk,975.475,1,3836.629006356641
16996,30,9,2123.61,1,Regular,235.95666666666668,0,4176.1724924723985
16997,288,3,702.0,0,At Risk,234.0,1,1380.5138842422214
16998,150,5,402.0,1,Regular,80.4,1,790.5506858481098
16999,23,2,484.82,1,Regular,242.41,0,953.4198594847775
17000,396,2,406.3,0,At Risk,203.15,1,799.006825025092
17001,1,19,6640.8,1,Regular,349.5157894736842,0,13059.425359652058
17002,86,7,2571.55,1,Regular,367.36428571428576,0,5057.0662094345935
17003,402,4,830.16,0,At Risk,207.54,1,1632.546162596186
17004,46,4,2425.16,1,Regular,606.29,0,4769.1838340582135
17005,471,2,742.36,0,At Risk,371.18,1,1459.883599866176
17006,5,8,1636.32,1,Regular,204.54,0,3217.895269320843
17007,51,7,1120.1,1,Regular,160.0142857142857,0,2202.7259284041484
17008,429,1,81.36,0,At Risk,81.36,1,159.9980194044831
17009,551,1,242.06,0,At Risk,242.06,1,476.02163934426227
17010,18,1,195.36,1,Regular,195.36,0,384.1840347942456
17011,30,3,671.7,1,Regular,223.9,0,1320.9276012044163
17012,725,1,384.16,0,At Risk,384.16,1,755.4675409836066
17014,8,3,586.33,1,Regular,195.44333333333336,0,1153.0437403813985
17015,29,3,1842.56,1,Regular,614.1866666666666,0,3623.4753027768484
17016,577,1,552.4,0,At Risk,552.4,1,1086.3189026430243
17017,3,29,14110.61,1,Regular,486.5727586206897,0,27749.13535630646
17018,41,6,2287.7,1,Regular,381.2833333333333,0,4498.862696554031
17019,11,11,4012.2,1,Regular,364.74545454545455,0,7890.1678153228495
17020,542,2,935.62,0,At Risk,467.81,1,1839.9378922716628
17021,442,6,1182.22,0,At Risk,197.03666666666666,1,2324.8876413516227
17022,31,2,260.0,1,Regular,130.0,0,511.30143860823017
17023,417,3,800.1800000000001,0,At Risk,266.7266666666667,1,1573.589173636668
17024,45,3,95.85,1,Regular,31.95,0,188.4932418869187
17025,61,5,1510.64,1,Regular,302.12800000000004,0,2970.740020073604
17026,185,3,208.98,1,Regular,69.66,1,410.9683640013382
17027,79,9,1327.11,1,Regular,147.45666666666665,0,2609.820200736032
17028,581,3,1593.83,0,At Risk,531.2766666666666,1,3134.3368149882904
17029,111,7,2137.3,1,Regular,305.3285714285715,1,4203.094479759117
17030,64,1,146.87,1,Regular,146.87,0,288.8263164938106
17031,12,6,2773.85,1,Regular,462.30833333333334,0,5454.89805955169
17032,548,8,3004.6,0,At Risk,375.575,1,5908.678086316493
17033,86,4,1332.79,1,Regular,333.1975,0,2620.9901706256273
17034,16,5,1283.92,1,Regular,256.784,0,2524.8851656072266
17035,246,4,613.59,1,Regular,153.3975,1,1206.6517296754769
17036,383,1,176.9,0,At Risk,176.9,1,347.8816326530612
17037,88,1,1267.32,1,Regular,1267.32,0,2492.2405352960855
17038,30,2,743.17,1,Regular,371.585,0,1461.47650050184
17039,604,1,1954.99,0,At Risk,1954.99,1,3844.573844095015
17040,138,2,463.25,1,Regular,231.625,1,911.0015055202408
17041,27,6,1686.28,1,Regular,281.0466666666667,0,3316.1438072934093
17042,3,5,1044.38,1,Regular,208.87600000000003,0,2053.819217129475
17043,32,8,2616.55,1,Regular,327.06875,0,5145.5606891937105
17044,25,12,11962.3,1,Regular,996.8583333333332,0,23524.389227166273
17045,113,5,827.6800000000001,1,Regular,165.536,1,1627.6691334894615
17046,157,5,1906.07,1,Regular,381.214,1,3748.3705118768817
17047,85,6,2289.23,1,Regular,381.53833333333336,0,4501.871508865841
17048,118,7,2071.68,1,Regular,295.9542857142857,1,4074.0498628303776
17049,3,19,9947.48,1,Regular,523.5515789473684,0,19562.15705587153
17050,96,11,4691.79,1,Regular,426.5263636363636,1,9226.611448645031
17051,194,4,714.39,1,Regular,178.5975,1,1404.8793643358983
17052,28,1,413.75,1,Regular,413.75,0,813.6575777852124
17053,131,1,498.48,1,Regular,498.48,1,980.2828504516561
17054,28,5,1356.33,1,Regular,271.26599999999996,0,2667.2826162596184
17055,446,1,239.55,0,At Risk,239.55,1,471.08561391769825
17056,738,1,128.60000000000002,0,At Risk,128.60000000000002,1,252.89755771160927
17057,596,1,294.74,0,At Risk,294.74,1,579.6191769822683
17058,82,3,1179.89,1,Regular,393.2966666666667,0,2320.3055938440953
17059,30,9,5602.53,1,Regular,622.5033333333333,0,11017.621726329875
17060,266,1,234.24,0,At Risk,234.24,1,460.64326530612243
17061,74,11,5232.2300000000005,1,Regular,475.65727272727275,0,10289.41048511208
17062,314,6,1208.22,0,At Risk,201.37,1,2376.0177852124457
17063,21,13,3638.53,1,Regular,279.8869230769231,0,7155.329320843091
17064,59,3,859.35,1,Regular,286.45,0,1689.949581799933
17065,638,2,194.7,0,At Risk,97.35,1,382.8861157577785
17066,726,1,228.34,0,At Risk,228.34,1,449.0406557377049
17067,725,3,454.54,0,At Risk,151.51333333333335,1,893.8729073268653
17068,12,47,9161.08,1,Regular,194.91659574468085,0,18015.666858481098
17069,28,14,5794.28,1,Regular,413.8771428571428,0,11394.706537303446
17070,114,2,445.32,1,Regular,222.66,1,875.7413716962194
17071,28,13,3801.2,1,Regular,292.4,0,7475.227032452325
17072,625,1,282.05,0,At Risk,282.05,1,554.6637336901974
17073,18,4,1446.09,1,Regular,361.5225,0,2843.7996052191365
17074,563,1,203.05,0,At Risk,203.05,1,399.3067581130813
17075,18,10,2241.73,1,Regular,224.173,0,4408.460669120107
17076,36,6,1242.75,1,Regular,207.125,0,2443.922549347608
17077,578,1,306.0,0,At Risk,306.0,1,601.7624623619939
17078,36,2,378.2,1,Regular,189.1,0,743.7469387755102
17079,78,1,118.8,1,Regular,118.8,0,233.62542656406825
17080,22,7,957.53,1,Regular,136.79,0,1883.0248711943793
17081,25,6,964.39,1,Regular,160.73166666666665,0,1896.5153629976578
17082,33,6,4732.03,1,Regular,788.6716666666666,0,9305.745178989628
17083,109,9,4049.79,1,Regular,449.9766666666667,1,7964.090204081633
17084,35,3,5202.97,1,Regular,1734.3233333333335,0,10231.869407828706
17085,123,28,7891.41,1,Regular,281.8360714285714,1,15518.80494479759
17086,7,6,2050.08,1,Regular,341.68,0,4031.5725125460017
17087,738,1,221.53,0,At Risk,221.53,1,435.6484911341586
17088,28,4,1991.01,1,Regular,497.7525,0,3915.4087587822014
17089,386,1,128.45,0,At Risk,128.45,1,252.60257611241215
17090,4,13,3149.48,1,Regular,242.2676923076923,0,6193.590980260957
17091,3,19,7811.1,1,Regular,411.1105263157895,0,15360.871796587488
17092,50,11,5594.96,1,Regular,508.63272727272727,0,11002.734988290398
17093,593,1,235.88,0,At Risk,235.88,1,463.8683974573436
17094,322,2,402.2000000000001,0,At Risk,201.10000000000005,1,790.9439946470393
17095,23,7,2572.25,1,Regular,367.4642857142857,0,5058.442790230846
17096,15,11,3759.18,1,Regular,341.74363636363637,0,7392.592853797257
17097,2,9,1340.45,1,Regular,148.9388888888889,0,2636.0538976246235
17098,382,3,591.07,0,At Risk,197.02333333333334,1,1162.3651589160254
17099,533,1,582.17,0,At Risk,582.17,1,1144.8629173636666
17100,18,2,971.74,1,Regular,485.87,0,1910.9694613583138
17101,10,7,2507.05,1,Regular,358.15000000000003,0,4930.22412177986
17102,262,1,25.5,0,At Risk,25.5,1,50.1468718634995
17103,722,1,424.3,0,At Risk,424.3,1,834.4046169287387
17104,424,1,474.03,0,At Risk,474.03,1,932.2008497825359
17105,159,2,665.78,1,Regular,332.89,1,1309.2856607561057
17106,389,1,491.23,0,At Risk,491.23,1,966.025406490465
17107,33,10,16075.42,1,Regular,1607.542,0,31613.020662428902
17108,664,1,174.95,0,At Risk,174.95,1,344.04687186349946
17109,29,8,1295.46,1,Regular,161.9325,0,2547.5790833054534
17110,165,3,510.7,1,Regular,170.23333333333332,1,1004.3140180662427
17111,47,2,476.58,1,Regular,238.29,0,937.2155369688859
17112,503,1,205.17,0,At Risk,205.17,1,403.475831381733
17113,574,6,2322.59,0,At Risk,387.09833333333336,1,4567.475416527267
17114,6,8,808.62,1,Regular,101.0775,0,1590.1868049514887
17115,8,7,2761.49,1,Regular,394.4985714285714,0,5430.591575777851
17116,648,1,389.78,0,At Risk,389.78,1,766.5195182335228
17117,288,1,116.2,0,At Risk,116.2,1,228.51241217798594
17118,318,1,157.02,0,At Risk,157.02,1,308.7867380394781
17119,3,2,606.91,1,Regular,303.455,0,1193.5152157912344
17120,233,1,307.46,1,Regular,307.46,1,604.6336165941786
17121,403,1,314.74,0,At Risk,314.74,1,618.9500568752092
17122,119,4,570.5,1,Regular,142.625,1,1121.9133489461358
17123,162,3,977.17,1,Regular,325.7233333333333,1,1921.6477952492469
17124,185,1,298.89,1,Regular,298.89,1,587.7803345600535
17125,50,1,259.35,1,Regular,259.35,0,510.02318501170964
17126,152,9,2070.44,1,Regular,230.04888888888888,1,4071.6113482770156
17127,429,5,1155.0300000000002,0,At Risk,231.00600000000003,1,2271.41731013717
17128,335,1,157.09,0,At Risk,157.09,1,308.9243961191034
17129,520,1,31.85,0,At Risk,31.85,1,62.6344262295082
17131,5,5,2463.17,1,Regular,492.634,0,4843.932171294748
17132,452,2,1272.8,0,At Risk,636.4,1,2503.0171963867515
17133,16,12,14622.33,1,Regular,1218.5275,0,28755.455249247236
17134,107,3,637.1,1,Regular,212.36666666666667,1,1252.8851789896287
17135,16,10,1954.16,1,Regular,195.416,0,3842.941612579458
17136,662,1,231.68,0,At Risk,231.68,1,455.608912679826
17137,416,6,1133.63,0,At Risk,188.93833333333336,1,2229.3332686517233
17138,276,7,4417.27,0,At Risk,631.0385714285715,1,8686.755791234527
17139,16,25,19584.46,1,Regular,783.3783999999999,0,38513.70220140515
17140,247,1,465.32,1,Regular,465.32,1,915.0722515891603
17141,418,4,754.33,0,At Risk,188.5825,1,1483.423131482101
17142,239,4,1283.75,1,Regular,320.9375,1,2524.5508531281366
17143,417,2,924.11,0,At Risk,462.055,1,1817.3029708932754
17144,1,2,984.57,1,Regular,492.285,0,1936.2002208096353
17145,513,4,3120.91,0,At Risk,780.2275,1,6137.40681833389
17146,106,13,5860.24,1,Regular,450.7876923076923,1,11524.419779190364
17147,23,9,3199.95,1,Regular,355.54999999999995,0,6292.842455670792
17148,52,1,124.88,1,Regular,124.88,0,245.58201405152224
17149,451,1,143.10000000000002,0,At Risk,143.10000000000002,1,281.41244563399135
17150,377,6,1375.65,0,At Risk,229.275,1,2705.2762462361993
17151,735,1,231.90000000000003,0,At Risk,231.90000000000003,1,456.04155235864846
17152,195,4,2016.5,1,Regular,504.125,1,3965.5359652057546
17153,24,1,213.78,1,Regular,213.78,0,420.407775175644
17154,75,1,329.34,1,Regular,329.34,0,647.6615991970558
17155,18,7,892.46,1,Regular,127.49428571428572,0,1755.0618534626965
17156,492,1,591.87,0,At Risk,591.87,1,1163.938394111743
17157,8,19,5151.900000000001,1,Regular,271.1526315789474,0,10131.438006022083
17158,32,5,1980.0,1,Regular,396.0,0,3893.7571094011373
17159,22,5,2099.59,1,Regular,419.918,0,4128.936105720977
17160,31,17,10209.16,1,Regular,600.5388235294117,0,20076.762288390764
17161,444,1,856.01,0,At Risk,856.01,1,1683.381324857812
17162,29,10,1715.46,1,Regular,171.546,0,3373.52756105721
17163,22,4,699.78,1,Regular,174.945,0,1376.1481565741049
17164,33,7,2467.35,1,Regular,352.4785714285714,0,4852.152325192372
17165,284,6,1794.32,0,At Risk,299.05333333333334,1,3528.6092204750757
17166,39,2,206.34,1,Regular,103.17,0,405.7766878554701
17167,380,3,867.11,0,At Risk,289.0366666666667,1,1705.2099631983942
17168,499,1,400.2,0,At Risk,400.2,1,787.0109066577451
17169,58,3,1156.73,1,Regular,385.57666666666665,0,2274.7604349280696
17170,374,2,178.68,0,At Risk,89.34,1,351.382080963533
17171,289,2,384.59,0,At Risk,192.295,1,756.3131549013048
17172,79,3,956.57,1,Regular,318.8566666666667,0,1881.1369889595182
17173,5,8,3766.6,1,Regular,470.825,0,7407.1846102375375
17174,218,1,59.9,1,Regular,59.9,1,117.79598527935764
17175,44,4,1443.69,1,Regular,360.9225,0,2839.079899631984
17176,202,3,902.32,1,Regular,300.77333333333337,1,1774.4519772499166
17177,505,1,119.5,0,At Risk,119.5,1,235.0020073603212
17178,731,1,436.71,0,At Risk,436.71,1,858.8094279023084
17179,178,6,1507.26,1,Regular,251.21,1,2964.0931013716963
17180,56,11,2256.98,1,Regular,205.18,0,4438.450465038474
17181,57,3,465.37,1,Regular,155.12333333333333,0,915.1705787888926
17182,423,2,321.3,0,At Risk,160.65,1,631.8505854800937
17183,8,6,3347.31,1,Regular,557.885,0,6582.632378721981
17184,569,2,198.41000000000005,0,At Risk,99.20500000000003,1,390.18199397791915
17185,592,3,229.46,0,At Risk,76.48666666666666,1,451.24318501170956
17186,47,2,144.0,1,Regular,72.0,0,283.18233522917365
17187,227,2,467.71,1,Regular,233.855,1,919.7722917363666
17188,11,13,4592.93,1,Regular,353.3023076923077,0,9032.198909334225
17189,106,5,957.63,1,Regular,191.526,1,1883.2215255938443
17190,59,7,1743.04,1,Regular,249.00571428571428,0,3427.764844429575
17191,28,15,4836.05,1,Regular,322.40333333333336,0,9510.305085312813
17192,536,1,77.83,0,At Risk,77.83,1,153.05611910337905
17193,36,9,2310.04,1,Regular,256.6711111111111,0,4542.795289394446
17194,274,3,812.5,0,At Risk,270.8333333333333,1,1597.8169956507193
17195,655,1,562.98,0,At Risk,562.98,1,1107.1249381063901
17196,428,1,352.9,0,At Risk,352.9,1,693.9933757109401
17197,30,1,1013.01,1,Regular,1013.01,0,1992.1287320173972
17198,24,3,1213.88,1,Regular,404.6266666666667,0,2387.148424222148
17199,582,1,145.12,0,At Risk,145.12,1,285.38486450317833
17200,387,4,356.71,0,At Risk,89.1775,1,701.4859083305453
17201,54,4,1242.04,1,Regular,310.51,0,2442.526303111408
17202,421,1,160.65,0,At Risk,160.65,1,315.92529274004687
17203,36,10,5575.88,1,Regular,557.588,0,10965.21332887253
17204,175,9,5504.6900000000005,1,Regular,611.6322222222223,1,10825.21506189361
17205,54,3,999.35,1,Regular,333.1166666666667,0,1965.2657410505185
17206,53,1,204.24,1,Regular,204.24,0,401.64694546671126
17207,652,1,303.22,0,At Risk,303.22,1,596.2954700568753
17208,396,1,115.35,0,At Risk,115.35,1,226.84084978253594
17209,649,3,611.6,0,At Risk,203.86666666666667,1,1202.7383071261293
17210,393,1,253.37,0,At Risk,253.37,1,498.2632519237203
17211,27,13,4046.65,1,Regular,311.28076923076924,0,7957.915255938441
17212,253,3,794.41,1,Regular,264.80333333333334,1,1562.2422147875545
17213,40,13,5182.3,1,Regular,398.63846153846157,0,10191.220943459351
17214,60,6,1069.12,1,Regular,178.18666666666664,0,2102.471515557042
17215,464,1,186.15,0,At Risk,186.15,1,366.07216460354636
17216,554,1,65.05,0,At Risk,65.05,1,127.92368685178988
17217,234,2,218.0,1,Regular,109.0,1,428.7065908330545
17218,4,18,4192.68,1,Regular,232.92666666666668,0,8245.08967547675
17219,32,2,259.13,1,Regular,129.565,0,509.59054533288725
17220,24,21,4481.75,1,Regular,213.41666666666666,0,8813.558548009367
17221,7,5,978.52,1,Regular,195.704,0,1924.3026296420207
17222,65,6,1605.01,1,Regular,267.50166666666667,0,3156.3227768484444
17223,310,3,873.53,0,At Risk,291.1766666666667,1,1717.835175644028
17224,501,1,100.86,0,At Risk,100.86,1,198.34562730010038
17225,582,1,131.15,0,At Risk,131.15,1,257.91224489795917
17226,309,3,900.12,0,At Risk,300.04,1,1770.125580461693
17227,19,12,2022.03,1,Regular,168.5025,0,3976.4109534961526
17228,16,13,3177.24,1,Regular,244.4030769230769,0,6248.182241552358
17229,96,2,318.76,1,Regular,159.38,1,626.8555637336901
17230,264,18,9924.95,1,Regular,551.3861111111112,1,19517.85081967213
17231,12,25,7197.04,1,Regular,287.8816,0,14153.295791234526
17232,3,2,421.52,1,Regular,210.76,0,828.9376246236199
17233,35,3,560.86,1,Regular,186.95333333333335,0,1102.9558648377383
17234,183,1,149.89,1,Regular,149.89,1,294.76527935764466
17235,25,8,1904.88,1,Regular,238.11,0,3746.030324523252
17236,13,12,1929.26,1,Regular,160.77166666666668,0,3793.9746671127473
17237,11,4,1002.08,1,Regular,250.52,0,1970.634406155905
17238,3,32,7783.1,1,Regular,243.221875,0,15305.80856473737
17239,313,4,1189.45,0,At Risk,297.3625,1,2339.1057544329205
17240,596,1,130.60000000000002,0,At Risk,130.60000000000002,1,256.83064570090335
17241,385,12,2744.14,0,At Risk,228.6783333333333,1,5396.472037470726
17242,108,5,2889.28,1,Regular,577.856,1,5681.896232853796
17243,1,69,20889.86,1,Regular,302.75159420289856,0,41080.8287320174
17244,53,5,1826.04,1,Regular,365.20799999999997,0,3590.987995985279
17245,205,2,371.63,1,Regular,185.815,1,730.8267447306791
17246,547,2,38.92,0,At Risk,19.46,1,76.53789227166277
17247,15,1,282.19,1,Regular,282.19,0,554.939049849448
17248,120,2,546.16,1,Regular,273.08,1,1074.0476681164268
17249,429,1,68.03,0,At Risk,68.03,1,133.78398795583809
17250,4,2,384.52,1,Regular,192.26,0,756.1754968216794
17251,363,3,812.4300000000001,0,At Risk,270.81,1,1597.679337571094
17252,117,2,353.86,1,Regular,176.93,1,695.8812579458013
17253,18,1,178.26,1,Regular,178.26,0,350.5561324857812
17254,5,3,470.73,1,Regular,156.91,0,925.7112546002007
17255,41,4,799.13,1,Regular,199.7825,0,1571.5243024422884
17256,107,5,498.93,1,Regular,99.786,1,981.1677952492472
17257,436,2,192.73,0,At Risk,96.365,1,379.0120240883238
17258,397,2,417.3,0,At Risk,208.65,1,820.6388089662095
17259,148,6,1889.34,1,Regular,314.89,1,3715.4702308464366
17260,411,1,120.95,0,At Risk,120.95,1,237.8534961525594
17261,510,1,230.44,0,At Risk,230.44,1,453.1703981264637
17262,52,11,2757.62,1,Regular,250.69272727272727,0,5422.981050518568
17263,208,1,63.440000000000005,1,Regular,63.440000000000005,1,124.75755102040817
17264,424,1,279.59,0,At Risk,279.59,1,549.8260354633657
17265,139,2,562.9,1,Regular,281.45,1,1106.9676145868182
17266,2,5,517.73,1,Regular,103.546,0,1018.1388223486116
17267,127,2,317.62,1,Regular,158.81,1,624.6137035797925
17268,108,11,1733.89,1,Regular,157.62636363636364,1,3409.770966878554
17269,386,1,537.46,0,At Risk,537.46,1,1056.9387353629977
17270,469,2,604.4,0,At Risk,302.2,1,1188.5791903646705
17271,736,1,210.39,0,At Risk,210.39,1,413.7411910337905
17272,42,4,2148.63,1,Regular,537.1575,0,4225.375423218467
17273,424,1,141.12,0,At Risk,141.12,1,277.5186885245902
17274,35,2,577.38,1,Regular,288.69,0,1135.4431716293075
17275,383,1,114.52,0,At Risk,114.52,1,225.2086182669789
17276,402,1,508.39,0,At Risk,508.39,1,999.7713014386081
17277,228,2,1065.35,1,Regular,532.675,1,2095.0576446972227
17278,241,2,271.24,1,Regular,135.62,1,533.4053931080629
17279,58,1,187.83,1,Regular,187.83,0,369.37595851455336
17280,438,1,118.86,0,At Risk,118.86,1,233.74341920374707
17281,374,6,797.85,0,At Risk,132.975,1,1569.00712612914
17282,130,5,2339.66,1,Regular,467.93199999999996,1,4601.0443225158915
17283,379,1,188.46,0,At Risk,188.46,1,370.614881231181
17284,60,8,2793.16,1,Regular,349.145,0,5492.872024088323
17285,628,2,428.34,0,At Risk,214.17,1,842.3494546671127
17286,22,3,395.48,1,Regular,131.82666666666668,0,777.728819003011
17287,26,21,4111.96,1,Regular,195.80761904761906,0,8086.350244228839
17288,9,11,2499.98,1,Regular,227.2709090909091,0,4916.320655737705
17289,32,9,2079.39,1,Regular,231.04333333333332,0,4089.211917029106
17290,4,8,1501.44,1,Regular,187.68,0,2952.6478153228504
17291,308,1,550.8000000000001,0,At Risk,550.8000000000001,1,1083.1724322515893
17292,472,2,271.75,0,At Risk,135.875,1,534.4083305453329
17293,8,17,3774.23,1,Regular,222.0135294117647,0,7422.189340916693
17294,669,2,467.79,0,At Risk,233.895,1,919.9296152559384
17295,29,3,556.95,1,Regular,185.65,0,1095.2666778186685
17296,730,1,338.13,0,At Risk,338.13,1,664.9475209100033
17297,17,1,131.78,1,Regular,131.78,0,259.1511676145868
17298,101,5,957.56,1,Regular,191.512,1,1883.0838675142186
17299,12,6,1016.08,1,Regular,169.34666666666666,0,1998.1660220809633
17300,391,2,393.64,0,At Risk,196.82,1,774.1103780528605
17301,21,2,330.43,1,Regular,165.215,0,649.8051321512212
17302,15,5,1135.63,1,Regular,227.12600000000003,0,2233.2663566410174
17303,361,1,250.04,0,At Risk,250.04,1,491.71466042154566
17304,534,1,111.5,0,At Risk,111.5,1,219.26965540314487
17305,649,1,2135.46,0,At Risk,2135.46,1,4199.476038808966
17306,11,21,9782.35,1,Regular,465.8261904761905,0,19237.421646035466
17307,395,11,3999.89,0,At Risk,363.62636363636364,1,7865.959658748745
17308,393,2,4511.76,0,At Risk,2255.88,1,8872.574533288725
17309,95,3,330.59,1,Regular,110.19666666666666,1,650.1197791903646
17310,387,2,1025.1,0,At Risk,512.55,1,2015.9042489126796
17311,78,6,3566.56,1,Regular,594.4266666666666,0,7013.7971495483425
17312,139,3,644.3,1,Regular,214.76666666666665,1,1267.0442957510872
17313,31,1,2328.84,1,Regular,2328.84,0,4579.766316493811
17314,25,17,4904.43,1,Regular,288.4958823529412,0,9644.777363666779
17315,2,43,9650.6,1,Regular,224.4325581395349,0,18978.329474740716
17316,420,1,124.45,0,At Risk,124.45,1,244.73640013382402
17317,46,3,2600.34,1,Regular,866.7800000000001,0,5113.683011040482
17318,725,1,164.28,0,At Risk,164.28,1,323.0638474406156
17319,669,1,29.1,0,At Risk,29.1,1,57.226430244228844
17320,100,6,2895.77,1,Regular,482.62833333333333,1,5694.659103379056
17321,8,6,1741.18,1,Regular,290.19666666666666,0,3424.1070725995314
17322,376,5,922.59,0,At Risk,184.518,1,1814.3138240214118
17323,15,12,1565.59,1,Regular,130.46583333333334,0,3078.8016125794584
17324,18,12,2301.87,1,Regular,191.8225,0,4526.728624958179
17325,280,3,609.5699999999999,0,At Risk,203.18999999999997,1,1198.7462228169954
17326,408,2,321.95,0,At Risk,160.975,1,633.1288390766142
17327,410,2,152.35,0,At Risk,76.175,1,299.6029775844764
17328,673,1,104.7,0,At Risk,104.7,1,205.897156239545
17329,14,5,1004.43,1,Regular,200.886,0,1975.2557845433255
17330,23,4,423.8,1,Regular,105.95,0,833.4213449314152
17331,124,1,175.2,1,Regular,175.2,1,344.5385078621612
17332,528,5,838.27,0,At Risk,167.654,1,1648.4948343927733
17333,86,1,494.25,1,Regular,494.25,0,971.964369354299
17334,302,3,635.1500000000001,0,At Risk,211.7166666666667,1,1249.050418200067
17335,384,2,508.0,0,At Risk,254.0,1,999.0043492806959
17336,472,1,81.12,0,At Risk,81.12,1,159.52604884576783
17337,151,4,2027.87,1,Regular,506.9675,1,3987.895570424891
17338,17,17,12142.57,1,Regular,714.2688235294117,0,23878.898113081297
17339,94,3,362.36,1,Regular,120.78666666666668,1,712.5968819003011
17340,30,18,22404.82,1,Regular,1244.7122222222222,0,44060.06422214788
17341,157,5,1889.83,1,Regular,377.966,1,3716.433837403814
17342,380,4,1227.54,0,At Risk,306.885,1,2414.011415189026
17343,355,6,1259.94,0,At Risk,209.99,1,2477.7274406155907
17344,46,2,468.11,1,Regular,234.055,0,920.5589093342255
17345,15,10,1604.68,1,Regular,160.46800000000002,0,3155.6738173302115
17346,4,26,5323.0,1,Regular,204.73076923076923,0,10467.913683506189
17347,86,1,228.96,1,Regular,228.96,0,450.2599130143861
17348,15,9,2476.41,1,Regular,275.15666666666664,0,4869.969213783874
17349,179,5,852.25,1,Regular,170.45,1,1675.987119437939
17350,8,7,1906.041,1,Regular,272.29157142857144,0,3748.3134821010376
17351,36,12,1988.23,1,Regular,165.68583333333333,0,3909.9417664770826
17352,696,1,36.25,0,At Risk,36.25,1,71.28721980595516
17353,129,4,3242.0,1,Regular,810.5,1,6375.535630645701
17354,51,4,3143.46,1,Regular,785.865,0,6181.752385413181
17355,386,1,285.11,0,At Risk,285.11,1,560.6813583138173
17356,312,5,946.47,0,At Risk,189.294,1,1861.2748946135832
17357,24,2,388.14,1,Regular,194.07,0,763.2943860823017
17358,303,5,866.05,0,At Risk,173.20999999999998,1,1703.1254265640682
17359,11,2,284.46,1,Regular,142.23,0,559.4031047172967
17360,17,6,1231.38,1,Regular,205.23000000000002,0,2421.5629441284714
17361,49,5,880.64,1,Regular,176.128,0,1731.8173034459683
17362,239,7,1024.04,1,Regular,146.29142857142855,1,2013.8197122783538
17363,395,3,940.86,0,At Risk,313.62,1,1850.2425828036132
17364,1,28,12070.42,1,Regular,431.0864285714286,0,23737.011963867513
17365,13,15,8224.98,1,Regular,548.332,0,16174.785025092004
17366,432,2,1096.24,0,At Risk,548.12,1,2155.80418869187
17367,238,1,168.4,1,Regular,168.4,1,331.16600869856137
17368,23,14,2826.14,1,Regular,201.86714285714285,0,5557.728645031782
17369,456,1,979.2,0,At Risk,979.2,1,1925.6398795583807
17370,73,4,446.18,1,Regular,111.545,0,877.4325995316159
17371,17,6,662.55,1,Regular,110.425,0,1302.9337236533956
17372,41,28,4377.56,1,Regular,156.3414285714286,0,8608.664329207093
17373,40,7,1167.5,1,Regular,166.78571428571428,0,2295.9401137504183
17374,219,3,727.11,1,Regular,242.37,1,1429.8938039478087
17375,199,4,660.55,1,Regular,165.1375,1,1299.0006356641015
17376,71,4,453.64,1,Regular,113.41,0,892.1030177316828
17377,24,78,18319.41,2,VIP,234.86423076923077,0,36025.92572097691
17378,374,1,10.95,0,At Risk,10.95,1,21.533656741385077
17379,11,1,404.66,1,Regular,404.66,0,795.7816928738708
17380,434,3,645.0,0,At Risk,215.0,1,1268.4208765473402
17381,9,38,40002.37,1,Regular,1052.693947368421,0,78666.42049514888
17382,65,8,902.28,1,Regular,112.785,0,1774.3733154901304
17383,4,2,309.99,1,Regular,154.995,0,609.6089729006356
17384,19,3,507.55,1,Regular,169.18333333333334,0,998.1194044831047
17385,15,1,261.11,1,Regular,261.11,0,513.4843024422884
17386,8,7,2812.77,1,Regular,401.82428571428574,0,5531.435951823352
17387,20,2,784.11,1,Regular,392.055,0,1541.9868116426899
17388,78,11,2691.57,1,Regular,244.68818181818185,0,5293.090819672131
17389,1,61,57224.68,2,VIP,938.1095081967213,0,112534.85079959853
17390,421,1,149.3,0,At Risk,149.3,1,293.605018400803
17391,164,2,508.8,1,Regular,254.4,1,1000.5775844764136
17392,307,3,626.56,0,At Risk,208.85333333333332,1,1232.1578052860486
17393,411,2,381.15,0,At Risk,190.575,1,749.5482435597189
17394,219,1,203.87,1,Regular,203.87,1,400.91932418869186
17395,508,1,97.5,0,At Risk,97.5,1,191.7380394780863
17396,39,14,8807.1,1,Regular,629.0785714285714,0,17319.54961525594
17397,22,3,1233.18,1,Regular,411.06,0,2425.1027233188356
17398,115,3,653.38,1,Regular,217.79333333333332,1,1284.9005152224825
17400,126,8,4677.05,1,Regular,584.63125,1,9197.624590163934
17401,541,1,114.85,0,At Risk,114.85,1,225.85757778521244
17402,5,23,5096.18,1,Regular,221.57304347826087,0,10021.862174640348
17403,36,2,400.57,1,Regular,200.285,0,787.7385279357644
17404,4,23,47781.12,1,Regular,2077.44,0,93963.67459350954
17405,1,3,1031.41,1,Regular,343.80333333333334,0,2028.3131415189027
17406,333,13,4905.05,0,At Risk,377.3115384615385,1,9645.996620943459
17407,412,1,552.9,0,At Risk,552.9,1,1087.3021746403479
17408,163,3,316.09000000000003,1,Regular,105.36333333333334,1,621.6048912679827
17409,185,10,7793.51,1,Regular,779.351,1,15326.280287721645
17410,16,5,1214.72,1,Regular,242.94400000000002,0,2388.8003211776513
17411,12,5,1425.38,1,Regular,285.076,0,2803.0724790899967
17412,3,16,4417.52,1,Regular,276.095,0,8687.24742723319
17413,405,2,560.14,0,At Risk,280.07,1,1101.5399531615924
17414,44,6,2249.52,1,Regular,374.92,0,4423.7800468384075
17415,80,1,507.84,1,Regular,507.84,0,998.6897022415523
17416,30,22,17298.45,1,Regular,786.2931818181819,0,34018.16296420208
17417,549,1,164.18,0,At Risk,164.18,1,322.86719304115087
17418,42,3,670.0600000000001,1,Regular,223.35333333333335,0,1317.702469053195
17419,11,18,6500.52,1,Regular,361.14000000000004,0,12783.558568082972
17420,50,6,1084.43,1,Regular,180.73833333333334,0,2132.5793041150887
17421,386,3,1059.41,0,At Risk,353.1366666666667,1,2083.37637336902
17422,16,11,3594.76,1,Regular,326.79636363636365,0,7069.253690197391
17423,46,3,1118.95,1,Regular,372.98333333333335,0,2200.4644028103044
17425,19,2,759.1700000000001,1,Regular,379.58500000000004,0,1492.941204416193
17426,8,13,8077.77,1,Regular,621.3669230769231,0,15885.290083640011
17427,72,1,100.8,1,Regular,100.8,0,198.22763466042153
17428,1,45,31819.76,1,Regular,707.1057777777777,0,62574.957939110056
17429,128,5,1357.46,1,Regular,271.492,1,2669.50481097357
17430,33,4,735.17,1,Regular,183.7925,0,1445.7441485446636
17431,313,1,403.3,0,At Risk,403.3,1,793.1071930411509
17432,18,9,1751.39,1,Regular,194.5988888888889,0,3444.185486784878
17433,88,2,569.96,1,Regular,284.98,0,1120.8514151890265
17434,2,7,2373.82,1,Regular,339.1171428571429,0,4668.221465373034
17435,411,1,331.35,0,At Risk,331.35,1,651.6143526262964
17436,2,5,534.0600000000001,1,Regular,106.81200000000001,0,1050.2524857811977
17437,530,1,373.17,0,At Risk,373.17,1,733.8552224824356
17438,254,5,1422.77,1,Regular,284.554,1,2797.939799263968
17439,656,1,325.74,0,At Risk,325.74,1,640.5820408163265
17440,157,4,323.58,1,Regular,80.895,1,636.3343057878889
17441,732,1,293.35,0,At Risk,293.35,1,576.8856808297089
17442,37,15,4620.3,1,Regular,308.02000000000004,0,9086.023218467715
17443,220,1,534.24,1,Regular,534.24,1,1050.6064637002341
17444,148,3,2940.04,1,Regular,980.0133333333333,1,5781.718006022081
17446,177,2,120.9,1,Regular,60.45,1,237.75516895282703
17447,40,2,541.53,1,Regular,270.765,0,1064.9425694212111
17448,497,46,14556.97,0,At Risk,316.45586956521737,1,28626.92193375711
17449,2,13,4951.15,1,Regular,380.8576923076923,0,9736.654299096686
17450,8,51,246973.09,2,VIP,4842.609607843137,0,485683.4469789227
17451,1,7,1721.4,1,Regular,245.91428571428574,0,3385.208832385413
17453,18,2,486.72,1,Regular,243.36,0,957.1562930746069
17454,192,10,1547.94,1,Regular,154.794,1,3044.0921110739378
17455,204,1,131.7,1,Regular,131.7,1,258.99384409501505
17456,365,2,1225.42,0,At Risk,612.71,1,2409.842341920375
17457,127,14,5984.81,1,Regular,427.4864285714286,1,11769.392164603547
17458,15,2,529.58,1,Regular,264.79,0,1041.442368685179
17459,43,2,657.3,1,Regular,328.65,0,1292.6093676814987
17460,94,16,2228.27,1,Regular,139.266875,1,4381.990986952158
17461,23,3,757.46,1,Regular,252.48666666666668,0,1489.5784141853462
17462,60,2,675.69,1,Regular,337.845,0,1328.774111743058
17463,16,7,2557.91,1,Regular,365.4157142857143,0,5030.242549347608
17464,158,3,1000.94,1,Regular,333.6466666666667,1,1968.3925460020075
17465,426,7,2542.79,0,At Risk,363.2557142857143,1,5000.508404148544
17466,10,2,763.28,1,Regular,381.64,0,1501.023700234192
17467,395,1,102.6,0,At Risk,102.6,1,201.7674138507862
17468,10,3,194.8,1,Regular,64.93333333333334,0,383.08277015724326
17469,16,17,5051.25,1,Regular,297.13235294117646,0,9933.505352960856
17470,45,11,2804.87,1,Regular,254.9881818181818,0,5515.900254265641
17471,475,1,321.65000000000003,0,At Risk,321.65000000000003,1,632.5388758782202
17472,191,4,935.1,1,Regular,233.775,1,1838.9152893944463
17473,409,2,607.0,0,At Risk,303.5,1,1193.6922047507528
17474,600,1,1047.0,0,At Risk,1047.0,1,2058.97156239545
17475,79,1,194.37,1,Regular,194.37,0,382.237156239545
17476,396,2,489.86,0,At Risk,244.93,1,963.3312412177986
17477,613,2,1144.3,0,At Risk,572.15,1,2250.3162930746066
17478,408,2,1272.8000000000002,0,At Risk,636.4000000000001,1,2503.017196386752
17479,633,1,389.2600000000001,0,At Risk,389.2600000000001,1,765.4969153563067
17480,78,2,902.03,1,Regular,451.015,0,1773.8816794914687
17481,4,4,1255.59,1,Regular,313.8975,0,2469.1729742388757
17482,487,2,778.19,0,At Risk,389.095,1,1530.3448711943795
17483,65,4,591.73,1,Regular,147.9325,0,1163.6630779524926
17484,576,2,209.57,0,At Risk,104.785,1,412.12862495817996
17486,261,1,396.87,0,At Risk,396.87,1,780.4623151555704
17487,728,1,160.55,0,At Risk,160.55,1,315.72863834058217
17488,641,1,336.5,0,At Risk,336.5,1,661.7420541987286
17489,59,2,376.64,1,Regular,188.32,0,740.6791301438608
17490,1,9,2750.5,1,Regular,305.6111111111111,0,5408.979257276681
17491,1,17,5981.07,1,Regular,351.8276470588235,0,11762.037290063565
17492,248,3,1122.42,1,Regular,374.14000000000004,1,2207.28831047173
17493,385,1,100.91,0,At Risk,100.91,1,198.4439544998327
17494,502,1,54.7,0,At Risk,54.7,1,107.56995650719304
17495,8,3,806.72,1,Regular,268.9066666666667,0,1586.4503713616593
17496,359,4,1412.89,0,At Risk,353.2225,1,2778.5103445968552
17497,390,2,287.25,0,At Risk,143.625,1,564.889762462362
17498,76,1,272.22,1,Regular,272.22,0,535.332606222817
17499,290,2,1341.39,0,At Risk,670.695,1,2637.902448979592
17500,17,3,1138.0,1,Regular,379.3333333333333,0,2237.9270659083304
17501,221,2,288.6,1,Regular,144.3,1,567.5445968551355
17502,9,4,689.1,1,Regular,172.275,0,1355.1454667112746
17503,3,2,558.96,1,Regular,279.48,0,1099.2194312479091
17504,206,18,9565.12,1,Regular,531.3955555555556,1,18810.22929407829
17505,162,5,2435.48,1,Regular,487.096,1,4789.478568082971
17506,76,1,302.2,1,Regular,302.2,0,594.2895951823352
17507,262,2,605.58,0,At Risk,302.79,1,1190.899712278354
17508,281,8,4579.23,0,At Risk,572.40375,1,9005.25725660756
17509,58,8,6115.14,1,Regular,764.3925,0,12025.691843425895
17510,25,2,514.56,1,Regular,257.28,0,1011.9048778855804
17511,3,60,175603.55,2,VIP,2926.725833333333,0,345332.10669120104
17512,29,18,5467.820000000001,1,Regular,303.76777777777784,0,10752.708584810976
17513,72,3,1158.8,1,Regular,386.26666666666665,0,2278.8311809969887
17514,128,2,542.83,1,Regular,271.415,1,1067.4990766142523
17515,31,9,1617.46,1,Regular,179.71777777777777,0,3180.8062495818
17516,15,6,957.55,1,Regular,159.59166666666667,0,1883.0642020742723
17517,309,1,153.94,0,At Risk,153.94,1,302.72978253596517
17518,426,2,329.42,0,At Risk,164.71,1,647.8189227166276
17519,17,15,5109.47,1,Regular,340.6313333333334,0,10047.997544329208
17520,54,1,546.81,1,Regular,546.81,0,1075.3259217129473
17521,30,5,1278.06,1,Regular,255.612,0,2513.3612177985947
17522,2,5,1070.71,1,Regular,214.142,0,2105.5983205085313
17523,11,4,652.74,1,Regular,163.185,0,1283.6419270659082
17524,361,3,539.14,0,At Risk,179.71333333333334,1,1060.2425292740047
17525,360,3,1161.9,0,At Risk,387.3,1,2284.927467380395
17526,5,12,4166.04,1,Regular,347.17,0,8192.700943459351
17527,54,4,939.37,1,Regular,234.8425,0,1847.3124322515891
17528,1,8,3628.5,1,Regular,453.5625,0,7135.604884576782
17529,610,2,1240.25,0,At Risk,620.125,1,2439.0061893609904
17530,1,12,3141.51,1,Regular,261.7925,0,6177.91762462362
17531,190,3,1266.82,1,Regular,422.2733333333333,1,2491.257263298762
17532,386,1,65.34,0,At Risk,65.34,1,128.49398461023753
17533,435,1,34.8,0,At Risk,34.8,1,68.43573101371696
17534,54,5,1668.83,1,Regular,333.76599999999996,0,3281.827614586818
17535,280,1,164.4,0,At Risk,164.4,1,323.29983271997327
17536,177,3,364.83,1,Regular,121.61,1,717.4542455670793
17537,30,2,897.62,1,Regular,448.81,0,1765.2092204750752
17538,26,1,98.42,1,Regular,98.42,0,193.54725995316159
17539,618,4,1226.57,0,At Risk,306.6425,1,2412.1038675142186
17540,25,6,1590.6,1,Regular,265.09999999999997,0,3127.9848778855803
17541,510,1,124.46,0,At Risk,124.46,1,244.75606557377048
17542,270,3,341.7,0,At Risk,113.89999999999999,1,671.9680829708932
17543,550,1,120.05,0,At Risk,120.05,1,236.08360655737704
17544,390,3,960.69,0,At Risk,320.23,1,1889.2391502174642
17545,43,6,1448.54,1,Regular,241.42333333333332,0,2848.617638006022
17547,376,2,727.85,0,At Risk,363.925,1,1431.3490465038474
17548,234,4,731.26,1,Regular,182.815,1,1438.0549615255939
17549,24,2,148.86,1,Regular,74.43,0,292.7397390431583
17550,197,9,2547.64,1,Regular,283.0711111111111,1,5010.046142522583
17551,359,1,306.84,0,At Risk,306.84,1,603.4143593174974
17552,60,12,3085.29,1,Regular,257.1075,0,6067.358521244563
17553,130,4,3757.6,1,Regular,939.4,1,7389.485714285714
17554,1,5,1952.45,1,Regular,390.49,0,3839.5788223486115
17555,20,5,1057.74,1,Regular,211.548,0,2080.092244897959
17556,206,2,300.67,1,Regular,150.335,1,591.2807828705253
17557,14,4,575.46,1,Regular,143.865,0,1131.6674071595853
17558,393,1,259.17,0,At Risk,259.17,1,509.66920709267316
17559,513,1,167.62,0,At Risk,167.62,1,329.6321043827367
17560,95,8,1895.8,1,Regular,236.975,1,3728.1741050518567
17561,19,4,722.34,1,Regular,180.585,0,1420.5133890933423
17562,14,7,1122.38,1,Regular,160.34,0,2207.209648711944
17563,578,2,392.38,0,At Risk,196.19,1,771.6325326196052
17564,24,3,454.01,1,Regular,151.33666666666667,0,892.8306390097022
17565,587,1,131.83,0,At Risk,131.83,1,259.2494948143192
17566,8,2,901.21,1,Regular,450.605,0,1772.269113415858
17567,7,9,5356.03,1,Regular,595.1144444444444,0,10532.86863164938
17568,633,1,382.79,0,At Risk,382.79,1,752.7733757109402
17569,332,1,344.14,0,At Risk,344.14,1,676.766450317832
17570,382,1,100.0,0,At Risk,100.0,1,196.6543994647039
17571,50,5,1703.75,1,Regular,340.75,0,3350.499330879893
17572,71,10,723.0100000000001,1,Regular,72.30100000000002,0,1421.8309735697562
17573,29,3,380.6,1,Regular,126.86666666666667,0,748.4666443626631
17574,243,1,185.65,1,Regular,185.65,1,365.0888926062228
17575,667,1,171.7,0,At Risk,171.7,1,337.6556038808966
17576,8,41,9056.81,1,Regular,220.89780487804876,0,17810.61531615925
17577,645,2,348.75,0,At Risk,174.375,1,685.8322181331549
17578,218,7,1047.33,1,Regular,149.6185714285714,1,2059.620521913683
17579,5,4,753.28,1,Regular,188.32,0,1481.3582602877216
17580,253,5,545.27,1,Regular,109.054,1,1072.297443961191
17581,1,43,18757.75,1,Regular,436.2267441860465,0,36887.940615590494
17582,236,5,1450.7,1,Regular,290.14,1,2852.8653730344595
17583,560,1,135.95,0,At Risk,135.95,1,267.3516560722649
17584,7,6,5309.42,1,Regular,884.9033333333333,0,10441.208016058883
17585,109,7,2093.3,1,Regular,299.04285714285714,1,4116.566543994647
17586,619,1,167.4,0,At Risk,167.4,1,329.1994647039144
17587,628,1,181.66,0,At Risk,181.66,1,357.2423820675811
17588,100,7,2939.55,1,Regular,419.9357142857143,1,5780.754399464704
17589,60,18,14049.87,1,Regular,780.5483333333334,0,27629.687474071598
17590,2,3,1479.22,1,Regular,493.0733333333333,0,2908.9512077617933
17591,73,8,2776.67,1,Regular,347.08375,0,5460.443713616594
17592,739,1,148.3,0,At Risk,148.3,1,291.6384744061559
17593,4,11,8095.8,1,Regular,735.9818181818182,0,15920.7468718635
17594,85,4,2497.88,1,Regular,624.47,0,4912.190913348946
17595,12,2,388.79,1,Regular,194.395,0,764.5726396788224
17596,23,13,4920.67,1,Regular,378.51307692307694,0,9676.714038139846
17597,214,5,3484.09,1,Regular,696.818,1,6851.616266309803
17598,381,1,409.98,0,At Risk,409.98,1,806.2437069253931
17599,478,1,52.05,0,At Risk,52.05,1,102.35861492137838
17600,18,1,161.67000000000002,1,Regular,161.67000000000002,0,317.93116761458685
17601,239,2,421.48,1,Regular,210.74,1,828.8589628638341
17602,2,14,7451.13,1,Regular,532.2235714285714,0,14652.974954834392
17603,78,4,1793.48,1,Regular,448.37,0,3526.9573235195717
17604,217,6,945.93,1,Regular,157.655,1,1860.2129608564737
17605,590,1,160.75,0,At Risk,160.75,1,316.1219471395115
17606,737,1,87.30000000000001,0,At Risk,87.30000000000001,1,171.67929073268652
17607,376,1,333.81,0,At Risk,333.81,1,656.4520508531282
17608,33,4,498.53,1,Regular,124.6325,0,980.3811776513884
17609,41,11,1894.34,1,Regular,172.21272727272728,0,3725.3029508196723
17610,540,5,1529.49,0,At Risk,305.898,1,3007.8093743727004
17611,7,28,8371.98,1,Regular,298.9992857142857,0,16463.866992305117
17612,53,18,5394.86,1,Regular,299.71444444444444,0,10609.229534961525
17613,23,14,4559.150000000001,1,Regular,325.65357142857147,0,8965.76905319505
17614,57,1,390.07,1,Regular,390.07,0,767.0898159919706
17615,130,6,733.2,1,Regular,122.2,1,1441.8700568752092
17616,174,4,1060.8,1,Regular,265.2,1,2086.109869521579
17617,559,1,395.33,0,At Risk,395.33,1,777.433837403814
17618,6,11,4073.24,1,Regular,370.2945454545454,0,8010.205660756105
17619,312,1,218.52,0,At Risk,218.52,1,429.72919371027103
17620,60,1,81.44,1,Regular,81.44,0,160.15534292405485
17621,21,6,3175.12,1,Regular,529.1866666666666,0,6244.013168283706
17622,598,2,1130.21,0,At Risk,565.105,1,2222.6076881900303
17623,33,7,2383.67,1,Regular,340.5242857142857,0,4687.591923720308
17624,15,4,1568.63,1,Regular,392.1575,0,3084.779906323185
17625,18,8,6067.8,1,Regular,758.475,0,11932.595650719304
17626,603,1,254.0,0,At Risk,254.0,1,499.50217464034796
17627,479,1,296.36,0,At Risk,296.36,1,582.8049782535966
17628,81,1,75.75,1,Regular,75.75,0,148.96570759451322
17629,6,10,2455.52,1,Regular,245.552,0,4828.888109735697
17630,170,2,503.6,1,Regular,251.8,1,990.351555704249
17631,2,7,998.49,1,Regular,142.64142857142858,0,1963.5745132151221
17633,31,7,2057.39,1,Regular,293.91285714285715,0,4045.9479491468715
17634,36,9,2361.9700000000003,1,Regular,262.4411111111111,0,4644.9179190364675
17635,424,3,1265.58,0,At Risk,421.85999999999996,1,2488.8187487453997
17636,19,1,285.56,1,Regular,285.56,0,561.5663031114085
17637,31,2,547.0600000000001,1,Regular,273.53000000000003,0,1075.8175577116094
17638,647,2,842.4000000000001,0,At Risk,421.20000000000005,1,1656.616661090666
17639,276,6,615.17,0,At Risk,102.52833333333332,1,1209.758869187019
17640,87,6,3168.94,1,Regular,528.1566666666666,0,6231.859926396787
17642,120,5,1824.49,1,Regular,364.898,1,3587.939852793577
17643,373,2,541.25,0,At Risk,270.625,1,1064.39193710271
17644,1,20,6028.6,1,Regular,301.43,0,11855.507126129141
17646,219,12,4149.79,1,Regular,345.81583333333333,1,8160.744603546336
17647,65,3,331.66,1,Regular,110.55333333333334,0,652.223981264637
17648,61,5,2216.37,1,Regular,443.274,0,4358.589113415858
17649,138,3,1578.89,1,Regular,526.2966666666667,1,3104.9566477082644
17650,21,1,166.07999999999998,1,Regular,166.07999999999998,0,326.6036266309802
17651,12,16,5703.52,1,Regular,356.47,0,11216.223004349282
17652,25,12,4867.72,1,Regular,405.6433333333334,0,9572.585533623285
17653,37,4,1207.56,1,Regular,301.89,0,2374.7198661759785
17654,277,1,117.55,0,At Risk,117.55,1,231.16724657075943
17655,11,9,3652.48,1,Regular,405.8311111111111,0,7182.762609568417
17656,73,5,1674.69,1,Regular,334.938,0,3293.35156239545
17657,430,1,126.0,0,At Risk,126.0,1,247.78454332552693
17658,26,2,595.42,1,Regular,297.71,0,1170.91962529274
17659,17,14,3834.79,1,Regular,273.9135714285714,0,7541.283245232518
17660,141,2,359.47,1,Regular,179.735,1,706.9135697557712
17662,662,2,412.92,0,At Risk,206.46,1,812.0253462696554
17663,26,17,5175.83,1,Regular,304.4605882352941,0,10178.497403813984
17664,19,4,1166.23,1,Regular,291.5575,0,2293.4426028772164
17665,493,1,563.1,0,At Risk,563.1,1,1107.3609233857478
17666,4,5,2047.8,1,Regular,409.56,0,4027.0887922382067
17667,66,9,3950.7,1,Regular,438.96666666666664,0,7769.225359652057
17668,1,2,347.75,1,Regular,173.875,0,683.8656741385079
17669,43,10,6142.35,1,Regular,614.235,0,12079.201505520241
17670,228,1,205.7,1,Regular,205.7,1,404.5180996988959
17671,16,5,2403.34,1,Regular,480.668,0,4726.273844095015
17672,50,7,5778.63,1,Regular,825.5185714285715,0,11363.93012378722
17673,2,13,4233.58,1,Regular,325.65999999999997,0,8325.521324857811
17674,74,2,851.7,1,Regular,425.85,0,1674.9055202408833
17675,1,70,38259.6,2,VIP,546.5657142857143,0,75239.18661759785
17676,4,10,2765.84,1,Regular,276.584,0,5439.146042154567
17677,2,54,36692.91,1,Regular,679.4983333333334,0,72158.2218066243
17678,264,2,599.76,0,At Risk,299.88,1,1179.454426229508
17679,53,7,3577.61,1,Regular,511.08714285714285,0,7035.5274606891935
17680,24,3,497.4500000000001,1,Regular,165.8166666666667,0,978.2573101371697
17681,597,5,731.2,0,At Risk,146.24,1,1437.9369688859151
17682,10,11,4456.78,1,Regular,405.16181818181815,0,8764.45394446303
17683,386,3,819.01,0,At Risk,273.00333333333333,1,1610.6191970558714
17684,44,1,239.41,1,Regular,239.41,0,470.81029775844763
17685,17,12,5943.17,1,Regular,495.26416666666665,0,11687.505272666443
17686,7,9,8296.81,1,Regular,921.8677777777777,0,16316.0418802275
17687,421,1,432.68,0,At Risk,432.68,1,850.8842556038809
17688,394,1,304.2,0,At Risk,304.2,1,598.2226831716292
17689,388,2,317.08,0,At Risk,158.54,1,623.5517698226831
17690,30,20,7448.1,1,Regular,372.40500000000003,0,14647.016326530613
17691,358,4,780.0500000000001,0,At Risk,195.01250000000002,1,1534.002643024423
17692,127,12,2975.8,1,Regular,247.98333333333335,1,5852.041619270659
17693,137,1,200.47,1,Regular,200.47,1,394.23307460689193
17694,142,3,1695.97,1,Regular,565.3233333333334,1,3335.1996186015394
17695,132,5,1746.04,1,Regular,349.20799999999997,1,3433.6644764135162
17696,38,27,7679.59,1,Regular,284.42925925925925,0,15102.251595851456
17697,236,1,338.95,1,Regular,338.95,1,666.5600869856139
17698,261,1,154.95,0,At Risk,154.95,1,304.71599197055866
17699,477,2,442.0,0,At Risk,221.0,1,869.2124456339913
17700,17,14,6679.97,1,Regular,477.1407142857143,0,13136.454887922382
17701,253,1,417.95,0,At Risk,417.95,1,821.9170625627299
17702,30,6,3144.04,1,Regular,524.0066666666667,0,6182.892980930077
17703,35,4,1094.84,1,Regular,273.71,0,2153.051027099364
17704,169,2,885.19,1,Regular,442.595,1,1740.7650786216127
17705,3,11,2083.9,1,Regular,189.44545454545457,0,4098.081030444965
17706,4,31,20749.98,1,Regular,669.3541935483871,0,40805.748558046165
17707,185,8,609.3,1,Regular,76.1625,1,1198.2152559384408
17708,188,4,887.9300000000001,1,Regular,221.98250000000002,1,1746.1534091669455
17709,170,5,671.01,1,Regular,134.202,1,1319.5706858481096
17710,424,1,293.5,0,At Risk,293.5,1,577.180662428906
17711,11,2,385.1,1,Regular,192.55,0,757.3160923385748
17712,45,1,522.91,1,Regular,522.91,0,1028.3255202408832
17713,382,4,1198.09,0,At Risk,299.5225,1,2356.0966945466707
17714,321,5,1410.18,0,At Risk,282.036,1,2773.181010371362
17715,201,2,489.6,1,Regular,244.8,1,962.8199397791903
17716,23,24,15956.97,1,Regular,664.87375,0,31380.083526262963
17717,421,1,376.92,0,At Risk,376.92,1,741.229762462362
17718,232,2,439.18,1,Regular,219.59,1,863.6667915690866
17719,38,15,5396.04,1,Regular,359.736,0,10611.550056875209
17720,26,10,2768.91,1,Regular,276.89099999999996,0,5445.183332218133
17721,659,1,307.21000000000004,0,At Risk,307.21000000000004,1,604.141980595517
17722,96,5,4430.36,1,Regular,886.0719999999999,1,8712.497852124456
17723,127,7,3378.4000000000005,1,Regular,482.6285714285715,1,6643.772231515558
17724,71,3,1033.0,1,Regular,344.3333333333333,0,2031.4399464703913
17725,16,11,3439.08,1,Regular,312.64363636363635,0,6763.102121110739
17726,395,7,1092.06,0,At Risk,156.00857142857143,1,2147.5840347942453
17727,15,1,1060.25,1,Regular,1060.25,0,2085.0282703245234
17728,4,5,4238.76,1,Regular,847.7520000000001,0,8335.708022750085
17729,596,1,438.65,0,At Risk,438.65,1,862.6245232519236
17730,3,20,7773.8,1,Regular,388.69,0,15287.519705587152
17731,79,6,1708.99,1,Regular,284.83166666666665,0,3360.8040214118428
17732,373,8,2470.39,0,At Risk,308.79875,1,4858.1306189360985
17733,39,2,692.19,1,Regular,346.095,0,1361.2220876547342
17734,54,6,1442.32,1,Regular,240.38666666666666,0,2836.385734359317
17735,2,26,17244.93,1,Regular,663.2665384615385,0,33912.913529608566
17736,9,3,377.44,1,Regular,125.81333333333333,0,742.2523653395784
17737,9,2,168.24,1,Regular,84.12,0,330.8513616594179
17738,19,13,4183.56,1,Regular,321.81230769230774,0,8227.154794245567
17739,12,18,7730.59,1,Regular,429.4772222222222,0,15202.545339578453
17740,389,6,426.9,0,At Risk,71.14999999999999,1,839.517631314821
17741,407,2,101.1,0,At Risk,50.55,1,198.81759785881565
17742,113,11,2098.48,1,Regular,190.7709090909091,1,4126.753241886919
17743,448,1,229.2,0,At Risk,229.2,1,450.73188357310136
17744,4,7,2649.14,1,Regular,378.4485714285714,0,5209.650357979257
17745,478,2,600.34,0,At Risk,300.17,1,1180.5950217464035
17746,240,4,904.18,1,Regular,226.045,1,1778.1097490799598
17747,113,1,71.4,1,Regular,71.4,1,140.4112412177986
17748,527,1,358.15,0,At Risk,358.15,1,704.317731682837
17749,178,3,1026.18,1,Regular,342.06,1,2018.0281164268988
17750,5,9,1797.57,1,Regular,199.73,0,3535.000488457678
17751,421,1,157.86,0,At Risk,157.86,1,310.4386349949816
17752,359,1,80.64,0,At Risk,80.64,1,158.58210772833723
17753,464,4,390.56,0,At Risk,97.64,1,768.0534225493476
17754,1,13,4577.53,1,Regular,352.11769230769227,0,9001.91413181666
17756,376,3,733.7,0,At Risk,244.5666666666667,1,1442.8533288725328
17757,1,56,9422.45,1,Regular,168.25803571428574,0,18529.662462361994
17758,19,12,5012.53,1,Regular,417.7108333333333,0,9857.360769488123
17759,17,5,1276.91,1,Regular,255.382,0,2511.0996922047507
17760,22,6,918.93,1,Regular,153.155,0,1807.1162730010037
17761,33,1,712.78,1,Regular,712.78,0,1401.7132285045166
17762,456,1,129.75,0,At Risk,129.75,1,255.15908330545332
17763,263,4,86.15,0,At Risk,21.5375,1,169.41776513884244
17764,51,5,1623.64,1,Regular,324.728,0,3192.9594914687186
17765,159,4,530.8,1,Regular,132.7,1,1043.8415523586482
17766,381,2,299.61,0,At Risk,149.805,1,589.1962462361994
17767,15,2,413.05,1,Regular,206.525,0,812.2809969889595
17768,8,7,3509.51,1,Regular,501.35857142857145,0,6901.605814653731
17769,13,17,7103.08,1,Regular,417.82823529411763,0,13968.51931749749
17770,199,5,1143.27,1,Regular,228.654,1,2248.2907527601205
17771,57,4,387.41,1,Regular,96.8525,0,761.8588089662095
17772,11,3,384.77,1,Regular,128.25666666666666,0,756.6671328203412
17773,514,2,585.27,0,At Risk,292.635,1,1150.9592037470725
17774,97,9,3328.05,1,Regular,369.78333333333336,1,6544.756741385079
17775,255,1,56.4,0,At Risk,56.4,1,110.913081298093
17776,387,2,338.56,0,At Risk,169.28,1,665.7931348277016
17777,25,3,665.86,1,Regular,221.95333333333335,0,1309.4429842756774
17778,662,1,197.7,0,At Risk,197.7,1,388.7857477417196
17779,21,3,658.57,1,Regular,219.52333333333334,0,1295.1068785547006
17780,667,3,352.91,0,At Risk,117.63666666666667,1,694.0130411508866
17781,159,2,188.02,1,Regular,94.01,1,369.74960187353634
17782,383,2,679.02,0,At Risk,339.51,1,1335.3227032452326
17783,72,3,379.91,1,Regular,126.63666666666667,0,747.1097290063567
17784,550,1,112.86,0,At Risk,112.86,1,221.94415523586483
17785,53,3,403.38,1,Regular,134.46,0,793.2645165607227
17786,85,2,278.74,1,Regular,139.37,0,548.1544730679157
17787,153,4,2601.4700000000003,1,Regular,650.3675000000001,1,5115.905205754433
17788,74,2,1117.9,1,Regular,558.95,0,2198.3995316159253
17789,281,2,397.15,0,At Risk,198.575,1,781.0129474740716
17790,27,20,2783.61,1,Regular,139.1805,0,5474.091528939444
17791,30,1,106.1,1,Regular,106.1,0,208.65031783205083
17792,467,2,370.05,0,At Risk,185.025,1,727.7196052191368
17793,25,1,323.04,1,Regular,323.04,0,635.2723720307796
17794,687,2,147.3,0,At Risk,73.65,1,289.67193041150887
17795,180,2,350.39,1,Regular,175.195,1,689.057350284376
17796,40,7,1361.99,1,Regular,194.57,0,2678.413255269321
17797,22,8,1985.87,1,Regular,248.23375,0,3905.300722649715
17798,582,1,183.09,0,At Risk,183.09,1,360.0545399799264
17799,22,20,6341.89,1,Regular,317.09450000000004,0,12471.605694212114
17800,37,9,1199.01,1,Regular,133.22333333333333,0,2357.9059150217463
17801,451,3,798.33,0,At Risk,266.11,1,1569.9510672465708
17802,82,10,5053.12,1,Regular,505.312,0,9937.182790230847
17803,392,1,184.66,0,At Risk,184.66,1,363.1420140515222
17804,376,3,385.23,0,At Risk,128.41,1,757.571743057879
17805,74,2,927.03,1,Regular,463.515,0,1823.0452793576446
17806,11,1,546.04,1,Regular,546.04,0,1073.8116828370692
17807,395,3,437.87,0,At Risk,145.95666666666668,1,861.0906189360991
17808,549,4,262.64,0,At Risk,65.66,1,516.4931147540983
17809,16,20,11337.39,1,Regular,566.8695,0,22295.476219471395
17810,669,2,374.81,0,At Risk,187.405,1,737.0803546336567
17811,4,47,9609.8,1,Regular,204.46382978723403,0,18898.094479759115
17812,13,7,1165.89,1,Regular,166.5557142857143,0,2292.7739779190365
17813,14,5,1770.88,1,Regular,354.17600000000004,0,3482.5134292405487
17814,375,2,1617.32,0,At Risk,808.66,1,3180.530933422549
17815,393,1,591.96,0,At Risk,591.96,1,1164.1153830712612
17816,37,6,112.32,1,Regular,18.72,0,220.8822214787554
17817,4,6,807.85,1,Regular,134.64166666666668,0,1588.6725660756108
17818,738,1,130.18,0,At Risk,130.18,1,256.00469722315154
17819,72,12,6612.52,1,Regular,551.0433333333334,0,13003.81149548344
17820,374,1,183.56,0,At Risk,183.56,1,360.9788156574105
17821,406,1,334.62,0,At Risk,334.62,1,658.0449514887922
17822,420,5,2188.5,0,At Risk,437.7,1,4303.781532285045
17823,421,2,494.25,0,At Risk,247.125,1,971.964369354299
17824,51,1,298.4,1,Regular,298.4,0,586.8167280026764
17825,599,4,731.96,0,At Risk,182.99,1,1439.4315423218468
17826,374,1,134.59,0,At Risk,134.59,1,264.677156239545
17827,5,6,2388.05,1,Regular,398.0083333333334,0,4696.205386416862
17828,23,4,1820.09,1,Regular,455.0225,0,3579.2870592171294
17829,299,5,4756.74,0,At Risk,951.348,1,9354.338481097357
17830,2,3,398.7,1,Regular,132.9,0,784.0610906657746
17831,33,1,35.400000000000006,1,Regular,35.400000000000006,0,69.6156574105052
17832,50,1,155.37,1,Regular,155.37,0,305.54194044831047
17833,723,1,342.36,0,At Risk,342.36,1,673.2660020073604
17834,415,2,730.47,0,At Risk,365.235,1,1436.5013917698227
17835,3,3,350.64,1,Regular,116.88,0,689.5489862830377
17836,47,1,110.21,1,Regular,110.21,0,216.73281365005016
17837,42,8,1593.38,1,Regular,199.1725,0,3133.4518701906995
17838,27,13,6722.900000000001,1,Regular,517.1461538461539,0,13220.87862161258
17839,42,1,338.8,1,Regular,338.8,0,666.2651053864168
17840,444,1,185.72,0,At Risk,185.72,1,365.2265506858481
17841,2,211,70884.07,2,VIP,335.94345971563985,0,139396.64217464035
17842,602,1,430.69,0,At Risk,430.69,1,846.9708330545333
17843,303,2,326.23,0,At Risk,163.115,1,641.5456473737036
17844,107,1,51.56,1,Regular,51.56,1,101.39500836400134
17845,555,4,598.19,0,At Risk,149.5475,1,1176.3669521579125
17846,85,1,2033.1,1,Regular,2033.1,0,3998.180595516895
17847,516,2,129.69,0,At Risk,64.845,1,255.0410906657745
17848,81,30,3650.9,1,Regular,121.69666666666667,0,7179.655470056875
17849,218,8,1063.76,1,Regular,132.97,1,2091.9308397457344
17850,372,155,56600.08,2,VIP,365.1618064516129,1,111306.54742054199
17851,422,6,1563.34,0,At Risk,260.5566666666667,1,3074.3768885915024
17852,12,5,663.21,1,Regular,132.642,0,1304.2316426898628
17853,407,3,1608.19,0,At Risk,536.0633333333334,1,3162.576386751422
17854,185,6,1071.45,1,Regular,178.57500000000002,1,2107.05356306457
17855,373,1,417.94,0,At Risk,417.94,1,821.8973971227836
17856,2,4,1418.03,1,Regular,354.5075,0,2788.618380729341
17857,4,24,28682.24,1,Regular,1195.0933333333335,0,56404.8868250251
17858,6,30,12797.65,1,Regular,426.5883333333333,0,25167.14175309468
17859,305,1,148.21,0,At Risk,148.21,1,291.4614854466377
17860,369,4,1015.54,0,At Risk,253.885,1,1997.104088323854
17861,3,18,5127.69,1,Regular,284.87166666666667,0,10083.827975911678
17862,324,4,1279.09,0,At Risk,319.7725,1,2515.386758113081
17863,59,12,5745.2,1,Regular,478.76666666666665,0,11298.18855804617
17864,13,5,924.32,1,Regular,184.864,0,1817.7159451321513
17865,31,46,26374.39,1,Regular,573.356304347826,0,51866.39826697892
17866,143,3,1134.95,1,Regular,378.31666666666666,1,2231.9291067246572
17867,30,15,1621.2800000000002,1,Regular,108.08533333333335,0,3188.318447641352
17868,386,1,234.65,0,At Risk,234.65,1,461.44954834392775
17869,107,7,1036.16,1,Regular,148.02285714285716,1,2037.6542254934761
17870,2,13,3108.15,1,Regular,239.08846153846156,0,6112.313716962195
17871,205,5,1118.99,1,Regular,223.798,1,2200.5430645700903
17872,382,1,235.87,0,At Risk,235.87,1,463.84873201739714
17873,80,18,6515.88,1,Regular,361.99333333333334,0,12813.764683840749
17874,185,6,683.46,1,Regular,113.91000000000001,1,1344.0541585814653
17875,688,1,167.1,0,At Risk,167.1,1,328.6095015055202
17876,400,3,3424.02,0,At Risk,1141.34,1,6733.485968551354
17877,170,1,237.61,1,Regular,237.61,1,467.270518568083
17878,44,3,1412.33,1,Regular,470.77666666666664,0,2777.4090799598525
17879,174,1,178.52,1,Regular,178.52,1,351.06743392438943
17880,365,3,824.9200000000001,0,At Risk,274.97333333333336,1,1622.2414720642357
17881,304,1,133.35,0,At Risk,133.35,1,262.23864168618263
17882,379,2,313.46,0,At Risk,156.73,1,616.4328805620609
17883,3,7,995.85,1,Regular,142.2642857142857,0,1958.3828370692538
17884,4,20,3072.89,1,Regular,153.6445,0,6042.97337571094
17885,12,1,190.19,1,Regular,190.19,0,374.0170023419204
17886,32,6,1608.38,1,Regular,268.06333333333333,0,3162.950030110405
17887,129,1,111.35,1,Regular,111.35,1,218.97467380394778
17888,21,25,1820.44,1,Regular,72.8176,0,3579.975349615256
17889,212,7,774.87,1,Regular,110.69571428571429,1,1523.8159451321512
17890,323,2,602.09,0,At Risk,301.045,1,1184.0364737370357
17891,162,1,203.86,1,Regular,203.86,1,400.8996587487454
17892,56,3,244.1,1,Regular,81.36666666666666,0,480.0333890933422
17893,225,1,112.25,1,Regular,112.25,1,220.74456339913013
17894,72,18,2453.38,1,Regular,136.29888888888888,0,4824.679705587153
17895,44,1,98.0,1,Regular,98.0,0,192.72131147540983
17896,23,1,256.32,1,Regular,256.32,0,504.06455670792906
17897,173,9,2585.0,1,Regular,287.22222222222223,1,5083.5162261625965
17898,85,4,299.18,1,Regular,74.795,0,588.3506323185012
17899,159,1,155.8,1,Regular,155.8,1,306.3875543660087
17900,190,2,112.2,1,Regular,56.1,1,220.6462361993978
17901,29,3,260.08,1,Regular,86.69333333333333,0,511.4587621278019
17902,547,1,216.4,0,At Risk,216.4,1,425.5601204416193
17903,394,1,381.09,0,At Risk,381.09,1,749.4302509200401
17904,21,1,191.67,1,Regular,191.67,0,376.92748745399797
17905,71,13,2383.52,1,Regular,183.3476923076923,0,4687.296942121111
17906,247,1,72.9,1,Regular,72.9,1,143.36105720976917
17907,641,1,291.76,0,At Risk,291.76,1,573.7588758782201
17908,374,5,1411.54,0,At Risk,282.308,1,2775.8555102040814
17909,737,1,132.55,0,At Risk,132.55,1,260.66540649046505
17910,726,1,261.7,0,At Risk,261.7,1,514.6445633991301
17911,9,1,366.23,1,Regular,366.23,0,720.2074071595852
17912,310,6,375.5,0,At Risk,62.583333333333336,1,738.4372699899632
17913,59,14,3479.64,1,Regular,248.54571428571427,0,6842.865145533623
17914,4,1,336.43,1,Regular,336.43,0,661.6043961191034
17915,551,1,242.13,0,At Risk,242.13,1,476.15929742388755
17916,629,2,43.87,0,At Risk,21.935,1,86.2722850451656
17917,45,3,341.28,1,Regular,113.75999999999999,0,671.1421344931415
17918,501,3,396.39,0,At Risk,132.13,1,779.5183740381398
17919,88,2,1840.32,1,Regular,920.16,0,3619.070244228839
17920,4,54,24516.46,1,Regular,454.0085185185185,0,48212.69718300435
17921,64,10,2423.5,1,Regular,242.35,0,4765.919371027099
17922,543,1,170.4,0,At Risk,170.4,1,335.0990966878555
17923,282,3,497.0,0,At Risk,165.66666666666666,1,977.3723653395784
17924,12,8,3536.7000000000003,1,Regular,442.08750000000003,0,6955.076145868184
17925,373,1,488.16,0,At Risk,488.16,1,959.9881164268986
17926,133,5,1035.49,1,Regular,207.098,1,2036.3366410170624
17927,722,1,294.0,0,At Risk,294.0,1,578.1639344262295
17928,45,3,341.24,1,Regular,113.74666666666667,0,671.0634727333556
17929,11,12,3082.1,1,Regular,256.84166666666664,0,6061.085245901638
17930,36,13,4275.22,1,Regular,328.86307692307696,0,8407.408216794915
17931,134,14,3437.29,1,Regular,245.5207142857143,1,6759.582007360321
17932,29,3,1331.57,1,Regular,443.8566666666666,0,2618.590986952158
17933,632,1,114.69,0,At Risk,114.69,1,225.54293074606892
17934,52,3,1049.15,1,Regular,349.7166666666667,0,2063.1996319839413
17935,138,7,686.14,1,Regular,98.02,1,1349.3244964871194
17936,5,1,389.84,1,Regular,389.84,0,766.6375108732017
17937,9,7,4301.22,1,Regular,614.46,0,8458.538360655739
17938,420,1,144.29,0,At Risk,144.29,1,283.75263298762127
17939,160,1,99.14,1,Regular,99.14,1,194.96317162930745
17940,49,16,30393.19,1,Regular,1899.574375,0,59769.54527266644
17941,131,4,1433.28,1,Regular,358.32,1,2818.608176647708
17942,8,1,77.50000000000001,1,Regular,77.50000000000001,0,152.40715958514556
17944,423,1,75.41,0,At Risk,75.41,1,148.29708263633322
17945,697,3,360.35,0,At Risk,120.11666666666667,1,708.6441284710606
17946,233,2,149.57999999999998,1,Regular,74.78999999999999,1,294.1556507193041
17947,37,1,176.68,1,Regular,176.68,0,347.4489929742389
17948,147,1,358.56000000000006,1,Regular,358.56000000000006,1,705.1240147206424
17949,1,118,118628.08,2,VIP,1005.3227118644068,0,233287.33832050854
17950,72,7,1432.81,1,Regular,204.68714285714285,0,2817.683900970224
17951,40,4,1636.0800000000002,1,Regular,409.02000000000004,0,3217.423298762128
17952,378,4,819.61,0,At Risk,204.9025,1,1611.7991234526598
17953,540,1,160.82,0,At Risk,160.82,1,316.2596052191368
17954,5,19,3966.05,1,Regular,208.73947368421054,0,7799.41180996989
17955,199,6,949.9,1,Regular,158.31666666666666,1,1868.0201405152225
17956,249,1,12.75,1,Regular,12.75,1,25.07343593174975
17957,66,1,111.68,1,Regular,111.68,0,219.62363332218135
17958,117,2,973.88,1,Regular,486.94,1,1915.1778655068583
17959,592,1,140.75,0,At Risk,140.75,1,276.7910672465708
17960,171,3,135.08,1,Regular,45.02666666666667,1,265.64076279692205
17961,21,100,2995.54,2,VIP,29.9554,0,5890.861197724991
17962,142,4,687.42,1,Regular,171.855,1,1351.8416728002676
17963,471,4,651.51,0,At Risk,162.8775,1,1281.2230779524925
17964,32,2,733.46,1,Regular,366.73,0,1442.3813583138174
17965,38,29,7240.98,1,Regular,249.68896551724137,0,14239.705734359317
17966,38,10,1974.42,1,Regular,197.442,0,3882.7837939110073
17967,372,2,357.29,0,At Risk,178.645,1,702.6265038474406
17968,374,4,888.04,0,At Risk,222.01,1,1746.3697290063565
17969,166,20,2369.94,1,Regular,118.497,1,4660.591274673804
17970,211,1,582.59,1,Regular,582.59,1,1145.6888658414186
17971,548,1,161.94,0,At Risk,161.94,1,318.4621344931415
17972,242,1,136.04,1,Regular,136.04,1,267.5286450317832
17973,52,1,337.04,1,Regular,337.04,0,662.8039879558381
17974,25,6,1858.06,1,Regular,309.6766666666667,0,3653.9567346938775
17975,15,24,7028.83,1,Regular,292.86791666666664,0,13822.503425894947
17976,372,1,706.38,0,At Risk,706.38,1,1389.1273469387754
17977,29,2,1565.63,1,Regular,782.815,0,3078.880274339244
17978,365,4,1461.76,0,At Risk,365.44,1,2874.615349615256
17979,36,4,757.71,1,Regular,189.4275,0,1490.070050184008
17980,166,4,1033.42,1,Regular,258.355,1,2032.2658949481433
17981,411,1,239.12,0,At Risk,239.12,1,470.24
17982,681,1,138.18,0,At Risk,138.18,1,271.73704918032786
17983,395,1,171.71,0,At Risk,171.71,1,337.6752693208431
17984,145,5,1191.27,1,Regular,238.254,1,2342.6848645031782
17985,22,1,634.95,1,Regular,634.95,0,1248.6571094011376
17986,56,1,20.8,1,Regular,20.8,0,40.904115088658415
17987,185,5,1003.64,1,Regular,200.728,1,1973.7022147875546
17988,12,14,489.54,1,Regular,34.96714285714286,0,962.7019471395117
17989,379,1,228.83,0,At Risk,228.83,1,450.00426229508196
17990,237,6,1527.61,1,Regular,254.60166666666666,1,3004.1122716627633
17991,225,3,320.55,1,Regular,106.85000000000001,1,630.3756774841085
17992,389,1,254.13,0,At Risk,254.13,1,499.75782535965203
17993,617,1,235.19,0,At Risk,235.19,1,462.51148210103713
17994,122,11,2313.32,1,Regular,210.3018181818182,1,4549.245553696889
17995,282,3,495.48,0,At Risk,165.16,1,974.383218467715
17996,380,3,482.33,0,At Risk,160.77666666666667,1,948.5231649381064
17997,74,8,1970.67,1,Regular,246.33375,0,3875.409253931081
17998,380,3,639.24,0,At Risk,213.08,1,1257.0935831381732
17999,37,3,730.9,1,Regular,243.63333333333333,0,1437.3470056875208
18000,564,1,124.25,0,At Risk,124.25,1,244.3430913348946
18001,12,6,953.84,1,Regular,158.97333333333333,0,1875.7683238541317
18002,376,4,249.92,0,At Risk,62.48,1,491.47867514218797
18003,376,1,358.61,0,At Risk,358.61,1,705.2223419203747
18004,362,1,169.47,0,At Risk,169.47,1,333.2702107728337
18005,4,2,249.72,1,Regular,124.86,0,491.0853663432586
18006,23,4,997.86,1,Regular,249.465,0,1962.3355904984944
18007,393,1,220.32,0,At Risk,220.32,1,433.2689729006356
18008,70,23,19787.13,1,Regular,860.3100000000001,0,38912.26167280027
18009,235,8,2155.83,1,Regular,269.47875,1,4239.534539979926
18010,257,1,174.8,0,At Risk,174.8,1,343.75189026430246
18011,373,2,527.03,0,At Risk,263.515,1,1036.4276814988289
18012,723,1,115.3,0,At Risk,115.3,1,226.74252258280362
18013,155,2,187.29,1,Regular,93.645,1,368.3140247574439
18014,28,1,166.42,1,Regular,166.42,0,327.27225158916025
18015,4,1,120.03,1,Regular,120.03,0,236.0442756774841
18016,32,7,1960.46,1,Regular,280.0657142857143,0,3855.3308397457345
18017,81,4,688.0,1,Regular,172.0,0,1352.9822683171628
18018,108,4,297.99,1,Regular,74.4975,1,586.0104449648712
18019,52,1,38.45,1,Regular,38.45,0,75.61361659417867
18020,544,1,190.48,0,At Risk,190.48,1,374.587300100368
18021,510,2,227.06,0,At Risk,113.53,1,446.5234794245567
18022,36,5,1651.79,1,Regular,330.358,0,3248.3177049180326
18024,153,2,389.78,1,Regular,194.89,1,766.5195182335228
18025,380,6,1177.72,0,At Risk,196.28666666666666,1,2316.0381933757108
18026,501,2,2074.07,0,At Risk,1037.035,1,4078.7499029775845
18027,99,1,115.31,1,Regular,115.31,1,226.76218802275008
18028,583,1,192.05,0,At Risk,192.05,1,377.67477417196386
18029,642,1,433.77,0,At Risk,433.77,1,853.0277885580462
18030,4,2,230.65,1,Regular,115.325,0,453.5833723653396
18031,379,1,462.1,0,At Risk,462.1,1,908.7399799263968
18032,334,1,73.5,0,At Risk,73.5,1,144.54098360655738
18033,65,1,97.97,1,Regular,97.97,0,192.6623151555704
18034,22,3,793.7,1,Regular,264.56666666666666,0,1560.845968551355
18035,36,5,1276.74,1,Regular,255.348,0,2510.7653797256608
18036,32,11,1563.64,1,Regular,142.14909090909092,0,3074.9668517898963
18037,154,15,167.42,1,Regular,11.161333333333333,1,329.23879558380725
18038,556,1,149.41,0,At Risk,149.41,1,293.8213382402141
18039,374,4,579.17,0,At Risk,144.7925,1,1138.9632853797254
18040,19,2,357.20000000000005,1,Regular,178.60000000000002,0,702.4495148879224
18041,12,38,8752.38,1,Regular,230.32578947368418,0,17211.94032786885
18042,54,2,281.15,1,Regular,140.575,0,552.893844095015
18043,25,3,875.97,1,Regular,291.99,0,1722.6335429909668
18044,4,18,3505.61,1,Regular,194.75611111111112,0,6893.936293074607
18045,45,1,189.4,1,Regular,189.4,0,372.4634325861492
18046,650,1,189.63,0,At Risk,189.63,1,372.915737704918
18047,381,2,342.69,0,At Risk,171.345,1,673.9149615255939
18048,203,3,401.73,1,Regular,133.91,1,790.019718969555
18049,437,2,556.52,0,At Risk,278.26,1,1094.4210639009702
18050,359,2,412.06,0,At Risk,206.03,1,810.3341184342589
18051,634,7,2282.28,0,At Risk,326.04,1,4488.204028103045
18052,565,1,10877.18,0,At Risk,10877.18,1,21390.453007694883
18053,71,3,571.07,1,Regular,190.35666666666668,0,1123.0342790230848
18054,393,1,176.5,0,At Risk,176.5,1,347.0950150552024
18055,7,14,11195.57,1,Regular,799.6835714285714,0,22016.58095015055
18056,288,2,554.6,0,At Risk,277.3,1,1090.6452994312478
18057,393,3,1203.56,0,At Risk,401.18666666666667,1,2366.8536901973903
18058,10,3,774.06,1,Regular,258.02,0,1522.223044496487
18059,23,3,306.46,1,Regular,102.15333333333332,0,602.6670725995316
18060,408,2,1185.46,0,At Risk,592.73,1,2331.259243894279
18061,22,28,6488.97,1,Regular,231.7489285714286,0,12760.844984944797
18062,173,6,1632.67,1,Regular,272.1116666666667,1,3210.7173837403816
18063,391,2,186.6,0,At Risk,93.3,1,366.9571094011375
18064,133,11,4495.03,1,Regular,408.6390909090909,1,8839.674252258279
18065,6,29,5866.63,1,Regular,202.29758620689657,0,11536.98599531616
18066,75,3,1440.4,1,Regular,480.1333333333334,0,2832.6099698895955
18067,40,1,396.33,1,Regular,396.33,0,779.4003813984609
18068,289,1,101.7,0,At Risk,101.7,1,199.99752425560388
18069,26,11,4540.56,1,Regular,412.77818181818185,0,8929.21100033456
18070,669,1,314.1,0,At Risk,314.1,1,617.6914687186351
18071,258,6,1428.63,1,Regular,238.10500000000002,1,2809.4637470725997
18072,186,1,247.44,1,Regular,247.44,1,486.6016460354634
18073,114,12,3877.52,1,Regular,323.12666666666667,1,7625.313670123787
18074,374,2,1509.04,0,At Risk,754.52,1,2967.593549682168
18075,23,20,5783.29,1,Regular,289.1645,0,11373.094218802273
18076,380,1,151.49,0,At Risk,151.49,1,297.91174974907995
18077,8,18,4338.56,1,Regular,241.03111111111113,0,8531.969113415858
18078,217,4,844.6,1,Regular,211.15,1,1660.9430578788892
18079,45,5,4242.75,1,Regular,848.55,0,8343.554533288725
18080,19,2,1231.5,1,Regular,615.75,0,2421.798929407829
18081,36,3,343.45,1,Regular,114.48333333333333,0,675.4095349615255
18082,26,1,703.37,1,Regular,703.37,0,1383.208049514888
18083,398,1,470.73,0,At Risk,470.73,1,925.7112546002007
18084,16,3,812.9300000000001,1,Regular,270.9766666666667,0,1598.6626095684176
18085,330,4,1645.75,0,At Risk,411.4375,1,3236.439779190365
18086,274,1,101.34,0,At Risk,101.34,1,199.28956841753094
18087,98,17,14761.52,1,Regular,868.324705882353,1,29029.17850786216
18088,61,1,167.67000000000002,1,Regular,167.67000000000002,0,329.73043158246907
18089,447,1,428.45,0,At Risk,428.45,1,842.5657745065239
18090,422,1,349.4,0,At Risk,349.4,1,687.1104717296754
18091,593,1,360.85,0,At Risk,360.85,1,709.627400468384
18092,2,18,16179.44,1,Regular,898.8577777777778,0,31817.580568752088
18093,93,8,4452.71,1,Regular,556.58875,1,8756.450110404818
18094,82,13,6391.52,1,Regular,491.65538461538466,0,12569.205272666444
18095,313,5,2303.09,0,At Risk,460.61800000000005,1,4529.12780863165
18096,12,6,1805.28,1,Regular,300.88,0,3550.162542656407
18097,8,11,4663.32,1,Regular,423.9381818181818,0,9170.62394111743
18098,396,1,550.84,0,At Risk,550.84,1,1083.251094011375
18099,127,1,168.31,1,Regular,168.31,1,330.98901973904316
18100,550,1,451.56,0,At Risk,451.56,1,888.012606222817
18101,11,5,629.16,1,Regular,125.832,0,1237.270819672131
18102,1,145,608821.65,3,Key Accounts (Wholesale/Bulk),4198.77,0,1197274.5596186016
18103,549,1,105.8,0,At Risk,105.8,1,208.06035463365674
18104,37,1,754.64,1,Regular,754.64,0,1484.0327601204415
18105,38,1,113.48000000000002,1,Regular,113.48000000000002,0,223.16341251254605
18106,330,6,1461.46,0,At Risk,243.57666666666668,1,2874.0253864168617
18107,442,1,167.13,0,At Risk,167.13,1,328.6684978253596
18108,254,3,848.8100000000001,1,Regular,282.93666666666667,1,1669.2222080963531
18109,2,38,9893.96,1,Regular,260.3673684210526,0,19456.907621278016
18110,20,2,435.43,1,Regular,217.715,0,856.2922515891603
18111,589,1,405.85,0,At Risk,405.85,1,798.1218802275008
18112,12,4,775.96,1,Regular,193.99,0,1525.9594780863165
18113,369,1,152.64,0,At Risk,152.64,1,300.173275342924
18114,290,1,220.1,0,At Risk,220.1,1,432.8363332218133
18115,698,1,9.7,0,At Risk,9.7,1,19.075476748076277
18116,68,13,2154.3,1,Regular,165.71538461538464,0,4236.525727668117
18117,26,1,320.72,1,Regular,320.72,0,630.7099899631984
18118,11,29,6733.22,1,Regular,232.18,0,13241.173355637336
18119,368,1,362.24,0,At Risk,362.24,1,712.3608966209434
18120,214,1,111.15,1,Regular,111.15,1,218.5813650050184
18121,149,2,673.1,1,Regular,336.55,1,1323.680762796922
18122,8,6,1826.21,1,Regular,304.36833333333334,0,3591.322308464369
18123,24,3,684.59,1,Regular,228.1966666666667,0,1346.2763532954166
18124,472,1,111.53,0,At Risk,111.53,1,219.32865172298426
18125,30,4,1142.99,1,Regular,285.7475,0,2247.740120441619
18126,61,1,206.83,1,Regular,206.83,0,406.7402944128471
18127,19,4,561.53,1,Regular,140.3825,0,1104.2734493141518
18128,537,1,420.04,0,At Risk,420.04,1,826.0271395115424
18129,243,1,112.55,1,Regular,112.55,1,221.33452659752425
18130,15,3,1059.39,1,Regular,353.13000000000005,0,2083.337042489127
18131,632,1,222.96,0,At Risk,222.96,1,438.4606490465039
18132,504,1,226.9,0,At Risk,226.9,1,446.2088323854132
18133,212,1,931.5,1,Regular,931.5,1,1831.835731013717
18134,598,2,445.0,0,At Risk,222.5,1,875.1120776179324
18135,29,10,1249.62,1,Regular,124.96199999999999,0,2457.432706590833
18136,63,5,1631.36,1,Regular,326.272,0,3208.1412111073937
18137,551,2,145.99,0,At Risk,72.995,1,287.09575777852126
18138,295,1,152.65,0,At Risk,152.65,1,300.19294078287055
18139,18,6,8438.34,1,Regular,1406.39,0,16594.366851789895
18140,474,1,536.41,0,At Risk,536.41,1,1054.8738641686182
18141,402,2,882.47,0,At Risk,441.235,1,1735.4160789561727
18142,157,2,1019.52,1,Regular,509.76,1,2004.9309334225493
18143,117,2,1000.16,1,Regular,500.08,1,1966.8586416861826
18144,8,19,5058.0,1,Regular,266.2105263157895,0,9946.779524924725
18145,13,11,5617.79,1,Regular,510.7081818181818,0,11047.63118768819
18146,141,2,160.35,1,Regular,80.175,1,315.3353295416527
18147,46,2,179.34,1,Regular,89.67,0,352.68
18148,647,1,114.1,0,At Risk,114.1,1,224.38266978922715
18149,51,7,1624.71,1,Regular,232.10142857142858,0,3195.063693542991
18150,32,3,566.58,1,Regular,188.86,0,1114.2044964871195
18151,135,6,1879.44,1,Regular,313.24,1,3696.0014452994315
18152,646,1,426.69,0,At Risk,426.69,1,839.104657075945
18153,659,1,246.22,0,At Risk,246.22,1,484.202462361994
18154,3,5,932.6,1,Regular,186.52,0,1833.9989294078287
18155,75,3,371.62,1,Regular,123.87333333333333,0,730.8070792907326
18156,13,2,941.17,1,Regular,470.585,0,1850.8522114419536
18157,571,1,215.35,0,At Risk,215.35,1,423.4952492472399
18158,9,2,453.4,1,Regular,226.7,0,891.6310471729674
18159,301,1,530.15,0,At Risk,530.15,1,1042.5632987621277
18160,57,3,1003.88,1,Regular,334.62666666666667,0,1974.1741853462695
18161,15,6,1803.1,1,Regular,300.51666666666665,0,3545.875476748076
18162,732,1,379.16,0,At Risk,379.16,1,745.6348210103714
18163,584,1,728.84,0,At Risk,728.84,1,1433.295925058548
18164,37,1,399.65,1,Regular,399.65,0,785.9293074606892
18165,177,1,302.46,1,Regular,302.46,1,594.8008966209434
18166,624,1,175.5,0,At Risk,175.5,1,345.12847106055534
18167,23,3,1384.86,1,Regular,461.61999999999995,0,2723.3881164268983
18168,176,16,3770.27,1,Regular,235.641875,1,7414.401826697892
18169,61,1,202.65,1,Regular,202.65,0,398.52014051522247
18170,33,9,2878.0,1,Regular,319.77777777777777,0,5659.713616594178
18171,59,9,2437.31,1,Regular,270.8122222222222,0,4793.077343593175
18172,15,52,17479.84,1,Regular,336.15076923076924,0,34374.8743793911
18173,87,5,2696.36,1,Regular,539.272,0,5302.510565406491
18174,7,2,162.5,1,Regular,81.25,0,319.56339913014386
18175,676,1,176.10000000000002,0,At Risk,176.10000000000002,1,346.30839745734363
18176,358,1,476.35,0,At Risk,476.35,1,936.7632318501171
18177,31,9,2216.87,1,Regular,246.31888888888886,0,4359.572385413181
18178,129,11,6103.74,1,Regular,554.8854545454545,1,12003.273241886918
18179,9,8,2547.55,1,Regular,318.44375,0,5009.869153563065
18180,5,6,1843.75,1,Regular,307.2916666666667,0,3625.8154901304783
18181,24,5,1205.94,1,Regular,241.18800000000002,0,2371.53406490465
18182,463,1,291.13,0,At Risk,291.13,1,572.5199531615925
18183,227,2,632.07,1,Regular,316.035,1,1242.9934626965542
18184,15,1,49.8,1,Regular,49.8,0,97.93389093342255
18185,249,1,304.25,1,Regular,304.25,1,598.3210103713617
18186,723,1,329.58000000000004,0,At Risk,329.58000000000004,1,648.1335697557712
18187,632,1,724.89,0,At Risk,724.89,1,1425.5280762796922
18188,15,6,3280.59,1,Regular,546.765,0,6451.42456339913
18189,78,3,1403.73,1,Regular,467.91,0,2760.4968016058883
18190,192,5,745.62,1,Regular,149.124,1,1466.2945332887252
18191,262,2,529.4,0,At Risk,264.7,1,1041.0883907661425
18192,72,1,957.97,1,Regular,957.97,0,1883.8901505520241
18193,165,3,1207.35,1,Regular,402.45,1,2374.3068919371026
18194,82,6,4162.04,1,Regular,693.6733333333333,0,8184.834767480763
18195,387,1,101.16,0,At Risk,101.16,1,198.93559049849446
18196,95,4,1464.31,1,Regular,366.0775,1,2879.630036801606
18197,576,1,230.1,0,At Risk,230.1,1,452.5017731682837
18198,4,17,5425.56,1,Regular,319.15058823529415,0,10669.60243559719
18199,684,1,344.75,0,At Risk,344.75,1,677.9660421545667
18200,106,1,163.8,1,Regular,163.8,1,322.11990632318503
18201,723,1,447.53,0,At Risk,447.53,1,880.0874339243893
18202,200,3,1396.99,1,Regular,465.66333333333336,1,2747.2422950819673
18203,157,4,504.42,1,Regular,126.105,1,991.9641217798595
18204,71,3,1993.7,1,Regular,664.5666666666667,0,3920.698762127802
18205,36,2,517.36,1,Regular,258.68,0,1017.4112010705921
18206,553,1,314.66,0,At Risk,314.66,1,618.7927333556373
18207,499,1,544.47,0,At Risk,544.47,1,1070.7242087654733
18208,566,1,360.08,0,At Risk,360.08,1,708.1131615925058
18209,29,1,139.10000000000002,1,Regular,139.10000000000002,0,273.5462696554032
18210,2,7,2768.83,1,Regular,395.54714285714283,0,5445.026008698561
18211,26,5,600.07,1,Regular,120.01400000000001,0,1180.0640548678489
18212,326,2,546.72,0,At Risk,273.36,1,1075.1489327534293
18213,237,1,232.48,1,Regular,232.48,1,457.18214787554365
18214,531,4,1780.34,0,At Risk,445.085,1,3501.1169354299095
18215,89,5,2247.49,1,Regular,449.49799999999993,0,4419.7879625292735
18216,31,1,481.75,1,Regular,481.75,0,947.3825694212111
18217,29,4,945.04,1,Regular,236.26,0,1858.4627367012379
18218,211,4,1142.0,1,Regular,285.5,1,2245.7932418869186
18219,3,17,3562.89,1,Regular,209.58176470588234,0,7006.579933087989
18220,227,6,1921.76,1,Regular,320.29333333333335,1,3779.225587152894
18221,22,6,1424.94,1,Regular,237.49,0,2802.207199732352
18222,93,1,443.0,1,Regular,443.0,1,871.1789896286383
18223,5,26,14000.85,1,Regular,538.4942307692307,0,27533.287487453996
18224,264,1,158.95000000000002,0,At Risk,158.95000000000002,1,312.5821679491469
18225,3,26,13054.26,1,Regular,502.0869230769231,0,25671.776607561056
18226,44,26,11878.88,1,Regular,456.88,0,23360.34012713282
18227,218,2,388.75,1,Regular,194.375,1,764.4939779190364
18228,57,2,779.9,1,Regular,389.95,0,1533.7076614252258
18229,12,28,10803.71,1,Regular,385.84678571428566,0,21245.97102040816
18230,9,9,4291.06,1,Regular,476.7844444444445,0,8438.558273670124
18231,192,28,6880.97,1,Regular,245.7489285714286,1,13531.730230846437
18232,82,4,592.97,1,Regular,148.2425,0,1166.1015925058548
18233,326,1,440.0,0,At Risk,440.0,1,865.2793576446973
18234,552,1,179.6,0,At Risk,179.6,1,353.1913014386082
18235,72,3,1796.48,1,Regular,598.8266666666667,0,3532.856955503513
18236,30,12,1795.35,1,Regular,149.61249999999998,0,3530.6347607895614
18237,3,5,987.1,1,Regular,197.42000000000002,0,1941.1755771160927
18238,515,1,270.92,0,At Risk,270.92,1,532.7760990297759
18239,219,6,2150.36,1,Regular,358.3933333333334,1,4228.777544329208
18240,46,1,422.58,1,Regular,422.58,0,831.0221612579458
18241,10,21,2986.99,1,Regular,142.23761904761903,0,5874.047246570759
18242,72,8,3605.21,1,Regular,450.65125,0,7089.804074941452
18243,414,1,515.78,0,At Risk,515.78,1,1014.3040615590497
18244,431,2,568.64,0,At Risk,284.32,1,1118.2555771160924
18245,7,20,6324.9800000000005,1,Regular,316.249,0,12438.35143526263
18246,24,3,758.8199999999999,1,Regular,252.93999999999997,0,1492.2529140180661
18247,415,3,839.73,0,At Risk,279.91,1,1651.3659886249582
18248,123,2,804.02,1,Regular,402.01,1,1581.1407025761123
18249,17,1,95.34,1,Regular,95.34,0,187.4903044496487
18250,310,1,349.27,0,At Risk,349.27,1,686.8548210103713
18251,87,9,26278.86,1,Regular,2919.8733333333334,0,51678.53431917029
18252,51,7,1542.09,1,Regular,220.29857142857142,0,3032.5878287052524
18253,643,1,317.88,0,At Risk,317.88,1,625.1250050184008
18254,581,1,267.9,0,At Risk,267.9,1,526.8371361659417
18255,89,2,303.15,1,Regular,151.575,0,596.1578119772498
18256,388,1,110.7,0,At Risk,110.7,1,217.69642020742722
18257,39,12,4600.15,1,Regular,383.3458333333333,0,9046.397356975576
18258,464,6,2059.67,0,At Risk,343.27833333333336,1,4050.4316694546674
18259,25,7,4318.2,1,Regular,616.8857142857142,0,8491.930277684844
18260,173,23,9962.11,1,Regular,433.13521739130437,1,19590.927594513218
18261,43,2,324.24,1,Regular,162.12,0,637.632224824356
18262,140,3,577.54,1,Regular,192.51333333333332,1,1135.757818668451
18263,26,3,1213.16,1,Regular,404.3866666666667,0,2385.732512546002
18264,499,1,603.25,0,At Risk,603.25,1,1186.3176647708262
18265,72,2,801.51,1,Regular,400.755,0,1576.2046771495484
18266,434,1,251.1,0,At Risk,251.1,1,493.7991970558715
18267,673,1,269.37,0,At Risk,269.37,1,529.727955838073
18268,134,6,1490.23,1,Regular,248.37166666666667,1,2930.602857142857
18269,366,1,337.20000000000005,0,At Risk,337.20000000000005,1,663.1186349949817
18270,38,3,444.55,1,Regular,148.18333333333334,0,874.2271328203412
18271,610,2,680.85,0,At Risk,340.425,1,1338.9214787554365
18272,3,9,4385.9800000000005,1,Regular,487.33111111111117,0,8625.222629642021
18273,2,4,357.0,1,Regular,89.25,0,702.056206088993
18274,30,1,175.92,1,Regular,175.92,0,345.9544195383071
18275,578,2,741.85,0,At Risk,370.925,1,1458.880662428906
18276,44,6,1656.52,1,Regular,276.08666666666664,0,3257.619458012713
18277,58,5,1180.05,1,Regular,236.01,0,2320.6202408832382
18278,74,2,414.2000000000001,1,Regular,207.10000000000005,0,814.5425225828038
18279,519,1,231.34,0,At Risk,231.34,1,454.94028772164603
18280,278,2,488.15,0,At Risk,244.075,1,959.9684509869521
18281,181,2,201.14,1,Regular,100.57,1,395.55065908330545
18282,8,2,178.05,1,Regular,89.025,0,350.14315824690533
18283,4,22,2736.65,1,Regular,124.39318181818182,0,5381.74262295082
18284,432,1,461.68,0,At Risk,461.68,1,907.914031448645
18285,661,1,427.0,0,At Risk,427.0,1,839.7142857142857
18286,477,2,1296.43,0,At Risk,648.215,1,2549.486630980261
18287,43,7,4182.99,1,Regular,597.5699999999999,0,8226.033864168618
