Description,6 RIBBONS RUSTIC CHARM,60 CAKE CASES VINTAGE CHRISTMAS,60 TEATIME FAIRY CAKE CASES,72 SWEETHEART FAIRY CAKE CASES,AGED GLASS SILVER T-LIGHT HOLDER,ANTIQUE SILVER TEA GLASS ETCHED,ASSORTED COLOUR BIRD ORNAMENT,ASSORTED COLOURS SILK FAN,"ASSORTED FLOWER COLOUR ""LEIS""",ASSTD DESIGN BUBBLE GUM RING,BAG 250g SWIRLY MARBLES,BLACK AND WHITE PAISLEY FLOWER MUG,BLACK RECORD COVER FRAME,BOX OF 24 COCKTAIL PARASOLS,BOYS ALPHABET IRON ON PATCHES,BROCADE RING PURSE ,COLOUR GLASS T-LIGHT HOLDER HANGING,COOK WITH WINE METAL SIGN ,CREAM HEART CARD HOLDER,DISCO BALL CHRISTMAS DECORATION,DOLLY GIRL LUNCH BOX,FANCY FONTS BIRTHDAY WRAP,GIN + TONIC DIET METAL SIGN,GIRLS ALPHABET IRON ON PATCHES ,GRAND CHOCOLATECANDLE,GROW A FLYTRAP OR SUNFLOWER IN TIN,HAND OVER THE CHOCOLATE   SIGN ,HANGING HEART JAR T-LIGHT HOLDER,HANGING HEART ZINC T-LIGHT HOLDER,HANGING JAM JAR T-LIGHT HOLDER,HEART FILIGREE DOVE  SMALL,HEART OF WICKER LARGE,HEART OF WICKER SMALL,JAM MAKING SET PRINTED,JUMBO  BAG BAROQUE BLACK WHITE,JUMBO BAG OWLS,JUMBO BAG PINK POLKADOT,JUMBO BAG PINK VINTAGE PAISLEY,JUMBO BAG RED RETROSPOT,JUMBO BAG SPACEBOY DESIGN,JUMBO BAG STRAWBERRY,JUMBO SHOPPER VINTAGE RED PAISLEY,JUMBO STORAGE BAG SUKI,LUNCH BAG  BLACK SKULL.,LUNCH BAG CARS BLUE,LUNCH BAG RED RETROSPOT,LUNCH BAG RED SPOTTY,LUNCH BAG SPACEBOY DESIGN ,LUNCH BAG WOODLAND,LUNCH BOX I LOVE LONDON,MEDIUM CERAMIC TOP STORAGE JAR,MINI PAINT SET VINTAGE ,MULTI COLOUR SILVER T-LIGHT HOLDER,PACK OF 12 HEARTS DESIGN TISSUES ,PACK OF 12 LONDON TISSUES ,PACK OF 12 PINK PAISLEY TISSUES ,PACK OF 12 RED SPOTTY TISSUES ,PACK OF 12 SUKI TISSUES ,PACK OF 12 TRADITIONAL CRAYONS,PACK OF 12 WOODLAND TISSUES ,PACK OF 6 BIRDY GIFT TAGS,PACK OF 60 DINOSAUR CAKE CASES,PACK OF 60 PINK PAISLEY CAKE CASES,PACK OF 60 SPACEBOY CAKE CASES,PACK OF 72 RETRO SPOT CAKE CASES,PACK OF 72 RETROSPOT CAKE CASES,PACK OF 72 SKULL CAKE CASES,PAPER CHAIN KIT 50'S CHRISTMAS ,PAPER CHAIN KIT VINTAGE CHRISTMAS,"PAPER CRAFT , LITTLE BIRDIE",PARTY BUNTING,PINK BLUE FELT CRAFT TRINKET BOX,PINK CREAM FELT CRAFT TRINKET BOX ,PLACE SETTING WHITE HEART,PLEASE ONE PERSON METAL SIGN,POPCORN HOLDER,RABBIT NIGHT LIGHT,RED  HARMONICA IN BOX ,RED HANGING HEART T-LIGHT HOLDER,RED TOADSTOOL LED NIGHT LIGHT,REGENCY CAKESTAND 3 TIER,ROTATING SILVER ANGELS T-LIGHT HLDR,SET/6 FRUIT SALAD PAPER CUPS,SET/6 RED SPOTTY PAPER CUPS,SET/6 RED SPOTTY PAPER PLATES,SINGLE HEART ZINC T-LIGHT HOLDER,SMALL CHINESE STYLE SCISSOR,SMALL POPCORN HOLDER,SPACEBOY BIRTHDAY CARD,SPACEBOY LUNCH BOX ,STRAWBERRY CERAMIC TRINKET BOX,SWEETHEART CERAMIC TRINKET BOX,VICTORIAN GLASS HANGING T-LIGHT,VINTAGE HEADS AND TAILS CARD GAME ,VINTAGE SNAP CARDS,WHITE HANGING HEART T-LIGHT HOLDER,WOODLAND CHARLOTTE BAG,WORLD WAR 2 GLIDERS ASSTD DESIGNS,WRAP PINK FAIRY CAKES ,ZINC METAL HEART DECORATION
6 RIBBONS RUSTIC CHARM,0.9999999999999999,0.24982086670466,0.17852150916970003,0.1397748355412441,0.023111297743409833,0.05495073873448394,0.1561447482824889,0.14567563445755832,0.05543411907651515,0.028521887243645096,0.01682526886115492,1.4155906834156247e-05,0.004792939654942414,0.13886702850446095,0.012723937782750556,0.001899442867458811,0.27182957994212525,0.18395410565207626,0.009307243938373755,0.25660189981418124,0.5773576071771902,0.20849260675971168,0.039652306308957365,0.010150284064805646,0.02735716043040833,0.008369473386357452,0.0691129688368549,0.21767260621824444,0.5494648147031862,0.091074327102653,0.5498185521742992,0.04776614486573008,0.0646705519348072,0.3407325985586061,0.057344845973707544,0.11218247725794078,0.16510289422264227,0.31738780913288767,0.2978618704898189,0.31907631738668796,0.15077449571895138,0.3569733941095278,0.20361625227219166,0.26834737691697785,0.28342079376314355,0.4690885766624119,0.37292244826312854,0.5841090101270727,0.4168627863462819,0.17635462677245978,0.0029532122376363986,0.2632071888143702,0.02733423691690527,0.048957230526564664,0.022286722293409066,0.029082716443488605,0.0062686095607514996,0.03403182888683355,0.4292231145718193,0.01423598145005962,0.37801440991255153,0.16777913833595307,0.20757639247462886,0.4308810988461881,0.28869342072927984,0.45121196557623533,0.11520308914464476,0.19565462295729402,0.2630521308995136,0.0,0.238578774282598,0.12050207404681061,0.19081404068845711,0.1523447710245186,0.07830276738099849,0.042306925380058445,0.4667199285127301,0.0324616648666472,0.04458882428634919,0.5048638614564703,0.27865365143397985,0.0072448176549108605,0.022691674469128988,0.2174104388260225,0.21981801069469842,0.5170909388102513,0.0003449419974926705,0.07115444329366799,0.6518182152118683,0.6082206030634268,0.0984403286352309,0.04248814179907936,0.08722946415029065,0.06964518767242567,0.08361545275272186,0.33422014415475265,0.5718025147518411,0.032741119369067546,0.15971462274954148,0.5369579880959363
60 CAKE CASES VINTAGE CHRISTMAS,0.24982086670466,1.0000000000000002,0.26297416252149325,0.22542169531883693,0.0062412389703985814,0.20153925180818633,0.12458770488105549,0.07290635679821698,0.03532335754791883,0.06639807060897114,0.062464356221623246,0.0032093607441387585,0.006339582280973294,0.23968038742211636,0.029425592542438393,0.0007200071745937505,0.0982129130622459,0.08873083765700833,0.00822071598502521,0.07693997756523599,0.20818635109694192,0.13785529376653197,0.05069391797585334,0.01903671378129766,0.03247271241315796,0.020200922317945194,0.06799213806372006,0.18922345377007257,0.21912018853330298,0.2380948175757956,0.17060365464016272,0.013004361289022385,0.037275147409874296,0.3178943483001778,0.0512791336599228,0.05139091210267017,0.060035785446444744,0.09628149820459563,0.09973898578120306,0.09834937337157687,0.057613904646691416,0.15211974600187664,0.08202548496724393,0.10351337925268257,0.11819279279548288,0.17137359642353753,0.23056043835282597,0.21247480755830522,0.1310805234290851,0.14703669178562928,0.0016749213071619194,0.31773976589956915,0.039234970190699416,0.046335716838460904,0.009652917017573717,0.014757028281370982,0.026087908465529358,0.011247013858107908,0.3419570036145181,0.011233178273324094,0.2696219648547125,0.16838370728657462,0.19658702702509379,0.39084297866678247,0.3312546008406144,0.31784823199613327,0.18260121137455118,0.32501262560078603,0.6140491670365293,0.0,0.14615769163734446,0.14331722841444733,0.06345029100716135,0.09462664843750947,0.14614987764676451,0.3275142059873837,0.15242535536769558,0.09950917532052814,0.09827063237277817,0.17247191777427914,0.4593504237318391,0.05893672812199861,0.014623506433250928,0.07943516403107355,0.07729729912789127,0.15497863171690324,0.0007511417156886522,0.28600261287277334,0.1824756289488843,0.2177454903106112,0.07159655304821443,0.054200758334607906,0.0400482040746581,0.10370812245871029,0.21757811507539485,0.16419366036318203,0.21789347083562993,0.07515778277219609,0.22457209274175483,0.16044696519855126
60 TEATIME FAIRY CAKE CASES,0.17852150916970003,0.26297416252149325,1.0,0.9312857048090333,0.013179666724723153,0.0185602594051701,0.03961464614051658,0.04587803671516219,0.12070254754385641,0.051486702974564244,0.014730710305821135,2.6049338412316344e-06,0.0013398873796151712,0.14447167293323215,0.00909652659634547,0.01789729735808333,0.17084998154235664,0.30595513496877275,0.006972573560476898,0.03862968006026214,0.20938442789611983,0.015153167942401203,0.028327735185153063,0.006137029988784101,0.017489385033904903,0.008534777952568616,0.07325028101810034,0.29431838870321403,0.175713618934881,0.22936205170975063,0.17094718402448456,0.009661239794511594,0.0201649536882777,0.3395849339497257,0.07498335399805338,0.06520523645959496,0.06786718062306385,0.13110562233466969,0.11143929484355534,0.10214650561205174,0.08360169210323808,0.19910749028843458,0.1275488806952699,0.15103459393539892,0.2634569022804016,0.27365247891667477,0.36384106320409354,0.20160253380220633,0.19377046760898886,0.022352501058853242,0.0027317765184624934,0.24026637974360499,0.030851328772133955,0.04816567149128423,0.006742710369388021,0.026295925966747322,0.019492564094249827,0.008146400939635161,0.40979084408001265,0.007884444654581756,0.10237364489852525,0.942792021709888,0.6897742224227321,0.4936775168444883,0.8148076090802902,0.762421255791694,0.7902789087402728,0.05830433160689748,0.09838324404423712,0.0,0.1906445285748208,0.07899344479914092,0.07303543561006647,0.11851128990487438,0.3084304621363633,0.0388340132370182,0.13960391286452492,0.03844738961669225,0.07026771345376173,0.1543066091221144,0.13959407477254326,0.004434787174483935,0.005511635421289172,0.08447877744755546,0.08921162920037927,0.16554530275624976,0.0003403806563983829,0.07551743816050355,0.1742771383767446,0.19394758888698574,0.12868840614124866,0.13928143483241562,0.01585395286236068,0.08525814838982351,0.18630525394934838,0.13750359014171848,0.1773714897337521,0.04424971882298352,0.02098073680931024,0.1661438174101736
72 SWEETHEART FAIRY CAKE CASES,0.1397748355412441,0.22542169531883693,0.9312857048090333,1.0000000000000002,0.013972720697684071,0.014311679982582391,0.030167973451074186,0.02829894224101772,0.10514010087574846,0.04588349597408391,0.013450900892728395,1.3403250991807255e-06,0.0013669937102314881,0.12096455162937476,0.0061003414089969505,0.01843781960339901,0.14146015159882028,0.25343363029836086,0.006298844422146985,0.005863590249580926,0.20026172700097972,0.0091537957647147,0.014508808079081913,0.005765760444566437,0.011733828756272961,0.00493711231048171,0.04650018742757538,0.25249178627837227,0.15002158453660383,0.19535038526270218,0.1594441097240996,0.008132707440129134,0.017091165533936286,0.2406533580940616,0.06292660755851352,0.06268705282700916,0.05493037511802841,0.11296325360265472,0.08467294444510558,0.08934146995767724,0.0641653741908191,0.16093093329337815,0.07132833242617825,0.09693157029459841,0.22218708562000702,0.22412412769128268,0.33869468108511047,0.18063869722317755,0.17892950769433086,0.01754234810774554,0.0022680030719327265,0.16353239766313893,0.022497344197730716,0.047175423485330735,0.005693311374228286,0.020828298331155997,0.02213666274195797,0.0063598758875921015,0.3259794079878769,0.005375041605163966,0.07168062872721251,0.9548888971358838,0.6712320715790442,0.33420670052025825,0.8142210321711923,0.7856625728825866,0.863814507933605,0.04462482170561584,0.08784541499576984,0.0,0.1611035783392628,0.03475452215426574,0.05291593995779802,0.09970264424084152,0.26567101961786543,0.027292807578744038,0.13244266714070072,0.03357322979699568,0.05382226485266498,0.15043980253739064,0.10780426929411337,0.0037216494785741704,0.005825008152032803,0.06479668147832825,0.0712888709751888,0.15616239355268902,0.0004223235219284055,0.05717142418626902,0.1618682476163454,0.18505777348959188,0.08093641259206073,0.07307303634099688,0.01610977907837358,0.060857874755028,0.1434570272453527,0.1089103225458391,0.1695093457237639,0.019447748408885274,0.012487602414011586,0.15796278217562398
AGED GLASS SILVER T-LIGHT HOLDER,0.023111297743409833,0.0062412389703985814,0.013179666724723153,0.013972720697684071,0.9999999999999999,0.13348228660545164,0.017826863695797005,0.006399157033842636,0.009462916996694415,0.021630864381879708,0.0015325242685267772,1.2294243072293363e-05,0.004241208303641718,0.014469846960782306,0.007421974264093259,0.13775905875501634,0.07353336387972392,0.013223136950003454,0.005340801666407828,0.039342694212874,0.005973629900910039,0.009864301699662674,0.021385728582545595,0.009765303217767803,0.00910588655083989,0.004912545553573673,0.013446635703715652,0.057508922720817215,0.07134383115491787,0.0138784717694511,0.033166793906026594,0.00711971945831728,0.017562865976408566,0.00868558011787406,0.004965655322007912,0.002282590053795188,0.006680158661393209,0.006683644659604283,0.018122462541046828,0.0045726636309284,0.020409537131129835,0.011485515018575754,0.014183487845426272,0.01371342613986741,0.008156950697254767,0.012052600221523938,0.013488015327913574,0.013947533818079973,0.007653956527239602,0.001564271294836418,7.780993175622063e-05,0.030691611664381467,0.02298276529102188,0.007676147377463602,0.0073041089067148405,0.0015979030777513383,0.0010722429119499927,0.0010818450555385739,0.012232300441708376,0.001342215728921175,0.020471488252416147,0.00376101401138889,0.006517771522820455,0.008466894070900226,0.03330099067010641,0.0311987739750734,0.0626590269450911,0.008219681333542133,0.005253690951907016,0.0,0.07799808240522642,0.004031364383052439,0.021142708926948944,0.0840680507612166,0.05417031241815582,0.0019519956246302978,0.0029358770934473596,0.002106291210371705,0.018894759366012218,0.003556015506220229,0.015569756612469064,0.0017708536781822725,0.0006376931897096626,0.16042463232383627,0.16907963707156856,0.06691305258655847,1.7923943476815884e-05,0.0028396965944839513,0.008254850271242868,0.005569066961876432,0.020576806156742202,0.005830165988412843,0.10436558393820135,0.005600187501099502,0.015827750037143956,0.0290153615473397,0.005851553571521942,0.004980557287398901,0.004849394677447421,0.02354980061438501
ANTIQUE SILVER TEA GLASS ETCHED,0.05495073873448394,0.20153925180818633,0.0185602594051701,0.014311679982582391,0.13348228660545164,1.0,0.29757374332131253,0.012584133236617027,0.0031952003120193305,0.015768158093388423,0.00493774390094843,0.01378156803929642,0.06465696862131952,0.4235972875734029,0.004910924861324981,0.0006152225176527166,0.05427353673731021,0.019775800032455024,0.005147555170665996,0.006427221048288963,0.14244537369272547,0.016962551294109403,0.021421943451490247,0.005456685354809185,0.01417548024321306,0.003259847279061019,0.02514903778201305,0.19104113415847124,0.10468934257605128,0.7035075649160312,0.03789459627647782,0.012533939956398288,0.031517480716169194,0.035964485493143544,0.03491943290640831,0.014231030215227302,0.030016946283778365,0.029405207445939396,0.031123627001625218,0.011855910137020531,0.01711691816237945,0.06735420822044197,0.05932881734236857,0.04845082222833997,0.02753286688227695,0.058234398486235114,0.03824197434245105,0.0352133266926964,0.03228598011314708,0.4969839583177876,0.0003972066271951161,0.1169381855320901,0.11722823696569974,0.005279762365238624,0.004241775477505391,0.0023210853517369985,0.0014368758014305203,0.0014643237494847544,0.01925103683541367,0.0020363020996000485,0.480006923400034,0.009834704031717321,0.014443438361722395,0.020260244426882325,0.16604554772273702,0.11385496039381723,0.01528593849098485,0.2094482477088119,0.05568522424597161,0.0,0.10574259326342147,0.004917846427307104,0.016744309544985125,0.03295503365121836,0.030433167734178014,0.006234672737426246,0.015875178808423502,0.0036776420058083677,0.02546518689382874,0.01308738298425068,0.61487669542238,0.23368448475524412,5.322435029991376e-05,0.009220875346583838,0.00723180474101331,0.0442628428355864,6.845514087627424e-05,0.006257396157005821,0.023072210645074632,0.18836164636032365,0.02475953475037217,0.03214972317084917,0.1747771915621159,0.01902464133977688,0.024772650066568747,0.04216015163812765,0.25057684004378017,0.011401400034870241,0.5965035954836394,0.047827595187743516
ASSORTED COLOUR BIRD ORNAMENT,0.1561447482824889,0.12458770488105549,0.03961464614051658,0.030167973451074186,0.017826863695797005,0.29757374332131253,0.9999999999999994,0.01905246607243806,0.00814102241843176,0.006849682058183271,0.008047185326773273,0.004600743431429295,0.0017669362895158258,0.19031422972391088,0.0021041654830008657,0.000893828660415724,0.07741762679038212,0.03228178814289258,0.006189153586148789,0.0839956280750671,0.12928784444905655,0.030359352525542144,0.02722340925061636,0.0021262607024856,0.012758313229219933,0.0022842793507310746,0.03432568584222382,0.07619269413770405,0.12344055509954377,0.2491355187605225,0.0967835133404248,0.015234628977444372,0.026574337083335207,0.05666919124548189,0.017652373699136033,0.01696472793357674,0.040737424802922625,0.06112207151701086,0.06406262503272141,0.06293724777256261,0.0376877337940912,0.10535272005221252,0.06158352389089871,0.07063504598856324,0.056616825410418105,0.10876468890945412,0.08645206813600079,0.12103225506697302,0.07232740685055916,0.20216946073858316,0.00030549398455861833,0.07660078037416568,0.01721269634396138,0.01016585409572561,0.010908017519963481,0.0037363309308203006,0.004192561356057916,0.004220755596061304,0.06785446596327566,0.0042821185518090756,0.27027087238515646,0.03200597147885978,0.03861425057976468,0.06755967507384389,0.10249143782367437,0.10554874197021216,0.020683477647971866,0.12279132026350753,0.10136517453296666,0.0,0.08833165582852782,0.016108248892624355,0.8102655018287978,0.04152449538981489,0.04120370269296751,0.31970501872575574,0.17497373118397608,0.13855324881041306,0.028761401299567124,0.4316429545673549,0.27035441926254256,0.07670582971144942,0.006548813144933705,0.04367196203466953,0.04291937290461522,0.0846526215369082,6.368253713622725e-05,0.4287598966987833,0.1138572521585537,0.1484929565917052,0.025211525737995902,0.013479337397152286,0.05811830340237857,0.7091509466824313,0.016455938685984,0.09015116160416882,0.15450435838583476,0.017261888147099388,0.21840927397164722,0.1151062876943896
ASSORTED COLOURS SILK FAN,0.14567563445755832,0.07290635679821698,0.04587803671516219,0.02829894224101772,0.006399157033842636,0.012584133236617027,0.01905246607243806,1.0000000000000002,0.04158266690525141,0.06975813738645349,0.006617258805127177,3.92220784206325e-06,0.004991803077625489,0.0955206065472719,0.03167877213076624,0.04439768219329871,0.024218612766093574,0.29453301163052353,0.0028963987723161027,0.00973849808546496,0.021039046927569003,0.46832382038963144,0.00915597619556943,0.004813652403452627,0.01349096148513386,0.004115590500355489,0.00932342951821355,0.04214504515415364,0.024510085847885294,0.029340896453846604,0.010033977465367584,0.03752949190974433,0.009777252856891842,0.07282290810224254,0.03652266820281334,0.03336324502446338,0.023131803229747058,0.15804325383954332,0.06205869189348414,0.023365832262875034,0.022334577089626065,0.05095705186499964,0.0800807354420048,0.021964496800380613,0.020212941775065812,0.03226895672312695,0.036687867745797464,0.04591787238611351,0.025345943205300595,0.41627685310997253,0.0036443653497297748,0.24519160759358696,0.010327219080915665,0.004040872485951886,0.23028039330303082,0.052363286495853555,0.001315713730639712,0.08813353266436005,0.08144562817190801,0.004436988766591165,0.023696156650093645,0.007826234149502034,0.3182443101454388,0.0891313651299327,0.2458623979889421,0.1722631555643322,0.029905700652350882,0.018923637324603754,0.013594764966405784,0.0,0.05297959859133685,0.004725954546565875,0.019377533498126064,0.00897465230722404,0.017640947862768427,0.004362070103503115,0.023092802895613183,0.03484477714145239,0.02580161423773806,0.012441903544738134,0.10857732651680264,0.0050542877720120985,0.0039186494942826415,0.018344994116608802,0.014251311574494545,0.00890307532779443,0.0019049194464945043,0.006824947270617684,0.2035625003867139,0.10363538281718943,0.04198696479969894,0.023533813716369072,0.05139542533418308,0.18086672284649688,0.18930011486609039,0.02377245956738034,0.030238918508201425,0.07787732505301259,0.35362524555537916,0.016699622602174696
"ASSORTED FLOWER COLOUR ""LEIS""",0.05543411907651515,0.03532335754791883,0.12070254754385641,0.10514010087574846,0.009462916996694415,0.0031952003120193305,0.00814102241843176,0.04158266690525141,1.0,0.027122079988975333,0.002321532949763326,4.0076516108243105e-07,0.015470265093392893,0.26001553306724107,0.0007321532795247552,0.007033961729543391,0.07308632616426977,0.1332815353467527,0.0025422329206071376,0.020950668912580028,0.08646520205026122,0.016066801178091252,0.0065281945171207015,0.00047749096395051057,0.013169584073152297,0.0034873083112268166,0.026072418551147832,0.1150437303794161,0.06858452958859894,0.12579512748639404,0.08130915071358093,0.00822986521878033,0.011303503598951862,0.10115578464626648,0.08025872260609887,0.039739296331551106,0.05549236714531372,0.07964388809916156,0.07358480436777828,0.07238330552596241,0.06918407982492802,0.13846067811783055,0.2058655223768261,0.05849424652268509,0.13824624472723007,0.12757433212577218,0.18370668003063376,0.10209344036203419,0.08792866046026837,0.008334791950835824,0.0010789157870909993,0.07180869788173523,0.011608654246481205,0.025323044211194436,0.0029788766421349534,0.01121759690199782,0.007813840584469612,0.003834975106038348,0.14395011235954477,0.004951480376395071,0.05889850958224389,0.09567196243333997,0.07753707479459772,0.11780687598159961,0.13405795513152688,0.07203532606688061,0.024270511996634807,0.05908923573641543,0.039629902766149354,0.0,0.22873450892733427,0.014519989588782074,0.019927457874403202,0.06239996290069476,0.13587254488898673,0.027093838888619243,0.05685008686911139,0.0095093292074976,0.0521193070413702,0.060667840685411145,0.0715325255451054,0.00261762729960109,0.010655378597969596,0.07154978405229599,0.1251508674137659,0.07172322068277547,3.3404176937612694e-05,0.05905864520495602,0.07445762441158688,0.0792842307881216,0.08391384697429052,0.09905705886588569,0.005736111699343225,0.02527768349551549,0.06731562633584154,0.07639479233295227,0.09707140470622751,0.019874738622499468,0.01648589066721801,0.06725940403221332
ASSTD DESIGN BUBBLE GUM RING,0.028521887243645096,0.06639807060897114,0.051486702974564244,0.04588349597408391,0.021630864381879708,0.015768158093388423,0.006849682058183271,0.06975813738645349,0.027122079988975333,1.0000000000000002,0.006020773501935196,2.3389831864213678e-05,0.0024131362320975796,0.053125749285058206,0.004273061575677814,0.002941646992519232,0.052742933450694765,0.025490278345293223,0.006568338932307845,0.015301627546474537,0.0067949115835314565,0.017184007497984183,0.01153762764242147,0.0023223145888643802,0.01312974921294598,0.006635187968647317,0.01821571854937904,0.09567008790117813,0.04213359702203468,0.05817663152475484,0.016840426269504,0.005800299248096314,0.012442509356016304,0.025331689441612085,0.09447718121013901,0.046714471514983875,0.051740455556044736,0.06172038190793113,0.05234674857992876,0.04323227950675489,0.05659283896219899,0.1210087330553084,0.10048613265798219,0.047312147986551235,0.03847834907711058,0.04325510552958215,0.05584228842294987,0.04780733698768372,0.019919971556715085,0.008059678177843616,0.0003138189984699447,0.025936387864041625,0.017577679518251964,0.010999646320271108,0.012651319264797187,0.003397131567902388,0.002139164932842347,0.008274136745879655,0.050373227852405944,0.01545335161795352,0.03589731877126965,0.02256544812906696,0.025227772611306862,0.02882243666705492,0.04374406684572724,0.04001895324436627,0.0410698057977899,0.045794217444867606,0.04048749156780565,0.0,0.11666523498524178,0.0070029176225994754,0.02565350214608504,0.01789727902228971,0.03982987301061577,0.010731423355993348,0.0031157639815443863,0.005315040248341006,0.05151721242297791,0.006575835982777025,0.02929743261832137,0.00238783356714689,0.008510171328252051,0.007006803917173901,0.006873475218607218,0.007136331130023241,0.0002952790755721838,0.0108955817144645,0.026579761413322002,0.00755407321118991,0.0712040809014078,0.0611897491289881,0.02921115632892048,0.017233599868653214,0.04290204924444912,0.03865928251647264,0.012239122447388772,0.017264377545258086,0.016915188074294225,0.01418926172207971
BAG 250g SWIRLY MARBLES,0.01682526886115492,0.062464356221623246,0.014730710305821135,0.013450900892728395,0.0015325242685267772,0.00493774390094843,0.008047185326773273,0.006617258805127177,0.002321532949763326,0.006020773501935196,0.9999999999999997,1.0029910950479564e-06,0.0019509458742146357,0.012974109370306753,0.001349833329552317,0.00036316162712928695,0.0062610025416970005,0.00940435951736807,0.0005265149802580897,0.012875996033787451,0.002143261780773663,0.0028863405055385015,0.0031926669077707056,0.0007900357245271403,0.003209407571821813,0.037427573678018966,0.005079111152429331,0.011781067700332624,0.008690834449122928,0.00991256204974399,0.00189344026006686,0.000954475683913565,0.0019344008203914034,0.0264533613035196,0.0018856726536716248,0.001460101465626359,0.0033380713088996183,0.004180801232366633,0.00466280699472171,0.0034029545450584273,0.003574466381844409,0.013093215202262549,0.0064743163234084284,0.0047277596216749925,0.007229234912107108,0.009021992121837245,0.02285942022168585,0.006746381642770568,0.0036487567159034615,0.0013290174941392914,0.00010040999897068782,0.027395065551260554,0.0025647543589485435,0.0020891824425882423,0.00036360540921463345,0.0014028535416534035,0.003364094120733133,0.0005586702975814147,0.030051561463091587,0.0006388620617705057,0.010301931967924755,0.007382369313217445,0.01363603239734673,0.016274392931013296,0.024747908645633074,0.015242056802572965,0.004131600346946609,0.4917737697038592,0.06676321265194479,0.0,0.009232062945210468,0.001262040690511988,0.0021424991225540645,0.004348648126742786,0.01954079175819725,0.0031663630636801997,0.0015976167653691702,0.7085593821550789,0.004611019232671798,0.0010780745004878313,0.008745845409318042,0.000511932133775318,0.0019978903099016725,0.38480712679254186,0.3238487837240034,0.0019269755585985798,4.136404411838e-05,0.004503575716378789,0.004106052173032019,0.0021486942754207097,0.005819305497714185,0.005111462403480184,0.006474007618493985,0.015124820509602734,0.23054448423699364,0.007583402922926002,0.002166549743550678,0.7863409044486936,0.0026448794330102983,0.002029900292571248
BLACK AND WHITE PAISLEY FLOWER MUG,1.4155906834156247e-05,0.0032093607441387585,2.6049338412316344e-06,1.3403250991807255e-06,1.2294243072293363e-05,0.01378156803929642,0.004600743431429295,3.92220784206325e-06,4.0076516108243105e-07,2.3389831864213678e-05,1.0029910950479564e-06,1.0000000000000002,9.124244444154313e-08,0.007353220644588679,0.0,1.7935947231234357e-06,5.9658499553913595e-06,3.56495360672034e-06,2.522127596625083e-07,4.624328365496182e-06,0.0025323231290014466,1.0452907921856525e-05,5.014416735151465e-06,0.0,5.7729635020362195e-06,4.945297687039259e-06,6.722245691157885e-06,6.190173594488172e-06,2.785261641588661e-06,0.012035098449888232,4.472319609957805e-06,1.677368056647381e-06,3.664838774016791e-06,1.6013969762612104e-06,7.210915992846851e-06,4.2083892946310746e-07,6.693160167033379e-06,1.2416201709909148e-06,2.877087902611229e-06,5.487794352990231e-06,3.257389531838666e-06,3.33585287940464e-06,5.991830955135248e-06,4.29958196023135e-06,1.797962075248682e-06,2.209218537693303e-06,8.348538956855582e-07,8.550806277820816e-06,4.2902994237263455e-06,0.009406721334082341,1.5739663513413017e-07,0.002044713241848799,2.5177263446472106e-06,3.7825176729832015e-06,9.000997992833525e-07,6.145106610803241e-07,1.2214870085900844e-06,9.035477210073853e-07,8.445261312697173e-06,0.0,0.008146917899454428,2.289356291671663e-07,9.492321880224601e-07,7.623333704248597e-07,0.0027059968100260883,0.001916759648585907,5.171182603430126e-07,0.0028869912671080356,2.997208682429004e-06,0.0,7.804486745875717e-06,2.3390896441137543e-06,3.4043642735121655e-06,2.793115609441902e-06,8.576514781532554e-07,2.6284048826991705e-06,1.7038930793178441e-06,1.5262454023078228e-06,2.5835068919770284e-06,4.654747075293556e-07,0.010276325922920252,0.0042693026395458425,3.070621960265997e-07,8.009245349459448e-07,9.540984974846941e-07,2.3802961702353275e-05,1.2566010275229873e-08,1.825296979882041e-06,2.537577023018673e-06,0.0033670558127392117,2.3933727498078005e-06,3.424265838699482e-06,1.5049766310989455e-06,1.5572967130164673e-06,4.543583300231815e-06,2.55981732976888e-06,0.00428968705578031,1.2582428339955676e-05,0.011221668355542917,2.617589842379057e-06
BLACK RECORD COVER FRAME,0.004792939654942414,0.006339582280973294,0.0013398873796151712,0.0013669937102314881,0.004241208303641718,0.06465696862131952,0.0017669362895158258,0.004991803077625489,0.015470265093392893,0.0024131362320975796,0.0019509458742146357,9.124244444154313e-08,1.0000000000000002,0.026580742498904176,0.0002000277312008885,0.0006171872025135037,0.006045393542275761,0.004018556446311654,0.0007548368846144866,0.005671386918305112,0.005702950688168664,0.001635661652096294,0.010770380645467406,0.0001207896155220278,0.014652800885694525,0.0005118306777042246,0.059761730866341956,0.01583723554324499,0.052148107940830905,0.06687931142993915,0.0016818700351122406,0.000591608918028053,0.0014263623153116052,0.007717272216124873,0.011076066463012924,0.006448387222894136,0.009819712041728991,0.009841645619758607,0.02905078713891859,0.005085682285298094,0.005120848765981321,0.027084157885373782,0.029327200688998963,0.051069152983514374,0.008658213301558958,0.056032305591284165,0.008900748871405602,0.010466671138066158,0.008161212012458851,0.003377911176823402,0.00021232711213727337,0.016982309603187525,0.01022514323723253,0.0009314900928449883,0.0018611562007511955,0.0017617087690703782,0.0009229171496614303,0.00039148994577256456,0.004371202174895214,0.0010709045235414985,0.010395220628144235,0.0013811795342092246,0.001421459477325524,0.004008384755206109,0.0036250416019453836,0.003703869962652173,0.0016971995607175546,0.0019564493590861812,0.006565775216059037,0.0,0.012780292026950586,0.0415446558850384,0.000533688795145846,0.006905873756147539,0.003926978559676771,0.0037270776944050795,0.00914636225120705,0.0037643624083300987,0.012264282724366318,0.007538883391817679,0.0368013931945044,0.00048278356689407474,0.0008007391083964305,0.005667245725448072,0.003484074462326275,0.05376283837622246,8.754999097698705e-06,0.005061424793759627,0.004872743210381899,0.005788377806180546,0.21143673749315714,0.06533085906228882,0.0023834139681743987,0.007627164779443699,0.009084975436352935,0.050821224731816925,0.011354332007330388,0.001322601157067381,0.0035736079353720545,0.0029038346752188427
BOX OF 24 COCKTAIL PARASOLS,0.13886702850446095,0.23968038742211636,0.14447167293323215,0.12096455162937476,0.014469846960782306,0.4235972875734029,0.19031422972391088,0.0955206065472719,0.26001553306724107,0.053125749285058206,0.012974109370306753,0.007353220644588679,0.026580742498904176,1.0,0.007571787961530013,0.013215487819681657,0.15801836705612912,0.14498231133466064,0.0066405722164469185,0.178048879932429,0.10372166006143789,0.061284865055011135,0.03494790795147017,0.007942672222190793,0.06462106337430766,0.022709750194969954,0.08938616799996771,0.16431979152797657,0.1313976431682484,0.5541250971131306,0.03652727109764462,0.01048938348925296,0.01776307768959328,0.12333683702453958,0.08636083522160425,0.060647587998743535,0.10830304722553621,0.17527292399276154,0.126750338049199,0.14289047436325972,0.11493991377835737,0.2836177726733249,0.3014496614429698,0.1303684083213957,0.17737651719540734,0.1926930378903413,0.2523686259229013,0.1692506705390995,0.1323423980282821,0.29323533767839205,0.0015918344857164162,0.13132599189465594,0.039219540770852254,0.032685529285584804,0.011170208888720851,0.0147668652916987,0.011478221767640056,0.015302718574719893,0.14483582570213513,0.01378172205954712,0.4275908038746738,0.11345795472323769,0.111298723381192,0.11404337680381434,0.2774234208349104,0.1369798271569035,0.05031299706293533,0.25967470280192134,0.18255312711983912,0.0,0.1404854725853611,0.013688438504066303,0.017752045681012737,0.05498352417215711,0.1597454070036129,0.06964972385122935,0.030289545499723902,0.019501620061637793,0.12093324321004552,0.04416677316517414,0.40828183841353977,0.1277378540339642,0.020928431691516168,0.08124191730150024,0.07599872400411625,0.04331708504858879,0.0007068628996402442,0.09412579321579827,0.07699102727383947,0.1290756060417447,0.10669638980520302,0.08401999985233649,0.02745871741106823,0.04124948951410793,0.09133134904820833,0.10375449305315292,0.2237729629646263,0.022038442653705404,0.3555304606337704,0.03845780364692418
BOYS ALPHABET IRON ON PATCHES,0.012723937782750556,0.029425592542438393,0.00909652659634547,0.0061003414089969505,0.007421974264093259,0.004910924861324981,0.0021041654830008657,0.03167877213076624,0.0007321532795247552,0.004273061575677814,0.001349833329552317,0.0,0.0002000277312008885,0.007571787961530013,0.9999999999999996,0.0,0.0036716212273152807,0.005568250325587207,0.0005452381099551557,0.0024728387810708284,0.0012838039752725938,0.004523854291262654,0.0034949331710977844,0.9613671026258529,0.0024769904397337317,0.0016127716162883292,0.0044727911719881115,0.012816664200996853,0.011430241810630605,0.005071437516044998,0.00350161261594434,0.0025544350765900835,0.01042038184508847,0.008379143370418141,0.0013103985717138234,0.0012326420474386452,0.0014039871657592947,0.0018212641064924893,0.001382485489783703,0.0017334497588782428,0.0009708280471649488,0.002309159676702279,0.002853750875273565,0.006421870325713537,0.00798554993135782,0.006226492101748549,0.0071703554818394214,0.007451791249830019,0.008013455635133414,0.05134851074505886,9.936967568359209e-05,0.031165439042389553,0.005933490969646013,0.0032016087265689325,0.054618530663821864,0.0022539206787873956,0.0020921797166727667,0.0014211206927105275,0.01171082794275749,0.0015435732037846592,0.007090698368743571,0.013036429088141274,0.004611286184454197,0.01631276776872932,0.013195916784613024,0.005829638572489244,0.012652186787285469,0.08641403646223735,0.048986761809366335,0.0,0.004442463993975368,0.0261901860481423,0.13502164691183569,0.007257976282952561,0.005868918873049795,0.002677111270755829,0.0005413604761593621,0.0010949100426539322,0.01170344074576718,0.0011662222742104397,0.008799505567901092,0.0002519736445453806,6.907223169049356e-05,0.0019631264698741257,0.001927587898033874,0.006914169973993775,4.5913400300077366e-05,0.0032746489706434326,0.0017567508807019877,0.0011414004140893616,0.0048826499674044,0.004691874347962345,0.0036162570234582895,0.04864962853203387,0.06449817964584262,0.00807910051687793,0.008505145487362895,0.015171218122048058,0.002691445097119328,0.002763051511550827
BROCADE RING PURSE ,0.001899442867458811,0.0007200071745937505,0.01789729735808333,0.01843781960339901,0.13775905875501634,0.0006152225176527166,0.000893828660415724,0.04439768219329871,0.007033961729543391,0.002941646992519232,0.00036316162712928695,1.7935947231234357e-06,0.0006171872025135037,0.013215487819681657,0.0,0.9999999999999998,0.12869523979505976,0.00021229954382213893,0.00012843329622365586,0.0012814491518781399,0.007606410625643008,0.001996175507692121,0.0004393144747609134,0.0,0.0011964803322833393,0.0003223549976147327,0.001966550575709985,0.001391607504322328,0.0013500657505900826,0.0014863204813023135,0.002188229006219289,0.0003695266962796771,0.0005785750245338016,0.0006850981512344983,0.0014050426292048428,0.0018019068922405898,0.20205870248980934,0.002099378888061817,0.285435938810849,0.0019598225963816576,0.2084010645463173,0.003293956435428795,0.0055591854807078254,0.0010919608712160434,0.0014973328550809536,0.0011092839028925723,0.0017791083102860162,0.003035614667159928,0.00207801234421762,0.0001881952168759334,4.333324651359236e-06,0.056430151234002995,0.0008721215682587174,0.0005566794274956528,0.0003655844740617578,0.000266775629749795,4.935245364026515e-05,0.0005331075693529174,0.0014168817002793831,0.00018703911712560537,0.002138688837001372,0.0018668270109692537,0.0010794108758464254,0.0006645549262375356,0.07186234255577346,0.07768002766660463,0.13957425582530153,0.008930287971788868,0.0019382884123785862,0.0,0.0008859948397176283,0.0005163885626168446,0.04052227249059357,0.0002890344062108633,0.0007257042480732429,0.0008580800663928754,0.0004082330748965099,0.0007431302188594834,0.0020441658920951626,0.000537233116831678,0.0018501872151934938,0.7164306697101731,0.0008931993898338053,0.461814052545459,0.4884721109456646,0.0010976046914345542,0.0005942103630855584,0.0008790247652181981,0.000951083574081294,0.006320123466383674,0.0015436243757647693,0.04411610981210757,0.0011435984413720852,0.0069709638049566675,0.028281089066011858,0.0014623811979432573,0.0037622773431055133,0.0016613718852921836,0.0007924885003390982,0.0016290843761588745
COLOUR GLASS T-LIGHT HOLDER HANGING,0.27182957994212525,0.0982129130622459,0.17084998154235664,0.14146015159882028,0.07353336387972392,0.05427353673731021,0.07741762679038212,0.024218612766093574,0.07308632616426977,0.052742933450694765,0.0062610025416970005,5.9658499553913595e-06,0.006045393542275761,0.15801836705612912,0.0036716212273152807,0.12869523979505976,1.0000000000000002,0.1369589391522403,0.00915093545216028,0.15747087458903844,0.2243529475978061,0.025883482314907193,0.03322098914021264,0.0030863691588954986,0.026328052483786727,0.005553217395216553,0.061325044151423286,0.21765974518042375,0.26772528267069406,0.16332228010654312,0.2364479480792078,0.0161583291197283,0.06309822449951061,0.164278942236826,0.10518660546368476,0.0744908952290082,0.12856212152857058,0.18776781820065266,0.17383198359777374,0.17148273151697144,0.11871230422299253,0.33344279976641783,0.20985608139666687,0.16522699174027852,0.1997376042967023,0.27429143724940863,0.25520577782455744,0.25527909275337224,0.19516772357761267,0.044117391461243,0.0014482299078134415,0.1283607559881093,0.062251607240986155,0.02931550447002691,0.007109094865367792,0.009953484551770553,0.006404915014506152,0.005432153028534511,0.2513294142947262,0.004140640689164971,0.16781047936089166,0.1337091190293755,0.09869743901771767,0.22057852724862986,0.20968768852100403,0.21217166719198252,0.10716643757578724,0.10591948894418751,0.15530793677384183,0.0,0.27644412532292467,0.04179274556757327,0.09922977467287412,0.08241867123473756,0.14797425995262212,0.0343626228342117,0.1689361071195729,0.01327185575244744,0.044155384442552736,0.18792417251290444,0.10271116550659218,0.004692246575156488,0.012926138771573595,0.24203461258964493,0.25225683383875896,0.2183827272156829,0.0002690220729088099,0.06281107063206909,0.22566314503724016,0.21966809717904084,0.09260985920597423,0.061843415881941685,0.04329085104533276,0.04499466308673033,0.0877116142869441,0.3191334585529919,0.22387723540424917,0.015001112074585023,0.017899415679569722,0.22306610357590181
COOK WITH WINE METAL SIGN ,0.18395410565207626,0.08873083765700833,0.30595513496877275,0.25343363029836086,0.013223136950003454,0.019775800032455024,0.03228178814289258,0.29453301163052353,0.1332815353467527,0.025490278345293223,0.00940435951736807,3.56495360672034e-06,0.004018556446311654,0.14498231133466064,0.005568250325587207,0.00021229954382213893,0.1369589391522403,1.0000000000000002,0.18643266102782927,0.1127332794010452,0.05490689412528917,0.4907685109280268,0.24871357228410193,0.0031207325650108716,0.016455118240713273,0.17257690885960597,0.3854108254129954,0.30668206048541047,0.05457544038085413,0.28322163271160333,0.011544249577537476,0.4399150992020321,0.40500262584166874,0.32790781432741867,0.14137338619207618,0.05914009826801322,0.10359294233548542,0.2931962939730392,0.15469920056440975,0.0288843723096827,0.1068754003655682,0.17052670160146585,0.1519267927217022,0.08071618969688937,0.2642939113715784,0.2065553251601521,0.3415321481725863,0.07217325694900752,0.08779688556103668,0.24981269090628,0.00650572239951575,0.10120419275321885,0.026614234241821452,0.03945228751064842,0.040371411775744444,0.08088072509175168,0.020796440038434692,0.08711933891975258,0.3138496340075096,0.0036476071436356903,0.044397802774664846,0.23201290989922735,0.48333830634263847,0.20916706892310674,0.542695015684332,0.22539223903332192,0.014270193529428947,0.04779162905897104,0.07531186998742603,0.0,0.160532338422425,0.20261161018800403,0.03346875245358514,0.10206934919213634,0.7706677262588782,0.044589654043543835,0.002420445081443733,0.0401035165572056,0.4367237848351995,0.045649585812777595,0.19353868473221206,0.004260163630473128,0.0019483758028044054,0.03246901430859367,0.027236742611278317,0.015929988132947773,0.00027643940997700716,0.09430093630582626,0.20785094927258083,0.12005305424152246,0.15629285135872925,0.21934488937663607,0.055096567674770724,0.07088328401194238,0.21769602480391076,0.3149281134014323,0.018306670226173816,0.013401309136021413,0.3782959546214278,0.02999157576983037
CREAM HEART CARD HOLDER,0.009307243938373755,0.00822071598502521,0.006972573560476898,0.006298844422146985,0.005340801666407828,0.005147555170665996,0.006189153586148789,0.0028963987723161027,0.0025422329206071376,0.006568338932307845,0.0005265149802580897,2.522127596625083e-07,0.0007548368846144866,0.0066405722164469185,0.0005452381099551557,0.00012843329622365586,0.00915093545216028,0.18643266102782927,1.0,0.0036725980862363883,0.004152602976682907,0.002457787154616261,0.28557463213389217,0.00023998140903763585,0.004041896213764347,0.0007440374007506512,0.6032500939473427,0.0157556002892184,0.011423536917451236,0.00867794659340887,0.006673408146906627,0.08753232655950549,0.06296349472977737,0.0049101186386680575,0.011615402777098984,0.022797656443468824,0.005951742044598206,0.05413174626563787,0.016702857843483885,0.05318013813056022,0.007128926911818213,0.018132469081971154,0.07025532402807384,0.06576665712517771,0.06626614281706929,0.0081671805538615,0.09874513625441811,0.05739496143488523,0.005111479415658992,0.0010715049406547132,4.21848797955439e-05,0.0026155169436095616,0.0027469125416973673,0.0012606743845358112,0.0009332968541539097,0.0007494826264739623,0.0006109634154675802,0.0008106211187652686,0.008264454310230242,0.00023656192339979043,0.00876378313243593,0.0032087435829706535,0.0041770009380338625,0.005800682491123843,0.007467799392400719,0.006519882136796578,0.004393989006657561,0.006290784788906773,0.007709091473724425,0.0,0.013505330930768219,0.0010862285576284131,0.041539301929753525,0.006530585926776052,0.2372295782805503,0.0013665812190922105,0.0029654064085359567,0.0006965514204023325,0.008609872122000048,0.0029538805261125696,0.008204708880354473,0.0001415496779221458,0.0007968099217780287,0.0015355724069461014,0.0015300690941854713,0.006237424902008096,1.0678378161701233e-05,0.0017412478806615103,0.007181641834352848,0.004116617564880096,0.0077536562029048225,0.0066150498605850126,0.0034058725775363997,0.002270209200818363,0.005019975456472327,0.09942535940565651,0.005026670226943511,0.001288235249071398,0.0017624046126663239,0.007261939038879324
DISCO BALL CHRISTMAS DECORATION,0.25660189981418124,0.07693997756523599,0.03862968006026214,0.005863590249580926,0.039342694212874,0.006427221048288963,0.0839956280750671,0.00973849808546496,0.020950668912580028,0.015301627546474537,0.012875996033787451,4.624328365496182e-06,0.005671386918305112,0.178048879932429,0.0024728387810708284,0.0012814491518781399,0.15747087458903844,0.1127332794010452,0.0036725980862363883,1.0,0.002734812452829149,0.02372637134049642,0.09869993331534518,0.0041035399921873885,0.018179286033591674,0.0018305648182104274,0.11433540719679734,0.018467135987223462,0.1808704064141301,0.06756203511938784,0.010608721545983186,0.004796720184262679,0.0097537465198992,0.01993100809566527,0.033800304473536345,0.00588251297272969,0.15337665269138806,0.15168586307260765,0.17505084889961836,0.1582298346586899,0.14470059099761345,0.3861190557922153,0.28395628630733416,0.13348668845970255,0.12326984385258308,0.15429804139473355,0.10591429154276297,0.14165794551494756,0.04659206189990148,0.07264417216267918,0.00048688144521619203,0.01035076491329439,0.012070741586308737,0.012085774918014961,0.010780687361120327,0.002559832168504811,0.0012372047396456212,0.00452641204963265,0.05313053059838355,0.003028696667433053,0.22801392528803247,0.06291080667228334,0.038719697784831045,0.04290615268362465,0.04869501773751268,0.059602571950521294,0.02156873990141948,0.1805258815873949,0.25336886645048984,0.0,0.21761053433966498,0.004747140880066594,0.011218749687089373,0.015613429842394985,0.10254304516429516,0.05716647156052757,0.010078781266482036,0.002800080989099936,0.011979266732298011,0.008511788430714722,0.046945975573615475,0.0017996180970381458,0.014337441299543093,0.13542409950406914,0.11828012004810441,0.011378027830082123,5.8255136292908224e-05,0.0949838028035934,0.07210682395945714,0.015137128815847794,0.08614057325163033,0.012189351780472165,0.01008126856269447,0.019092126462961358,0.025889010786571177,0.0973107099503599,0.035859767489001486,0.017179548205930265,0.036090752176313974,0.013226011315695861
DOLLY GIRL LUNCH BOX,0.5773576071771902,0.20818635109694192,0.20938442789611983,0.20026172700097972,0.005973629900910039,0.14244537369272547,0.12928784444905655,0.021039046927569003,0.08646520205026122,0.0067949115835314565,0.002143261780773663,0.0025323231290014466,0.005702950688168664,0.10372166006143789,0.0012838039752725938,0.007606410625643008,0.2243529475978061,0.05490689412528917,0.004152602976682907,0.002734812452829149,1.0000000000000002,0.006763749099175452,0.00527206943607688,0.001023503350471494,0.0018357309196989256,0.0030555830672404226,0.010100749896667786,0.19976991281188747,0.6743878373469444,0.1573809699434329,0.8668081243014525,0.02609860210071665,0.043176001399959564,0.40934911161417475,0.04248740492993675,0.17113403099309818,0.12201181724218677,0.28235805675653325,0.28675632581909277,0.38772533696521594,0.10354469241941769,0.16479701688668452,0.03515022803386914,0.2925941487565193,0.35439828411731444,0.6128695391966539,0.4895793826384463,0.8228481741762719,0.6306965099017183,0.184816012639097,0.002178375031147903,0.4316104116954133,0.005692014121746053,0.057835796177782665,0.003973697199144634,0.01047700990850128,0.0039497583750980145,0.001317780892357709,0.5827284785235994,0.016939121470410125,0.3743588839509137,0.20655466415369889,0.10202981577815753,0.6599694022593313,0.2877744362302543,0.6047503979858468,0.16934907907843366,0.09143331454452308,0.058310827658715404,0.0,0.10619215047448706,0.15857624109754748,0.21930629211880737,0.19797802031238945,0.05321175654640062,0.007627804744858367,0.7686203845590363,0.03151053867939788,0.01409231090728957,0.8234116849710786,0.2965291921356014,0.05007054338158736,0.020748567198411918,0.2399134569763785,0.2580881041398145,0.8428771865132447,4.6938570842151696e-05,0.013197811193453634,0.8827567837840087,0.9812138685922276,0.013002753938538066,0.012139060769201291,0.028283964356924103,0.06545031822260808,0.03277427470065618,0.3801468612031537,0.9153617474309436,0.003016535293099696,0.11338270512862465,0.8323361264108409
FANCY FONTS BIRTHDAY WRAP,0.20849260675971168,0.13785529376653197,0.015153167942401203,0.0091537957647147,0.009864301699662674,0.016962551294109403,0.030359352525542144,0.46832382038963144,0.016066801178091252,0.017184007497984183,0.0028863405055385015,1.0452907921856525e-05,0.001635661652096294,0.061284865055011135,0.004523854291262654,0.001996175507692121,0.025883482314907193,0.4907685109280268,0.002457787154616261,0.02372637134049642,0.006763749099175452,0.9999999999999999,0.008871363063443275,0.005243831250162088,0.010252138287414165,0.007900643371521032,0.014169168224262863,0.02763558294244091,0.028245894397549175,0.031167987764952113,0.01591838164180352,0.06018888453299021,0.00840734360688043,0.01442291379222889,0.013430054550492891,0.024797813128609333,0.011012139385384333,0.23566553052698172,0.08998574786115415,0.023061035253276203,0.01560521733768662,0.037857014228447526,0.056862605363831156,0.025983239215738994,0.02882434011571378,0.03496618357579965,0.04126773692462812,0.048355632799583846,0.022402693862585893,0.4050016614010394,0.005892889819034597,0.008285396569296048,0.008099529378799994,0.007233090224297461,0.06637443591501374,0.08560455318299039,0.0017858344607911097,0.13784709867420336,0.02452096721350728,0.0018565887550104502,0.054321916845854704,0.010112539287870394,0.4848688950915682,0.014592408654519337,0.34812576126381933,0.21416694866001007,0.006562180064111857,0.11081457492406802,0.04486653018179441,0.0,0.02513290470704665,0.12744514813281616,0.016968051734614773,0.01166458710886082,0.0167054985485292,0.3340276503864933,0.007943498892497475,0.02324591757824404,0.020945620427756086,0.037095809456004915,0.3472139994200935,0.0027166035312558338,0.000768206282076554,0.011136604734362135,0.010652049268038364,0.006810156611766077,6.349265548880344e-05,0.28967383922554246,0.34020724901385596,0.1425797247870049,0.014520614948224493,0.010703196820578959,0.05199836385497021,0.008080320039571277,0.018355658037600253,0.03708290902565378,0.007939361199049783,0.010770758038171492,0.6729818077491753,0.019319550712024982
GIN + TONIC DIET METAL SIGN,0.039652306308957365,0.05069391797585334,0.028327735185153063,0.014508808079081913,0.021385728582545595,0.021421943451490247,0.02722340925061636,0.00915597619556943,0.0065281945171207015,0.01153762764242147,0.0031926669077707056,5.014416735151465e-06,0.010770380645467406,0.03494790795147017,0.0034949331710977844,0.0004393144747609134,0.03322098914021264,0.24871357228410193,0.28557463213389217,0.09869993331534518,0.00527206943607688,0.008871363063443275,0.9999999999999999,0.0023137230380233767,0.01463176726553065,0.003651892234630453,0.2767157108908842,0.038626787517084676,0.04130461291182075,0.030952503183730478,0.010788137523664807,0.2849177049104365,0.27935618866408973,0.020222672818457053,0.040332011885114455,0.018039501548456658,0.0318207783214127,0.039965472633777165,0.04959470417630737,0.028460386864318198,0.030411987085725765,0.045569084568350716,0.06357429141862424,0.06053851357083638,0.05309282413829474,0.0579069894774766,0.06801713186860632,0.038068693109780935,0.01713653084080001,0.005599501760394736,0.0002199560796555258,0.0080799307836257,0.009008916173198715,0.00482438673908793,0.002245951229542268,0.002170797352371379,0.001331265532659353,0.0019939831590188874,0.02574415372663421,0.0012389347826801552,0.04111560059302787,0.013930462534005825,0.013779291172409324,0.015397159670482184,0.032655911415849254,0.023010654430202785,0.008238163269759477,0.03528906781854604,0.04683870912379395,0.0,0.04556959883186674,0.018692497372530766,0.02861292916009795,0.021658038659474542,0.2989853356345544,0.010541123747385328,0.0017783980090511316,0.003013704442790975,0.275264111434332,0.00552690103673836,0.03818061677356817,0.0015756054993931433,0.0018097970971879655,0.022711625945458058,0.019260181256078226,0.017934261176513745,0.00011422012132435302,0.014893844054045723,0.015442144767479647,0.005461779039144154,0.06505579178344624,0.10641172639785776,0.02303546944398122,0.011705888739037043,0.028415067771970254,0.5039297648526014,0.009471831402134638,0.009123565598115878,0.0090885855586797,0.021429386043308893
GIRLS ALPHABET IRON ON PATCHES ,0.010150284064805646,0.01903671378129766,0.006137029988784101,0.005765760444566437,0.009765303217767803,0.005456685354809185,0.0021262607024856,0.004813652403452627,0.00047749096395051057,0.0023223145888643802,0.0007900357245271403,0.0,0.0001207896155220278,0.007942672222190793,0.9613671026258529,0.0,0.0030863691588954986,0.0031207325650108716,0.00023998140903763585,0.0041035399921873885,0.001023503350471494,0.005243831250162088,0.0023137230380233767,1.0,0.0014881705295460251,0.001071284808938459,0.0029894834890881045,0.010061327462253857,0.010444750939289035,0.004765264438431438,0.0021885064856477228,0.0032475581040298396,0.012946520775458383,0.007721618171896961,0.0018824946675064257,0.002642665809972595,0.0024068984783569185,0.0030144421223619686,0.0020864577189684697,0.002809305549132226,0.0011744380966040497,0.0031988672389216205,0.006643001798181316,0.01066539300652797,0.010658529785858266,0.0077901586268599434,0.014661713719009865,0.010068114547269252,0.012580102157624427,0.0004026799681156847,6.676236351901142e-05,0.002504875235087592,0.005961984712803084,0.002804935241356679,0.0007440901536145228,0.0015253284862459476,0.002066782944934541,0.0013846677025341676,0.007819336639162294,0.0016731356935946833,0.0057914673248584975,0.01504536897976716,0.004420058350316858,0.009057577847782458,0.014456728281215815,0.005415965104205797,0.01636680453916692,0.07630433845985726,0.042129523486215674,0.0,0.006864702846327955,0.025220591087952045,0.1294558958609503,0.0073027880961551266,0.005120901839304943,0.001685895426234342,0.00036777182745723405,0.0007281161912213379,0.005149192136187918,0.0010431555791928656,0.005350353954135762,0.00018573757524576056,9.380736587539115e-05,0.0026772299038761334,0.0025354183996988897,0.006506740972006569,2.4952918990952392e-05,0.002076883343659055,0.0016708217801806424,0.0008437664154063748,0.003485264271705681,0.003966506893300939,0.0034218359854372845,0.0030010312074996515,0.007979953707421047,0.004035845776684594,0.013214850386912315,0.001457488731770142,0.0019015632549430636,0.002627812838434421
GRAND CHOCOLATECANDLE,0.02735716043040833,0.03247271241315796,0.017489385033904903,0.011733828756272961,0.00910588655083989,0.01417548024321306,0.012758313229219933,0.01349096148513386,0.013169584073152297,0.01312974921294598,0.003209407571821813,5.7729635020362195e-06,0.014652800885694525,0.06462106337430766,0.0024769904397337317,0.0011964803322833393,0.026328052483786727,0.016455118240713273,0.004041896213764347,0.018179286033591674,0.0018357309196989256,0.010252138287414165,0.01463176726553065,0.0014881705295460251,0.9999999999999998,0.0034624014902537065,0.02779460264178102,0.030902766921023776,0.01581492475914476,0.023222899759654286,0.022411557582390402,0.006519653197448002,0.009677624265852395,0.012210672763784297,0.02418467320175476,0.010493511483835101,0.007054768996264071,0.012554777648379688,0.011219933944927096,0.004338740527472699,0.006219465917463357,0.030824229812399788,0.018681776513874503,0.021036675438013082,0.009175965591557598,0.01593593551824374,0.0314738494490413,0.016278090152949662,0.01702303983103324,0.0006650062011517829,0.0013422803514502744,0.008593270326536529,0.01132451715301549,0.0064404174759920855,0.0005132267851821964,0.0015151779076711459,0.0005981758790195828,0.0011765096177748335,0.020058694385485337,0.0013503554414122355,0.016362077238893272,0.00795170805452239,0.010824862490771229,0.009045884615112146,0.036074267819115616,0.010204183195849021,0.011476153399437394,0.019340333973658055,0.04151104373734203,0.0,0.015436151675778454,0.0030732123967592644,0.021753097514191994,0.008295028196449948,0.019989862755286712,0.006336000952377431,0.0051602764980612295,0.0035425231469922588,0.029691591945922087,0.019127828958054514,0.019958030301148507,0.0010332371647525105,0.0010599094253280665,0.007268841441205119,0.00870695655205664,0.00614057205631867,4.769316987599839e-05,0.0074521721187377574,0.009752054368000392,0.0019097452721911039,0.026959334111684052,0.024012334050998337,0.009649683268914591,0.006961947085138894,0.02233525498528558,0.02887992557440371,0.008019618078580147,0.004978975185385885,0.005252460647538073,0.007435131117439331
GROW A FLYTRAP OR SUNFLOWER IN TIN,0.008369473386357452,0.020200922317945194,0.008534777952568616,0.00493711231048171,0.004912545553573673,0.003259847279061019,0.0022842793507310746,0.004115590500355489,0.0034873083112268166,0.006635187968647317,0.037427573678018966,4.945297687039259e-06,0.0005118306777042246,0.022709750194969954,0.0016127716162883292,0.0003223549976147327,0.005553217395216553,0.17257690885960597,0.0007440374007506512,0.0018305648182104274,0.0030555830672404226,0.007900643371521032,0.003651892234630453,0.001071284808938459,0.0034624014902537065,1.0000000000000002,0.45378062668116353,0.010099390846313176,0.008581838838657659,0.0076088924103341095,0.0022622050092343665,0.0011513535405765878,0.0020564859668528524,0.4198329855223555,0.36522599305247205,0.13084205471909055,0.28549463926303537,0.32408970318741626,0.2147817785697089,0.005963254014551659,0.16959514852950064,0.05404480232045344,0.24717630976319713,0.0036115586652358156,0.006998382525951955,0.006403838846108408,0.008991958638240333,0.01191145116900898,0.005183728578914982,0.0018567026240843842,0.00021614619995568606,0.006788634447603925,0.003547404813620228,0.0019715349821625484,0.001062187977746613,0.0018369129224602985,0.00034489906027791614,0.0019185277569992558,0.014770330338440217,0.001987153782897958,0.01124324697434946,0.004720021821320401,0.004843753519364846,0.008451258107475778,0.005236639191108161,0.008348826788623172,0.004634927463237936,0.2637286110830777,0.01601452801672949,0.0,0.005232324641437954,0.6947885236738071,0.0029001884462855035,0.004380500159906537,0.34445377683661366,0.005798463978951965,0.0015992056441722733,0.32585729096185034,0.008681295284678451,0.16420495234254562,0.011249914404362234,0.0013264639527026144,0.00011232091818344993,0.0031071496433450647,0.002414382757424531,0.0028913395999756435,0.0006772757934781261,0.004977389206549037,0.007282973329934466,0.0026410602573823873,0.05444638762842732,0.05472532708127943,0.0029067982345460826,0.005686068476302303,0.07503987627751971,0.14209756300588386,0.0037058677086477363,0.1927292621572443,0.0026950678536548293,0.0020514072022245937
HAND OVER THE CHOCOLATE   SIGN ,0.0691129688368549,0.06799213806372006,0.07325028101810034,0.04650018742757538,0.013446635703715652,0.02514903778201305,0.03432568584222382,0.00932342951821355,0.026072418551147832,0.01821571854937904,0.005079111152429331,6.722245691157885e-06,0.059761730866341956,0.08938616799996771,0.0044727911719881115,0.001966550575709985,0.061325044151423286,0.3854108254129954,0.6032500939473427,0.11433540719679734,0.010100749896667786,0.014169168224262863,0.2767157108908842,0.0029894834890881045,0.02779460264178102,0.45378062668116353,1.0000000000000002,0.07655355373391672,0.054013519081343254,0.06606154492829641,0.02249357579773917,0.059893178148123435,0.048685954236084523,0.3980082707678894,0.2900238993929208,0.11321671915238966,0.2192386903781539,0.27657567409237654,0.21386226611570525,0.053322574080262135,0.1587380686482084,0.12327906044119416,0.26738801943676005,0.10446742086303196,0.1169261551450314,0.10681387995638582,0.15357763273111086,0.061404462018927145,0.03286913659756292,0.010297788038256669,0.0006542338674432253,0.020396876136219416,0.01272405356489817,0.011024091683223148,0.0024717670758256766,0.006828190240134511,0.003579980536024028,0.00323438328710137,0.06658257164273482,0.002172322407493651,0.0760642965870611,0.04658905846362821,0.04186552786988551,0.04032876001686483,0.08870830995368653,0.04181868704146211,0.013047916673863747,0.04954036984072748,0.087512159921718,0.0,0.07428434855871695,0.48475423387437383,0.0555082636494094,0.033290908604899055,0.5690789702020773,0.03854482464591195,0.009536204412707196,0.007372771879295497,0.048843716333960716,0.11390211438776959,0.04767960375651964,0.0018799400216763314,0.002387387239983993,0.03988717630510132,0.03407632503886982,0.022612298604224066,0.0005740482746108589,0.03435838214416791,0.014069216496915424,0.008582845958283226,0.14291059423681893,0.20958256673011455,0.016758946206905163,0.02346368605260619,0.05355984813647663,0.2257302670180315,0.01142427750995126,0.008534622634992144,0.012630724308016041,0.022033144517427793
HANGING HEART JAR T-LIGHT HOLDER,0.21767260621824444,0.18922345377007257,0.29431838870321403,0.25249178627837227,0.057508922720817215,0.19104113415847124,0.07619269413770405,0.04214504515415364,0.1150437303794161,0.09567008790117813,0.011781067700332624,6.190173594488172e-06,0.01583723554324499,0.16431979152797657,0.012816664200996853,0.001391607504322328,0.21765974518042375,0.30668206048541047,0.0157556002892184,0.018467135987223462,0.19976991281188747,0.02763558294244091,0.038626787517084676,0.010061327462253857,0.030902766921023776,0.010099390846313176,0.07655355373391672,0.9999999999999997,0.40424971881501687,0.3309215638947876,0.19248654385978306,0.0348346002101772,0.07029248577984,0.30510745805455797,0.1732521872130969,0.10266453473860612,0.14217879786086188,0.19130046216494853,0.1588535495862652,0.12522355148550607,0.1190955164312783,0.34282295114479927,0.2159135020749205,0.170597501900846,0.2737512665780367,0.30999775278445535,0.34781165656546664,0.23108546383918346,0.20793712363329525,0.022553234475713058,0.003276300628419844,0.13706524905504422,0.06946206662272807,0.04855886107942942,0.011335067148846224,0.026199015625279903,0.017430098007927605,0.011866679447395305,0.3636505520021665,0.006876268223255238,0.1033235005342417,0.20965991525593125,0.17769859927270373,0.2836785443277621,0.32258854988342783,0.20529768165993406,0.07756904552665603,0.09711163045029841,0.13381548098103155,0.0,0.238305900378908,0.03656515403956558,0.0760050623692962,0.22064340872063073,0.3245107187458032,0.038926874316376044,0.12930692980719163,0.026545274231458787,0.10767837466989724,0.1577495391051542,0.22390540720261248,0.01225681822632827,0.004563688888837614,0.040139182950777445,0.04483272825681547,0.24347650472589874,0.0002848687724524747,0.07743372049198048,0.1741741895064938,0.1906355200596862,0.13666786082114343,0.13860795433392595,0.1893336807011222,0.0779912541705534,0.20066158363663858,0.16968085631955362,0.2100600385829521,0.017719706836566318,0.022748696729452834,0.2214169466786648
HANGING HEART ZINC T-LIGHT HOLDER,0.5494648147031862,0.21912018853330298,0.175713618934881,0.15002158453660383,0.07134383115491787,0.10468934257605128,0.12344055509954377,0.024510085847885294,0.06858452958859894,0.04213359702203468,0.008690834449122928,2.785261641588661e-06,0.052148107940830905,0.1313976431682484,0.011430241810630605,0.0013500657505900826,0.26772528267069406,0.05457544038085413,0.011423536917451236,0.1808704064141301,0.6743878373469444,0.028245894397549175,0.04130461291182075,0.010444750939289035,0.01581492475914476,0.008581838838657659,0.054013519081343254,0.40424971881501687,1.0000000000000002,0.1131616491064054,0.6533925073138247,0.035873238356055395,0.06605607844074578,0.33386491722820966,0.09381929169056114,0.1522877361111106,0.1913555525546857,0.2939711300737678,0.32357007173125263,0.36723379188894734,0.16342669721980854,0.347944752418532,0.20413583716014855,0.2977604156925415,0.3105356612367192,0.525397576369222,0.4106645951967099,0.6473284849220688,0.4808363054192108,0.08620164946012983,0.0014686565716463054,0.24074639219427313,0.02843699402452896,0.04875599462051348,0.006086497590686679,0.0076668567652582245,0.005738926571558846,0.006222975940351337,0.4561600242775197,0.01041337540235907,0.3864573801344121,0.16389344463055308,0.09113436171696017,0.4791523110335741,0.21357517454141936,0.4555046975982227,0.14146241454975952,0.16182208300814416,0.1873937978756375,0.0,0.21808398965261636,0.12326200319465716,0.17641651333336378,0.315616505005835,0.056016088266269554,0.03345792914587061,0.5236124603220578,0.0067527689245882976,0.05748735653814925,0.587023558293729,0.21828604782279118,0.008892529943602772,0.021638218530186944,0.19814100612102092,0.21553064454783408,0.8482802044082817,0.0001848487311586222,0.051446290610196864,0.6648032691767864,0.6681872350459364,0.08773982790085902,0.050520851911783585,0.1254481986893319,0.061070965425837384,0.061527655549574,0.3632091415232883,0.6564078931909267,0.014015847781603695,0.023298858630519614,0.6636039689701639
HANGING JAM JAR T-LIGHT HOLDER,0.091074327102653,0.2380948175757956,0.22936205170975063,0.19535038526270218,0.0138784717694511,0.7035075649160312,0.2491355187605225,0.029340896453846604,0.12579512748639404,0.05817663152475484,0.00991256204974399,0.012035098449888232,0.06687931142993915,0.5541250971131306,0.005071437516044998,0.0014863204813023135,0.16332228010654312,0.28322163271160333,0.00867794659340887,0.06756203511938784,0.1573809699434329,0.031167987764952113,0.030952503183730478,0.004765264438431438,0.023222899759654286,0.0076088924103341095,0.06606154492829641,0.3309215638947876,0.1131616491064054,1.0000000000000002,0.018851043976931606,0.028465331966591678,0.03565875397993634,0.17393867231235216,0.08222581635250659,0.03691477347503733,0.07997014347187785,0.11782772467375728,0.07951584229102727,0.07173971000521798,0.08453406149568723,0.23193724688034342,0.1426597534141034,0.08180397719779864,0.20143762037070773,0.18406509193162449,0.2612129428278106,0.1023312586128787,0.09034773915713565,0.44634969411697006,0.002276228281647961,0.17065149468286392,0.0401490601718168,0.032765723380415265,0.008707603169487828,0.022166390271922694,0.015774525561050773,0.007429748119392351,0.24267895518756974,0.004809384470458189,0.46463242950356237,0.16946727507873247,0.15305758226391558,0.16426287424945848,0.37459591873337883,0.1791263574355629,0.03288185413305311,0.2142090153897865,0.08826059186354615,0.0,0.1840527003933228,0.00948599084938497,0.01815102154564139,0.08474737762101249,0.27634418809691164,0.03825284898448112,0.01231205731511668,0.022017768369600597,0.0949717355323918,0.010646109060893593,0.5920763607128433,0.20514754800470597,0.003317946209681967,0.03037065730291482,0.028122057712926807,0.033267666766978225,0.0001439217340633064,0.07820459362123504,0.03552694846771269,0.18753209829757828,0.10989442876179685,0.09575316932752735,0.051589624043747354,0.05616722610191084,0.16064853539196924,0.08896117675032801,0.22542289267973015,0.017622795540873183,0.5328814910474894,0.036608659073858414
HEART FILIGREE DOVE  SMALL,0.5498185521742992,0.17060365464016272,0.17094718402448456,0.1594441097240996,0.033166793906026594,0.03789459627647782,0.0967835133404248,0.010033977465367584,0.08130915071358093,0.016840426269504,0.00189344026006686,4.472319609957805e-06,0.0016818700351122406,0.03652727109764462,0.00350161261594434,0.002188229006219289,0.2364479480792078,0.011544249577537476,0.006673408146906627,0.010608721545983186,0.8668081243014525,0.01591838164180352,0.010788137523664807,0.0021885064856477228,0.022411557582390402,0.0022622050092343665,0.02249357579773917,0.19248654385978306,0.6533925073138247,0.018851043976931606,1.0,0.03395453985005971,0.05507158355373642,0.3267747620154829,0.05583839969025273,0.1655700757059123,0.11406130227337268,0.260027974864295,0.27724363160247467,0.3644072197673638,0.0968626011576859,0.1798643863638021,0.048335166423721376,0.27961197707066726,0.3115777231078343,0.55243538020658,0.432414885569801,0.7231706252527794,0.57223861285556,0.07358672322675087,0.0012801135122770674,0.2979168391615166,0.012340624461592078,0.05515738205406906,0.0016510044336240297,0.0017646187664057545,0.0009527646423130333,0.0016581751721948406,0.5139803614338246,0.010387842923043225,0.29206949317895403,0.16767721529136229,0.07205788656308461,0.5735123020329133,0.21299287987614698,0.5289384007144423,0.15453426348932706,0.06693953191274012,0.07755710103180861,0.0,0.09101165980644833,0.1497996941986607,0.2262039820212862,0.19057593210805004,0.023060708396099968,0.004696086288389188,0.6783512957027655,0.0034656069587510577,0.020293132075616418,0.7530689243684329,0.17258629439254833,0.009692988638240373,0.020724014209745276,0.184369686532714,0.21368838593175593,0.8061598271303289,0.0004156432464478839,0.00591389913123664,0.8096427597895888,0.8474947316287742,0.01679179219756143,0.01635389857804925,0.07045463535996636,0.04499329723585147,0.014607606763140268,0.3863474762592797,0.824268985347347,0.003836981455009084,0.00596601456950059,0.8410051028765626
HEART OF WICKER LARGE,0.04776614486573008,0.013004361289022385,0.009661239794511594,0.008132707440129134,0.00711971945831728,0.012533939956398288,0.015234628977444372,0.03752949190974433,0.00822986521878033,0.005800299248096314,0.000954475683913565,1.677368056647381e-06,0.000591608918028053,0.01048938348925296,0.0025544350765900835,0.0003695266962796771,0.0161583291197283,0.4399150992020321,0.08753232655950549,0.004796720184262679,0.02609860210071665,0.06018888453299021,0.2849177049104365,0.0032475581040298396,0.006519653197448002,0.0011513535405765878,0.059893178148123435,0.0348346002101772,0.035873238356055395,0.028465331966591678,0.03395453985005971,1.0000000000000004,0.9807037972944973,0.017195595268669813,0.007638068088485179,0.008806996640579445,0.00650249529755575,0.029510462049335662,0.017288581731798293,0.016218840524931846,0.005451100127764673,0.014745913457674705,0.017344438536450638,0.02294768390873684,0.02071333202110862,0.027171239224036667,0.028851460004844016,0.0349497329950704,0.02202558809556149,0.030674365524290276,0.000499809991508927,0.011380069148834562,0.0059042342507631225,0.003753393175886903,0.004891951897105631,0.006861139896650735,0.0005767509419680627,0.010167186874163422,0.02105131611664903,0.0012053805417976328,0.0145934384897597,0.007672964173310886,0.03866411041372072,0.019250966150915667,0.034603135790184154,0.031201283518785462,0.006400044477918293,0.018956856071362632,0.01518196822258813,0.0,0.018611041498655282,0.0059978487727212,0.015022921217866721,0.02033042044471452,0.44436845010086784,0.002074629927207232,0.019289165035241296,0.002513085766700787,0.9189201209851572,0.02063728152679531,0.029516029418304165,0.001908996341362789,0.0013054202442788568,0.005915756548992041,0.00652333131081558,0.03055263504956289,1.9768344757802894e-05,0.003411439946450691,0.048669273028239146,0.03513449404816487,0.011518166592521329,0.014137813759918561,0.04302705112777581,0.0035187167951114375,0.006593501358915596,0.4693059694959422,0.026743131469286863,0.002098037930334517,0.04612820327643091,0.04335351737637784
HEART OF WICKER SMALL,0.0646705519348072,0.037275147409874296,0.0201649536882777,0.017091165533936286,0.017562865976408566,0.031517480716169194,0.026574337083335207,0.009777252856891842,0.011303503598951862,0.012442509356016304,0.0019344008203914034,3.664838774016791e-06,0.0014263623153116052,0.01776307768959328,0.01042038184508847,0.0005785750245338016,0.06309822449951061,0.40500262584166874,0.06296349472977737,0.0097537465198992,0.043176001399959564,0.00840734360688043,0.27935618866408973,0.012946520775458383,0.009677624265852395,0.0020564859668528524,0.048685954236084523,0.07029248577984,0.06605607844074578,0.03565875397993634,0.05507158355373642,0.9807037972944973,1.0000000000000004,0.03480217831421283,0.014187260322814128,0.012569080506940106,0.011760131344545325,0.022335028585386017,0.020127802218272168,0.023921015833577496,0.01156340956798421,0.02708473632315951,0.018935409160636046,0.033718726307743384,0.028994289009914576,0.04285273790342128,0.040569200974528735,0.053549064620544345,0.03560750209999753,0.004060653390395359,0.0002054111143929454,0.017866115573013874,0.010530159453560029,0.007290793761344913,0.0010153616263033406,0.0021130905192533094,0.0011964345360441174,0.0017166593043096946,0.038581103289332536,0.0017449260594832308,0.02917683226527333,0.015266526069785659,0.011347209653481535,0.0362812525515606,0.02062036759931055,0.03164663981609095,0.013148203082671674,0.03258291305029125,0.03335511340366414,0.0,0.06013334982996109,0.00957259371119101,0.020886365472661365,0.03830110679666934,0.4417991573912779,0.004827782231823785,0.03216433439188437,0.0022286133641053734,0.9157374989063172,0.03474053300776916,0.045343785199815835,0.0019360704736155075,0.0014070147752573239,0.009698462067156398,0.010784942718693322,0.049641068850786146,6.78677055700216e-05,0.005894076244336888,0.04532070985360726,0.04256565966480956,0.019648541225018957,0.02078973208110884,0.0663275888357665,0.008858574789375137,0.017998696173440784,0.48886426151655615,0.048718072889729055,0.0030019489745310665,0.00738288677888743,0.06861245912166948
JAM MAKING SET PRINTED,0.3407325985586061,0.3178943483001778,0.3395849339497257,0.2406533580940616,0.00868558011787406,0.035964485493143544,0.05666919124548189,0.07282290810224254,0.10115578464626648,0.025331689441612085,0.0264533613035196,1.6013969762612104e-06,0.007717272216124873,0.12333683702453958,0.008379143370418141,0.0006850981512344983,0.164278942236826,0.32790781432741867,0.0049101186386680575,0.01993100809566527,0.40934911161417475,0.01442291379222889,0.020222672818457053,0.007721618171896961,0.012210672763784297,0.4198329855223555,0.3980082707678894,0.30510745805455797,0.33386491722820966,0.17393867231235216,0.3267747620154829,0.017195595268669813,0.03480217831421283,1.0000000000000002,0.24657681963169772,0.15238235128137437,0.24185343621812694,0.34243703901239875,0.2564280385031311,0.14994424898079203,0.16394170164347266,0.18620682576247338,0.19587138235686977,0.1368188417030255,0.2572116259998057,0.3426334977662601,0.3679773337587813,0.3745294163554235,0.2915485646919214,0.046091810900921855,0.003388114474713496,0.41176951825257163,0.02682542626425909,0.04702233694584234,0.008129300908359385,0.026083298305233454,0.018354811905370434,0.005228627521589632,0.5043445716247306,0.014937557653090064,0.18712414299749075,0.2518044058852654,0.2503738059638322,0.45755775604068033,0.35348472891838406,0.35082339588762956,0.13442130052472304,0.09525706368113185,0.18456077142126306,0.0,0.1744849681108262,0.4899440004151614,0.10156475466039382,0.1589626547412998,0.4459383729956398,0.03898891978377048,0.34688644769297367,0.07908158837097182,0.0498674673283641,0.4329027378139405,0.21167918064918956,0.007447570671271039,0.01078508836009735,0.13745683436937545,0.13079268849805442,0.32057720677810625,0.0007450912468123332,0.06817535705984251,0.3498837052889368,0.3925224613863744,0.10674900169997102,0.08923270943238201,0.05734922988733984,0.11417860468145548,0.1557641045471429,0.26477394332112286,0.34818237066437935,0.05850174449369777,0.01643126354390864,0.32206546577826933
JUMBO  BAG BAROQUE BLACK WHITE,0.057344845973707544,0.0512791336599228,0.07498335399805338,0.06292660755851352,0.004965655322007912,0.03491943290640831,0.017652373699136033,0.03652266820281334,0.08025872260609887,0.09447718121013901,0.0018856726536716248,7.210915992846851e-06,0.011076066463012924,0.08636083522160425,0.0013103985717138234,0.0014050426292048428,0.10518660546368476,0.14137338619207618,0.011615402777098984,0.033800304473536345,0.04248740492993675,0.013430054550492891,0.040332011885114455,0.0018824946675064257,0.02418467320175476,0.36522599305247205,0.2900238993929208,0.1732521872130969,0.09381929169056114,0.08222581635250659,0.05583839969025273,0.007638068088485179,0.014187260322814128,0.24657681963169772,1.0,0.8078114780451179,0.833649612314185,0.7757810331018715,0.7678299323945246,0.6583807331994053,0.8335821294777433,0.4186458529758202,0.493156307145025,0.20544132824204933,0.14200190624458967,0.23530918407146978,0.21859278932133688,0.11723258531171339,0.12016503485000715,0.01618365360102159,0.0006936033310265553,0.020165272020974866,0.03403016004507349,0.00824048604696264,0.015398798198991594,0.0015674667935409116,0.0010648891863880058,0.011198894325983744,0.05890528886491856,0.001575594444329678,0.03835462853892381,0.02293807602109244,0.03006425651803285,0.05126543712954119,0.09539597856283476,0.08392749407570242,0.06914526167802779,0.03261910363679647,0.045451157983745244,0.0,0.2075539492643842,0.41100109674292196,0.06215814860432627,0.023097411045329707,0.2549477179541748,0.011688563052394468,0.03922244013586593,0.002433124084713396,0.0884119068682512,0.1486463092848453,0.03558006865294403,0.005844293828006592,0.0031341908298454456,0.04653036388812378,0.045771506304495765,0.06088376432662699,0.0003433304607941572,0.019783237248428596,0.056063041706543394,0.04281736946811044,0.1785535715700705,0.2584670449430714,0.016159731629142884,0.01107228941522658,0.010981521177111873,0.17496609432503155,0.09287619824958324,0.0076883067188654305,0.008970566547633896,0.0556634258473886
JUMBO BAG OWLS,0.11218247725794078,0.05139091210267017,0.06520523645959496,0.06268705282700916,0.002282590053795188,0.014231030215227302,0.01696472793357674,0.03336324502446338,0.039739296331551106,0.046714471514983875,0.001460101465626359,4.2083892946310746e-07,0.006448387222894136,0.060647587998743535,0.0012326420474386452,0.0018019068922405898,0.0744908952290082,0.05914009826801322,0.022797656443468824,0.00588251297272969,0.17113403099309818,0.024797813128609333,0.018039501548456658,0.002642665809972595,0.010493511483835101,0.13084205471909055,0.11321671915238966,0.10266453473860612,0.1522877361111106,0.03691477347503733,0.1655700757059123,0.008806996640579445,0.012569080506940106,0.15238235128137437,0.8078114780451179,0.9999999999999999,0.8731223125324836,0.7550883892965468,0.7415259855914164,0.8893513966201169,0.8597067795008884,0.2543076889633583,0.27384192608182034,0.1526266877673678,0.12670314026075596,0.21142258703040065,0.21612770323669211,0.18319447170806033,0.19283357636894516,0.02935467786741974,0.0006793941488984461,0.06187486252535567,0.01464574788201866,0.011742406810080213,0.010032774191035898,0.0033041029195509937,0.0013125534624800915,0.009278710374344907,0.11642782215608573,0.0029668779743717713,0.06385790281753702,0.042538779187539406,0.04010385234769056,0.12296010391075403,0.09666703655015291,0.13623659651513043,0.06573461002732289,0.018182407557965016,0.01876575613947053,0.0,0.1382579432573259,0.16291253556594587,0.05197994868592953,0.04017384485958716,0.09306651867275596,0.005298070576478196,0.13885117867651978,0.002029902241264468,0.040736854185817004,0.19843921449708313,0.045533690576201845,0.004300104535288648,0.005249920338604245,0.03934337933208865,0.04508355501514944,0.16555477266780375,1.0094441588844894e-05,0.009541926784865913,0.17035038515477466,0.17047777121576443,0.058589185058670015,0.04959961126505889,0.010098961937400836,0.012871720474043445,0.006897742140553604,0.12616105621375728,0.19706152950856823,0.003144182493731924,0.019447369483340672,0.15846250679263815
JUMBO BAG PINK POLKADOT,0.16510289422264227,0.060035785446444744,0.06786718062306385,0.05493037511802841,0.006680158661393209,0.030016946283778365,0.040737424802922625,0.023131803229747058,0.05549236714531372,0.051740455556044736,0.0033380713088996183,6.693160167033379e-06,0.009819712041728991,0.10830304722553621,0.0014039871657592947,0.20205870248980934,0.12856212152857058,0.10359294233548542,0.005951742044598206,0.15337665269138806,0.12201181724218677,0.011012139385384333,0.0318207783214127,0.0024068984783569185,0.007054768996264071,0.28549463926303537,0.2192386903781539,0.14217879786086188,0.1913555525546857,0.07997014347187785,0.11406130227337268,0.00650249529755575,0.011760131344545325,0.24185343621812694,0.833649612314185,0.8731223125324836,1.0,0.8081094347989489,0.8668873361733507,0.8139406212579836,0.9124785252496654,0.41832844673467817,0.4505628409809431,0.18239428457255968,0.14448856782975747,0.24997148145121648,0.2139097524591386,0.19889588253924523,0.1647323138754509,0.03926095249020468,0.0007395406445868453,0.05807860776324156,0.022174569484263464,0.011291146799464425,0.011221482505248577,0.001345213084622137,0.0012381161748773778,0.005714691694554269,0.10138373058096438,0.002479146371623975,0.12320909503440096,0.049849318559776847,0.036472947013482686,0.10890420888892904,0.0907573102658068,0.12075134840735796,0.06045581624450644,0.08009511381787104,0.09371500466830175,0.0,0.20227474426471195,0.3142089132286642,0.0397521408671445,0.03634265566583139,0.1814994773706558,0.023500759444870293,0.12058930016106945,0.006076089242737331,0.03990941337655241,0.1945619809464221,0.049847442479509826,0.2637805956956268,0.008882154838845175,0.09236638729629154,0.08915934005611541,0.12615015544582936,0.00016454006392668748,0.04415219723081887,0.13927752535900656,0.12627505128205724,0.10268595202144536,0.09074702541992177,0.024776574404651065,0.01814394682060904,0.01060165134190802,0.16598401858830053,0.15784915801354754,0.008369899389623119,0.012058606803199595,0.1182175201017632
JUMBO BAG PINK VINTAGE PAISLEY,0.31738780913288767,0.09628149820459563,0.13110562233466969,0.11296325360265472,0.006683644659604283,0.029405207445939396,0.06112207151701086,0.15804325383954332,0.07964388809916156,0.06172038190793113,0.004180801232366633,1.2416201709909148e-06,0.009841645619758607,0.17527292399276154,0.0018212641064924893,0.002099378888061817,0.18776781820065266,0.2931962939730392,0.05413174626563787,0.15168586307260765,0.28235805675653325,0.23566553052698172,0.039965472633777165,0.0030144421223619686,0.012554777648379688,0.32408970318741626,0.27657567409237654,0.19130046216494853,0.2939711300737678,0.11782772467375728,0.260027974864295,0.029510462049335662,0.022335028585386017,0.34243703901239875,0.7757810331018715,0.7550883892965468,0.8081094347989489,1.0,0.8012054169391815,0.7642485945959717,0.783196963232667,0.4973928494386071,0.48504212033173216,0.20570090889611875,0.2175302735456124,0.32450805575151864,0.29461659636758875,0.34248709087136747,0.24556356100055737,0.1607341238203328,0.00283633948891611,0.12962103189926732,0.02657773165520318,0.024447784189818314,0.027180425359645113,0.028843171652624167,0.0034948796383813567,0.04449759112346836,0.225882125823283,0.0052891692921722645,0.18588885524763238,0.10448390731951564,0.20559470935646518,0.23454507487206677,0.2436343525481517,0.2771562668737998,0.084980595489906,0.10352486377110909,0.11374736735211946,0.0,0.1964848465435561,0.37790949149322733,0.0864035587362582,0.07409082599343526,0.25444811048663035,0.02726433674477168,0.21986462179902874,0.016797440041347082,0.04594425235490786,0.3228939161857327,0.1258105388306307,0.004086333972453753,0.013187402663904663,0.11613168737291012,0.11670547631324098,0.25925698405126035,9.148998655180926e-06,0.05190529724799568,0.3696337635202456,0.31465729461009845,0.11853201293425168,0.08955402483439348,0.03215812222035138,0.03377824048348618,0.035186584959845085,0.2431220654599471,0.2881431363043739,0.010695786255523315,0.17580266202429026,0.24934060333099772
JUMBO BAG RED RETROSPOT,0.2978618704898189,0.09973898578120306,0.11143929484355534,0.08467294444510558,0.018122462541046828,0.031123627001625218,0.06406262503272141,0.06205869189348414,0.07358480436777828,0.05234674857992876,0.00466280699472171,2.877087902611229e-06,0.02905078713891859,0.126750338049199,0.001382485489783703,0.285435938810849,0.17383198359777374,0.15469920056440975,0.016702857843483885,0.17505084889961836,0.28675632581909277,0.08998574786115415,0.04959470417630737,0.0020864577189684697,0.011219933944927096,0.2147817785697089,0.21386226611570525,0.1588535495862652,0.32357007173125263,0.07951584229102727,0.27724363160247467,0.017288581731798293,0.020127802218272168,0.2564280385031311,0.7678299323945246,0.7415259855914164,0.8668873361733507,0.8012054169391815,0.9999999999999998,0.7422270845363138,0.8833949631380155,0.47344305138475457,0.4595020083476568,0.32315834247655917,0.2558584500102252,0.46225261203987844,0.3748497066735787,0.3451332115807002,0.2933576320946031,0.0900603091908973,0.0013991138412418008,0.11102564393525957,0.022244908569509416,0.020882391414503033,0.014860407525458991,0.009112158881249045,0.0017323936687686325,0.018600684026373413,0.2013001263176762,0.00481140103632115,0.19703841981774875,0.08340317633663362,0.09531615940836431,0.21367913281881054,0.17892431889381313,0.2511462317422746,0.09011788817309431,0.11356803167139963,0.13003880579483235,0.0,0.231218331427523,0.32976635646922187,0.1113786333612628,0.08537176311714904,0.1843807956488989,0.02775617384830108,0.23652769009852573,0.007614551207793322,0.06435716467584544,0.3206845191195568,0.09456614404585748,0.37266014452179647,0.013898288481051044,0.14547737265111602,0.14453294832771874,0.2914338102865966,0.00024005746605536645,0.046901573839719206,0.32576292584143424,0.297853869209866,0.254064317837407,0.2576351939733285,0.02743437498326055,0.02768104297298731,0.015132197513371554,0.2800945784264098,0.3077392617870245,0.011022329989476653,0.06817387021200555,0.2689696997574207
JUMBO BAG SPACEBOY DESIGN,0.31907631738668796,0.09834937337157687,0.10214650561205174,0.08934146995767724,0.0045726636309284,0.011855910137020531,0.06293724777256261,0.023365832262875034,0.07238330552596241,0.04323227950675489,0.0034029545450584273,5.487794352990231e-06,0.005085682285298094,0.14289047436325972,0.0017334497588782428,0.0019598225963816576,0.17148273151697144,0.0288843723096827,0.05318013813056022,0.1582298346586899,0.38772533696521594,0.023061035253276203,0.028460386864318198,0.002809305549132226,0.004338740527472699,0.005963254014551659,0.053322574080262135,0.12522355148550607,0.36723379188894734,0.07173971000521798,0.3644072197673638,0.016218840524931846,0.023921015833577496,0.14994424898079203,0.6583807331994053,0.8893513966201169,0.8139406212579836,0.7642485945959717,0.7422270845363138,1.0,0.836801661512672,0.358545085992031,0.2519858950973428,0.21017796353912796,0.21740387335435565,0.34434876387651986,0.28433585479746615,0.4291731120300088,0.29749489913353006,0.05920292478003383,0.000709169072774274,0.13688417086021518,0.013784015273666605,0.024803633182560948,0.00756637029034247,0.0005502458159655925,0.0011198074874089472,0.004777660372777427,0.2520920018441323,0.005116921431405682,0.22498825765909655,0.09489614425234862,0.051448014001882154,0.2772794936605082,0.12282668192734628,0.27034848286924235,0.0923904878114363,0.1132599073972275,0.1067902519244881,0.0,0.161798598673251,0.06945341925227756,0.10357524328465578,0.08497478334266474,0.02931289348988298,0.022816445938621657,0.30529660325767255,0.0016387849384561358,0.034507777643594924,0.34101499383487394,0.09931330382933751,0.005313664309112456,0.015655635128795024,0.1324696121460923,0.14036199037907277,0.3596018077707035,0.00040716206734651067,0.040621529527008655,0.3946484602901968,0.3845649821986144,0.06677272526063316,0.03574826479712439,0.014590642163998857,0.027027198253042357,0.010926783689596768,0.21190421720290703,0.38566450467643565,0.008563413016415996,0.012984506222271755,0.34989830825765944
JUMBO BAG STRAWBERRY,0.15077449571895138,0.057613904646691416,0.08360169210323808,0.0641653741908191,0.020409537131129835,0.01711691816237945,0.0376877337940912,0.022334577089626065,0.06918407982492802,0.05659283896219899,0.003574466381844409,3.257389531838666e-06,0.005120848765981321,0.11493991377835737,0.0009708280471649488,0.2084010645463173,0.11871230422299253,0.1068754003655682,0.007128926911818213,0.14470059099761345,0.10354469241941769,0.01560521733768662,0.030411987085725765,0.0011744380966040497,0.006219465917463357,0.16959514852950064,0.1587380686482084,0.1190955164312783,0.16342669721980854,0.08453406149568723,0.0968626011576859,0.005451100127764673,0.01156340956798421,0.16394170164347266,0.8335821294777433,0.8597067795008884,0.9124785252496654,0.783196963232667,0.8833949631380155,0.836801661512672,1.0000000000000002,0.36796216721457486,0.3408855355143364,0.16093003055605098,0.1500785647226982,0.21821998129001582,0.18649397101212067,0.17721496754519392,0.1175612864289268,0.03360983881326032,0.0006113824988230081,0.046542755246866636,0.016849671496697263,0.011799261399216294,0.00961210384327413,0.002572321501412785,0.002146056958270367,0.0065326349289664245,0.10839955560051133,0.0021368621786374904,0.1156263604426391,0.05385904115065779,0.046018145389750936,0.10391921124812306,0.09587996764328398,0.114992262889966,0.053062705368026056,0.08183119210346353,0.08965905971386122,0.0,0.16681430477594533,0.21011812104116123,0.05130692447387239,0.04216380453472505,0.15631814817770154,0.023266524216123585,0.08493971812555551,0.003431706763692795,0.0520961630795113,0.1337633584073051,0.05060878589964554,0.2687215177578078,0.007822456510962448,0.08816307646191161,0.08547128364701433,0.10560375838136907,0.00011376803057652159,0.042248006909085846,0.12350538763937664,0.10482372949711442,0.13359593401759348,0.18280231781543083,0.011405258605520625,0.016918580618182157,0.021731476733986413,0.1471894075646963,0.11546428215709557,0.009385026934272829,0.011967001417370216,0.09915816695922201
JUMBO SHOPPER VINTAGE RED PAISLEY,0.3569733941095278,0.15211974600187664,0.19910749028843458,0.16093093329337815,0.011485515018575754,0.06735420822044197,0.10535272005221252,0.05095705186499964,0.13846067811783055,0.1210087330553084,0.013093215202262549,3.33585287940464e-06,0.027084157885373782,0.2836177726733249,0.002309159676702279,0.003293956435428795,0.33344279976641783,0.17052670160146585,0.018132469081971154,0.3861190557922153,0.16479701688668452,0.037857014228447526,0.045569084568350716,0.0031988672389216205,0.030824229812399788,0.05404480232045344,0.12327906044119416,0.34282295114479927,0.347944752418532,0.23193724688034342,0.1798643863638021,0.014745913457674705,0.02708473632315951,0.18620682576247338,0.4186458529758202,0.2543076889633583,0.41832844673467817,0.4973928494386071,0.47344305138475457,0.358545085992031,0.36796216721457486,1.0,0.7788913195815576,0.32731631238286085,0.3099109314716198,0.44692758713010766,0.39806896063367475,0.353904357880712,0.24389516212721135,0.07933776414784915,0.0019178094815555543,0.09343017058569357,0.05776280693154101,0.02961480612732528,0.0206052577324691,0.011886548315621612,0.01026483543791467,0.015835089804603655,0.25173503779085005,0.004514315336204026,0.279503129607312,0.14236910506205927,0.1261054313347922,0.20317980020822765,0.22967499378871284,0.21956235122853462,0.10509185372104332,0.20548623694095006,0.2983622364591916,0.0,0.44095178579589644,0.0864867508988294,0.08769469205252875,0.08405989391312056,0.1933141889481928,0.0670609307539215,0.13455799274784783,0.017506829500813635,0.08479731235622835,0.17060251751231545,0.11898180322849378,0.01195380256831054,0.019716061911309327,0.1547869043966591,0.1470344789687183,0.17263950852312454,2.9350786523393393e-05,0.12721315557694757,0.21155075236806895,0.16716259768863606,0.20064093389768817,0.12202594207144443,0.042433231741428115,0.05239236616624484,0.08142590726972944,0.2270808276434097,0.21534956890026316,0.024427592238256562,0.03156406087153139,0.16314539443449486
JUMBO STORAGE BAG SUKI,0.20361625227219166,0.08202548496724393,0.1275488806952699,0.07132833242617825,0.014183487845426272,0.05932881734236857,0.06158352389089871,0.0800807354420048,0.2058655223768261,0.10048613265798219,0.0064743163234084284,5.991830955135248e-06,0.029327200688998963,0.3014496614429698,0.002853750875273565,0.0055591854807078254,0.20985608139666687,0.1519267927217022,0.07025532402807384,0.28395628630733416,0.03515022803386914,0.056862605363831156,0.06357429141862424,0.006643001798181316,0.018681776513874503,0.24717630976319713,0.26738801943676005,0.2159135020749205,0.20413583716014855,0.1426597534141034,0.048335166423721376,0.017344438536450638,0.018935409160636046,0.19587138235686977,0.493156307145025,0.27384192608182034,0.4505628409809431,0.48504212033173216,0.4595020083476568,0.2519858950973428,0.3408855355143364,0.7788913195815576,1.0,0.34943643100443955,0.24232252541570956,0.35846694590817596,0.3172107187049045,0.23158259065758086,0.20529903540557237,0.07175421657828009,0.0015640849881700945,0.030704435440754612,0.05082796185977389,0.010366844643829393,0.02191713885960322,0.005597317157695418,0.002526336284987469,0.019618150880007477,0.08374215727218444,0.0032143065795459283,0.1752003100460632,0.07512348205936559,0.07914404065611415,0.14242033267276122,0.14336070632639678,0.1203320791771313,0.07993463922482112,0.14891177377860682,0.17018046555550634,0.0,0.3708245078250586,0.29040216285885717,0.0358501445808435,0.03460867286695354,0.20177769783611896,0.04932491575581589,0.03873879607325451,0.009210926424987076,0.08112975418827496,0.13496362041311988,0.0678572492188187,0.022187903173993714,0.016252133412386776,0.10880549480053875,0.11157424497347113,0.07537743903974985,0.000761554127132917,0.09158125645172024,0.09591534577389799,0.049846158583389436,0.18241396281357392,0.14063041839909804,0.03487594432034072,0.026767139016167587,0.024198027503327113,0.18154643301558418,0.15060894064415165,0.020409046320681648,0.053401197715698276,0.05871922706088531
LUNCH BAG  BLACK SKULL.,0.26834737691697785,0.10351337925268257,0.15103459393539892,0.09693157029459841,0.01371342613986741,0.04845082222833997,0.07063504598856324,0.021964496800380613,0.05849424652268509,0.047312147986551235,0.0047277596216749925,4.29958196023135e-06,0.051069152983514374,0.1303684083213957,0.006421870325713537,0.0010919608712160434,0.16522699174027852,0.08071618969688937,0.06576665712517771,0.13348668845970255,0.2925941487565193,0.025983239215738994,0.06053851357083638,0.01066539300652797,0.021036675438013082,0.0036115586652358156,0.10446742086303196,0.170597501900846,0.2977604156925415,0.08180397719779864,0.27961197707066726,0.02294768390873684,0.033718726307743384,0.1368188417030255,0.20544132824204933,0.1526266877673678,0.18239428457255968,0.20570090889611875,0.32315834247655917,0.21017796353912796,0.16093003055605098,0.32731631238286085,0.34943643100443955,1.0000000000000004,0.8406973815777794,0.5772928335655401,0.44042504529706256,0.4006762623389844,0.8051464626811152,0.04910946582331565,0.0011128122498156481,0.11926175911638907,0.028932783798186056,0.02939641142135644,0.011478437894257749,0.005019619084791315,0.004898312638240215,0.006845653050512884,0.20083779739980923,0.008007747047892642,0.17052330450726938,0.11108468591520429,0.05810672320285533,0.2977921783774716,0.17208747956165618,0.2317293669236594,0.10915399777618774,0.09200718407139091,0.10842572857197075,0.0,0.22242056033897223,0.188455725207186,0.1252381040729638,0.08352601738512304,0.08778875624328211,0.027211754090921005,0.23890484951906507,0.013202000437090229,0.08099610002119033,0.2827759027286457,0.09637592078768832,0.007329842322315982,0.01080792289470992,0.1442746961840075,0.14252967922542084,0.2824613345212161,0.0005962092854309957,0.042158251571810024,0.30288713283387775,0.2902975390721909,0.34354242134925045,0.27337580468055517,0.04332665081801804,0.03117751307994733,0.021577548326300447,0.2722941856752509,0.32826290389147833,0.010231314115536433,0.023022464202492897,0.2880752584209433
LUNCH BAG CARS BLUE,0.28342079376314355,0.11819279279548288,0.2634569022804016,0.22218708562000702,0.008156950697254767,0.02753286688227695,0.056616825410418105,0.020212941775065812,0.13824624472723007,0.03847834907711058,0.007229234912107108,1.797962075248682e-06,0.008658213301558958,0.17737651719540734,0.00798554993135782,0.0014973328550809536,0.1997376042967023,0.2642939113715784,0.06626614281706929,0.12326984385258308,0.35439828411731444,0.02882434011571378,0.05309282413829474,0.010658529785858266,0.009175965591557598,0.006998382525951955,0.1169261551450314,0.2737512665780367,0.3105356612367192,0.20143762037070773,0.3115777231078343,0.02071333202110862,0.028994289009914576,0.2572116259998057,0.14200190624458967,0.12670314026075596,0.14448856782975747,0.2175302735456124,0.2558584500102252,0.21740387335435565,0.1500785647226982,0.3099109314716198,0.24232252541570956,0.8406973815777794,1.0,0.5483204336505347,0.5467175126527416,0.4432514160455384,0.8404940682272559,0.04742339814201185,0.0024147177300502315,0.17166202964986702,0.027380733671832004,0.04738483325039612,0.008200264590505116,0.018368442361913033,0.014250401861437119,0.006540324661328076,0.3785861898800357,0.007830306108589487,0.18476689270549776,0.2167143587408396,0.1533330463899926,0.347889969322361,0.31635819968072876,0.2849672133016119,0.09625218834596774,0.10166121576180527,0.10360188727355372,0.0,0.22957459934138874,0.09829315700838975,0.12359687214305395,0.12653117473276176,0.2723094259039474,0.03997791830114429,0.25959198426748714,0.017338559065631982,0.0767504137895925,0.302972511665347,0.13506966753713168,0.007780489126201948,0.011105690448434657,0.13147382172316496,0.135436167387691,0.3096298181868904,0.0003401905719196067,0.07752018015241101,0.3306050181303522,0.34100098235272025,0.15685435339007817,0.23630363635661808,0.023270966597846776,0.060238508695425935,0.12962620408080341,0.23150440713009776,0.35098620200071845,0.014367895771209605,0.023496027422665582,0.3070198414124482
LUNCH BAG RED RETROSPOT,0.4690885766624119,0.17137359642353753,0.27365247891667477,0.22412412769128268,0.012052600221523938,0.058234398486235114,0.10876468890945412,0.03226895672312695,0.12757433212577218,0.04325510552958215,0.009021992121837245,2.209218537693303e-06,0.056032305591284165,0.1926930378903413,0.006226492101748549,0.0011092839028925723,0.27429143724940863,0.2065553251601521,0.0081671805538615,0.15429804139473355,0.6128695391966539,0.03496618357579965,0.0579069894774766,0.0077901586268599434,0.01593593551824374,0.006403838846108408,0.10681387995638582,0.30999775278445535,0.525397576369222,0.18406509193162449,0.55243538020658,0.027171239224036667,0.04285273790342128,0.3426334977662601,0.23530918407146978,0.21142258703040065,0.24997148145121648,0.32450805575151864,0.46225261203987844,0.34434876387651986,0.21821998129001582,0.44692758713010766,0.35846694590817596,0.5772928335655401,0.5483204336505347,1.0000000000000002,0.7133494546655915,0.6976441814009116,0.5932669562867829,0.08225667032639943,0.002704827859488637,0.28133543556319807,0.0406373085406665,0.05551771813160617,0.012679555621924247,0.01618233679329408,0.011291138174395716,0.007583803663865903,0.4724075688160612,0.01376548454085303,0.29005682221075135,0.23110527587416488,0.14896852477433659,0.49405454988510467,0.3571219332155747,0.45725114570979075,0.14956653215013352,0.14355363378992803,0.15442857292558268,0.0,0.30361177547232854,0.226165488508327,0.20102882455709772,0.16697335953998,0.21928351640341642,0.04519712918375502,0.5012611862810804,0.02944859933567408,0.09569281007177564,0.5513993115634946,0.18736223543831304,0.01228823192451581,0.0212215636894251,0.23490774199678638,0.23445908666163465,0.5523026975696699,0.0010993596356801286,0.08030189937308757,0.5806163111952771,0.6000043623001219,0.40341191341420846,0.3532376070415624,0.055497383829785335,0.07194980183545219,0.09018494115490112,0.41276587684137844,0.610979952607908,0.013566450547461629,0.024709559686293393,0.5499776693432048
LUNCH BAG RED SPOTTY,0.37292244826312854,0.23056043835282597,0.36384106320409354,0.33869468108511047,0.013488015327913574,0.03824197434245105,0.08645206813600079,0.036687867745797464,0.18370668003063376,0.05584228842294987,0.02285942022168585,8.348538956855582e-07,0.008900748871405602,0.2523686259229013,0.0071703554818394214,0.0017791083102860162,0.25520577782455744,0.3415321481725863,0.09874513625441811,0.10591429154276297,0.4895793826384463,0.04126773692462812,0.06801713186860632,0.014661713719009865,0.0314738494490413,0.008991958638240333,0.15357763273111086,0.34781165656546664,0.4106645951967099,0.2612129428278106,0.432414885569801,0.028851460004844016,0.040569200974528735,0.3679773337587813,0.21859278932133688,0.21612770323669211,0.2139097524591386,0.29461659636758875,0.3748497066735787,0.28433585479746615,0.18649397101212067,0.39806896063367475,0.3172107187049045,0.44042504529706256,0.5467175126527416,0.7133494546655915,0.9999999999999998,0.5785322658699146,0.5632576876719632,0.059731219925339696,0.0028716924526853782,0.2343239439571317,0.03261547710441778,0.06747749033207996,0.01606359238908423,0.026203654619494577,0.031086297432447868,0.008747394859611068,0.5017295514748762,0.00972484644078875,0.2398569357768042,0.29271940177961486,0.2107361870269589,0.4720691168235183,0.4964017346789528,0.3999191507119932,0.17329878132195692,0.15511416394632138,0.21095195276351134,0.0,0.3840047302006584,0.12846426911000045,0.1646890277134729,0.16814534729500782,0.37925107148992354,0.0401192032433458,0.3803090686687507,0.048073299540448054,0.12730134403494325,0.4340154135877627,0.1924061214284666,0.010012487237610822,0.017339162244698485,0.17099432450025748,0.17755491517880959,0.4202018109237019,0.00039822704101716744,0.08511868685201354,0.4607052119908216,0.4725343611810421,0.2259573710065295,0.282139183018398,0.044553686373454034,0.07336683628152099,0.15211149914369868,0.33323880633878367,0.4822321208963275,0.0142543864599929,0.023522612260864786,0.42351016491526056
LUNCH BAG SPACEBOY DESIGN ,0.5841090101270727,0.21247480755830522,0.20160253380220633,0.18063869722317755,0.013947533818079973,0.0352133266926964,0.12103225506697302,0.04591787238611351,0.10209344036203419,0.04780733698768372,0.006746381642770568,8.550806277820816e-06,0.010466671138066158,0.1692506705390995,0.007451791249830019,0.003035614667159928,0.25527909275337224,0.07217325694900752,0.05739496143488523,0.14165794551494756,0.8228481741762719,0.048355632799583846,0.038068693109780935,0.010068114547269252,0.016278090152949662,0.01191145116900898,0.061404462018927145,0.23108546383918346,0.6473284849220688,0.1023312586128787,0.7231706252527794,0.0349497329950704,0.053549064620544345,0.3745294163554235,0.11723258531171339,0.18319447170806033,0.19889588253924523,0.34248709087136747,0.3451332115807002,0.4291731120300088,0.17721496754519392,0.353904357880712,0.23158259065758086,0.4006762623389844,0.4432514160455384,0.6976441814009116,0.5785322658699146,0.9999999999999999,0.6256601798111043,0.10614534743553143,0.0021778488971730793,0.38417917721058453,0.02194887477092881,0.057259877930520287,0.013840845027775089,0.012675939336594617,0.006351780710981741,0.007389445682737989,0.5110715182830643,0.020340308798686705,0.352645194319794,0.19067317377914134,0.10759836323376354,0.5835916325329186,0.245248496595704,0.5252324679993768,0.16700842699938234,0.1660203738665088,0.1474067429022436,0.0,0.21756584663020062,0.13982957676685484,0.20081050430385028,0.18196409186762602,0.06928763301043293,0.02631894834886842,0.6706097166133869,0.038674619611811324,0.06753994992236009,0.7036136449845967,0.22225557380900932,0.012232035232102754,0.022076276941766695,0.2548575735499422,0.2593766329689147,0.7073790769822134,0.0008672786942204314,0.042671073942581426,0.7966796656812305,0.8083598157039699,0.06641505576501305,0.04463775148265602,0.05225629936339226,0.07104490480738272,0.047926521907407926,0.3926057734878887,0.7558174494106618,0.014588925509997462,0.029120384779182606,0.7093287864079737
LUNCH BAG WOODLAND,0.4168627863462819,0.1310805234290851,0.19377046760898886,0.17892950769433086,0.007653956527239602,0.03228598011314708,0.07232740685055916,0.025345943205300595,0.08792866046026837,0.019919971556715085,0.0036487567159034615,4.2902994237263455e-06,0.008161212012458851,0.1323423980282821,0.008013455635133414,0.00207801234421762,0.19516772357761267,0.08779688556103668,0.005111479415658992,0.04659206189990148,0.6306965099017183,0.022402693862585893,0.01713653084080001,0.012580102157624427,0.01702303983103324,0.005183728578914982,0.03286913659756292,0.20793712363329525,0.4808363054192108,0.09034773915713565,0.57223861285556,0.02202558809556149,0.03560750209999753,0.2915485646919214,0.12016503485000715,0.19283357636894516,0.1647323138754509,0.24556356100055737,0.2933576320946031,0.29749489913353006,0.1175612864289268,0.24389516212721135,0.20529903540557237,0.8051464626811152,0.8404940682272559,0.5932669562867829,0.5632576876719632,0.6256601798111043,0.9999999999999998,0.06461542894435449,0.0018565776043495286,0.2523512500399284,0.02048243835745439,0.04677916862028386,0.0061738004261577915,0.009765960024617895,0.006808944588545057,0.004288143589345243,0.4207723178101219,0.013123646625640828,0.2315212843841025,0.17927675217857864,0.10092552522680355,0.45917847629921593,0.2663779624013291,0.40944401901575617,0.1412870469830924,0.0790208950096863,0.06730464024549972,0.0,0.19904103005972956,0.11404488804729805,0.15784984540885152,0.15110063223547437,0.09084035347813618,0.018906906789120055,0.4992389155180547,0.01460877128089417,0.0503305943932223,0.566589684736821,0.1565303868167242,0.00823008032716115,0.01556178439872316,0.1613970864919899,0.17636680959924111,0.5657282186098012,3.0644138516458123e-05,0.03444203886571955,0.5908749732106053,0.6158769630770119,0.060592053930065094,0.06096482870082719,0.035471077968064924,0.051455432242730526,0.04729221005789043,0.29233352497911574,0.6289422995027272,0.006044750550140015,0.015259423989081424,0.5589989336271436
LUNCH BOX I LOVE LONDON,0.17635462677245978,0.14703669178562928,0.022352501058853242,0.01754234810774554,0.001564271294836418,0.4969839583177876,0.20216946073858316,0.41627685310997253,0.008334791950835824,0.008059678177843616,0.0013290174941392914,0.009406721334082341,0.003377911176823402,0.29323533767839205,0.05134851074505886,0.0001881952168759334,0.044117391461243,0.24981269090628,0.0010715049406547132,0.07264417216267918,0.184816012639097,0.4050016614010394,0.005599501760394736,0.0004026799681156847,0.0006650062011517829,0.0018567026240843842,0.010297788038256669,0.022553234475713058,0.08620164946012983,0.44634969411697006,0.07358672322675087,0.030674365524290276,0.004060653390395359,0.046091810900921855,0.01618365360102159,0.02935467786741974,0.03926095249020468,0.1607341238203328,0.0900603091908973,0.05920292478003383,0.03360983881326032,0.07933776414784915,0.07175421657828009,0.04910946582331565,0.04742339814201185,0.08225667032639943,0.059731219925339696,0.10614534743553143,0.06461542894435449,0.9999999999999999,0.0031886566364371085,0.3191416680234404,0.008866518174413461,0.006598202587417729,0.5112947219740007,0.044188460483147556,0.0007711890042360548,0.0701526490050497,0.05675256055913433,0.0035391571633022288,0.35223280527329204,0.02276476521376654,0.3237016727853961,0.11192053418140359,0.29417571519797037,0.23387385010949155,0.020305988080999454,0.13782965276725073,0.04867852512782204,0.0,0.05052876506977744,0.014559776129952814,0.020751528224992873,0.018097544319006228,0.003777677727346407,0.013005401695485393,0.08771963789252206,0.020929060882517385,0.012341878415902077,0.07958534905880034,0.45486745896324954,0.1538275495880485,0.00396382717451259,0.05363656527562373,0.049278242894106726,0.07066275178553962,2.6333957928826746e-05,0.017069983738216797,0.25037867202913916,0.2869486726931153,0.018442319100812222,0.00564479034014821,0.024545661349439245,0.3116946852479199,0.3509272453004192,0.062386787668467406,0.22994025354538591,0.13255599824078068,0.7096222554093503,0.07035729521380366
MEDIUM CERAMIC TOP STORAGE JAR,0.0029532122376363986,0.0016749213071619194,0.0027317765184624934,0.0022680030719327265,7.780993175622063e-05,0.0003972066271951161,0.00030549398455861833,0.0036443653497297748,0.0010789157870909993,0.0003138189984699447,0.00010040999897068782,1.5739663513413017e-07,0.00021232711213727337,0.0015918344857164162,9.936967568359209e-05,4.333324651359236e-06,0.0014482299078134415,0.00650572239951575,4.21848797955439e-05,0.00048688144521619203,0.002178375031147903,0.005892889819034597,0.0002199560796555258,6.676236351901142e-05,0.0013422803514502744,0.00021614619995568606,0.0006542338674432253,0.003276300628419844,0.0014686565716463054,0.002276228281647961,0.0012801135122770674,0.000499809991508927,0.0002054111143929454,0.003388114474713496,0.0006936033310265553,0.0006793941488984461,0.0007395406445868453,0.00283633948891611,0.0013991138412418008,0.000709169072774274,0.0006113824988230081,0.0019178094815555543,0.0015640849881700945,0.0011128122498156481,0.0024147177300502315,0.002704827859488637,0.0028716924526853782,0.0021778488971730793,0.0018565776043495286,0.0031886566364371085,0.9999999999999999,0.0023482515000955383,0.0004388564387579782,0.0004142231528528077,0.00048809693156256893,0.0009482691040107408,0.00017386677351435888,0.0010579160384309365,0.0034613646622017502,0.00014489628543648607,0.000747926788165849,0.0021704784086801652,0.005228814788108965,0.0028716722091932834,0.005383603612828191,0.0033396269142123,0.0004344994640187345,0.0005356368810103543,0.0009830623440741687,0.0,0.0018772069403004833,0.00030924455557668256,0.00043387023756961935,0.0011098923522893248,0.0030202658003750035,0.00043839880060794534,0.001623772122643448,0.0007246064295387798,0.0005389047521172024,0.0015600252029841198,0.0022367286757959417,5.6815480283575474e-05,2.953905378020089e-05,0.0007695247295776487,0.0006304825927233096,0.0014475560360891154,1.3545985497276751e-05,0.000815232617545962,0.0038306856904767117,0.0029524059424993455,0.0007001353733900853,0.0008416276144739611,0.0005475368538078549,0.000937437745203637,0.0019637956990037246,0.0010590713722018101,0.0018610323066559757,0.00016823938739451747,0.004492048020201737,0.0013958144971723313
MINI PAINT SET VINTAGE ,0.2632071888143702,0.31773976589956915,0.24026637974360499,0.16353239766313893,0.030691611664381467,0.1169381855320901,0.07660078037416568,0.24519160759358696,0.07180869788173523,0.025936387864041625,0.027395065551260554,0.002044713241848799,0.016982309603187525,0.13132599189465594,0.031165439042389553,0.056430151234002995,0.1283607559881093,0.10120419275321885,0.0026155169436095616,0.01035076491329439,0.4316104116954133,0.008285396569296048,0.0080799307836257,0.002504875235087592,0.008593270326536529,0.006788634447603925,0.020396876136219416,0.13706524905504422,0.24074639219427313,0.17065149468286392,0.2979168391615166,0.011380069148834562,0.017866115573013874,0.41176951825257163,0.020165272020974866,0.06187486252535567,0.05807860776324156,0.12962103189926732,0.11102564393525957,0.13688417086021518,0.046542755246866636,0.09343017058569357,0.030704435440754612,0.11926175911638907,0.17166202964986702,0.28133543556319807,0.2343239439571317,0.38417917721058453,0.2523512500399284,0.3191416680234404,0.0023482515000955383,1.0,0.012593102900081116,0.030124729817304307,0.20725992478570965,0.021069866967498078,0.007422148616441254,0.0027060003501480053,0.5077696606686778,0.020022486855240402,0.18312965508873105,0.1250177169090948,0.18277961724228536,0.5031781658316399,0.30750691040542855,0.38131261507566955,0.1325053988131869,0.06560911529913335,0.06643285528388784,0.0,0.10255475295347115,0.05998417908903557,0.0907523312346116,0.08856947142922726,0.10042252746933811,0.015178695069752828,0.3602710285450696,0.10231616265275308,0.022837682043989713,0.3232094730738578,0.20137564539859995,0.037445220259065964,0.008961795884456005,0.22650207320652158,0.20889036604297578,0.28879483024580255,0.00012271122560098533,0.02764818928993197,0.3470638979114239,0.4225992190566665,0.030182168435761436,0.02526137646457331,0.011164709039480226,0.3010367603086376,0.27630522689757714,0.1442075281037565,0.3413946654108061,0.15890010698789206,0.09566203006208346,0.28363948076504425
MULTI COLOUR SILVER T-LIGHT HOLDER,0.02733423691690527,0.039234970190699416,0.030851328772133955,0.022497344197730716,0.02298276529102188,0.11722823696569974,0.01721269634396138,0.010327219080915665,0.011608654246481205,0.017577679518251964,0.0025647543589485435,2.5177263446472106e-06,0.01022514323723253,0.039219540770852254,0.005933490969646013,0.0008721215682587174,0.062251607240986155,0.026614234241821452,0.0027469125416973673,0.012070741586308737,0.005692014121746053,0.008099529378799994,0.009008916173198715,0.005961984712803084,0.01132451715301549,0.003547404813620228,0.01272405356489817,0.06946206662272807,0.02843699402452896,0.0401490601718168,0.012340624461592078,0.0059042342507631225,0.010530159453560029,0.02682542626425909,0.03403016004507349,0.01464574788201866,0.022174569484263464,0.02657773165520318,0.022244908569509416,0.013784015273666605,0.016849671496697263,0.05776280693154101,0.05082796185977389,0.028932783798186056,0.027380733671832004,0.0406373085406665,0.03261547710441778,0.02194887477092881,0.02048243835745439,0.008866518174413461,0.0004388564387579782,0.012593102900081116,0.9999999999999997,0.005688939342627916,0.042039846296846754,0.0031779438734054234,0.0017461672604106684,0.002627188870344958,0.034945401107459674,0.0015485006968938445,0.028168901031273175,0.017527318890479156,0.01685099185895697,0.02229461784306864,0.03137753765371891,0.01614950418947539,0.009290484029408531,0.01924986341192013,0.03271102834741043,0.0,0.028502203872113833,0.00374635475655737,0.010881383943033018,0.014508800085834241,0.03114714180983201,0.006728094185888466,0.05300763348691424,0.004062136921602549,0.017401838725232415,0.008263482237455452,0.030371975019545312,0.002805289522124114,0.0005480612178709962,0.0037201771545419347,0.0034303703447624563,0.015287496724377762,0.0004113789031031579,0.009869487355353422,0.008875551974407031,0.004995249836227411,0.023798758053217,0.027662492319779214,0.022418526702913357,0.05156659124561994,0.03371154842168389,0.022302829701619765,0.018747443235624175,0.00505056323771474,0.005233936149545968,0.01794153344871277
PACK OF 12 HEARTS DESIGN TISSUES ,0.048957230526564664,0.046335716838460904,0.04816567149128423,0.047175423485330735,0.007676147377463602,0.005279762365238624,0.01016585409572561,0.004040872485951886,0.025323044211194436,0.010999646320271108,0.0020891824425882423,3.7825176729832015e-06,0.0009314900928449883,0.032685529285584804,0.0032016087265689325,0.0005566794274956528,0.02931550447002691,0.03945228751064842,0.0012606743845358112,0.012085774918014961,0.057835796177782665,0.007233090224297461,0.00482438673908793,0.002804935241356679,0.0064404174759920855,0.0019715349821625484,0.011024091683223148,0.04855886107942942,0.04875599462051348,0.032765723380415265,0.05515738205406906,0.003753393175886903,0.007290793761344913,0.04702233694584234,0.00824048604696264,0.011742406810080213,0.011291146799464425,0.024447784189818314,0.020882391414503033,0.024803633182560948,0.011799261399216294,0.02961480612732528,0.010366844643829393,0.02939641142135644,0.04738483325039612,0.05551771813160617,0.06747749033207996,0.057259877930520287,0.04677916862028386,0.006598202587417729,0.0004142231528528077,0.030124729817304307,0.005688939342627916,1.0,0.23341460086922372,0.9813849979148904,0.9873846623383561,0.974464954966241,0.06782282868353354,0.9849997290793351,0.028603056146146177,0.03982376539435727,0.0299105458901068,0.05980924567452026,0.05701775475058016,0.04855561923444499,0.0289476708132407,0.014961652407331551,0.024822005039000856,0.0,0.024969798134069437,0.01211964357211187,0.019961301641560764,0.028752877274733916,0.04085974035144042,0.007812113575706518,0.0446646835750485,0.004376765393942318,0.014589009947371737,0.04775004331850577,0.027534627536690087,0.0011968904915341937,0.001838998096440167,0.017130147639887787,0.019009517583945396,0.052522630797729966,3.8279297460366374e-05,0.012093367369224338,0.05522522328908596,0.055435806298241484,0.015769537484509016,0.011532897466573069,0.008121977685273327,0.012848731246698502,0.02795332239313324,0.035265312902673755,0.054931875970176874,0.0034909277267429154,0.0073878616829953616,0.051861904011591485
PACK OF 12 LONDON TISSUES ,0.022286722293409066,0.009652917017573717,0.006742710369388021,0.005693311374228286,0.0073041089067148405,0.004241775477505391,0.010908017519963481,0.23028039330303082,0.0029788766421349534,0.012651319264797187,0.00036360540921463345,9.000997992833525e-07,0.0018611562007511955,0.011170208888720851,0.054618530663821864,0.0003655844740617578,0.007109094865367792,0.040371411775744444,0.0009332968541539097,0.010780687361120327,0.003973697199144634,0.06637443591501374,0.002245951229542268,0.0007440901536145228,0.0005132267851821964,0.001062187977746613,0.0024717670758256766,0.011335067148846224,0.006086497590686679,0.008707603169487828,0.0016510044336240297,0.004891951897105631,0.0010153616263033406,0.008129300908359385,0.015398798198991594,0.010032774191035898,0.011221482505248577,0.027180425359645113,0.014860407525458991,0.00756637029034247,0.00961210384327413,0.0206052577324691,0.02191713885960322,0.011478437894257749,0.008200264590505116,0.012679555621924247,0.01606359238908423,0.013840845027775089,0.0061738004261577915,0.5112947219740007,0.00048809693156256893,0.20725992478570965,0.042039846296846754,0.23341460086922372,1.0,0.23917681562034043,0.23367426486097395,0.24339617625528537,0.008086355563439316,0.23422762106753306,0.0067971064332713466,0.0021569092046349304,0.04410344737433126,0.052981081437451824,0.03341440268742859,0.02325198824402683,0.007640569222326105,0.0041311367942021854,0.009249653142705242,0.0,0.022892130614511334,0.0012900264786923992,0.004028880522731232,0.0027531278727853134,0.003536099967333719,0.0036366281936602877,0.013789000451111791,0.003503606435423306,0.009011860392218261,0.005182966456349089,0.01335555392281852,0.0002558791099606913,0.00020202699629320736,0.008314371258248812,0.007278413541100022,0.001061351881128217,1.7693982994980446e-06,0.0037030483857543968,0.03205608314587366,0.017104485554708407,0.009456159280770194,0.006532248346363532,0.00437573497796794,0.32028486484713464,0.3688158048932086,0.009045882275775413,0.002704529297687004,0.09734865937070174,0.051068849652431685,0.0010967232792336102
PACK OF 12 PINK PAISLEY TISSUES ,0.029082716443488605,0.014757028281370982,0.026295925966747322,0.020828298331155997,0.0015979030777513383,0.0023210853517369985,0.0037363309308203006,0.052363286495853555,0.01121759690199782,0.003397131567902388,0.0014028535416534035,6.145106610803241e-07,0.0017617087690703782,0.0147668652916987,0.0022539206787873956,0.000266775629749795,0.009953484551770553,0.08088072509175168,0.0007494826264739623,0.002559832168504811,0.01047700990850128,0.08560455318299039,0.002170797352371379,0.0015253284862459476,0.0015151779076711459,0.0018369129224602985,0.006828190240134511,0.026199015625279903,0.0076668567652582245,0.022166390271922694,0.0017646187664057545,0.006861139896650735,0.0021130905192533094,0.026083298305233454,0.0015674667935409116,0.0033041029195509937,0.001345213084622137,0.028843171652624167,0.009112158881249045,0.0005502458159655925,0.002572321501412785,0.011886548315621612,0.005597317157695418,0.005019619084791315,0.018368442361913033,0.01618233679329408,0.026203654619494577,0.012675939336594617,0.009765960024617895,0.044188460483147556,0.0009482691040107408,0.021069866967498078,0.0031779438734054234,0.9813849979148904,0.23917681562034043,1.0000000000000002,0.9920014360455733,0.9939873805001629,0.029801750930867052,0.9909467821101368,0.00880819833016946,0.019419082045872296,0.0687814828564187,0.021538509550187865,0.06250797500763977,0.032109126218556605,0.0030159009116171582,0.005198735073243084,0.012699001308054325,0.0,0.017337373579235853,0.0015431496732135651,0.0044809109479090024,0.009519807086894167,0.03028645155790975,0.004436440997475797,0.007418312513275063,0.008497716150136142,0.006818972227016422,0.003878779579898158,0.0255879232064907,0.0003072557256488207,7.013088812085646e-05,0.006765441911635011,0.004936320206342697,0.0019368664868595028,0.0002488056313951849,0.007878082461716097,0.03902098218644566,0.02274680850252062,0.01114419665140203,0.006063322968179924,0.007302261919192966,0.008726615637623695,0.02016187922857111,0.009316467128775614,0.002418625258642224,0.0015711214582867054,0.0653097194400695,0.002582312667245859
PACK OF 12 RED SPOTTY TISSUES ,0.0062686095607514996,0.026087908465529358,0.019492564094249827,0.02213666274195797,0.0010722429119499927,0.0014368758014305203,0.004192561356057916,0.001315713730639712,0.007813840584469612,0.002139164932842347,0.003364094120733133,1.2214870085900844e-06,0.0009229171496614303,0.011478221767640056,0.0020921797166727667,4.935245364026515e-05,0.006404915014506152,0.020796440038434692,0.0006109634154675802,0.0012372047396456212,0.0039497583750980145,0.0017858344607911097,0.001331265532659353,0.002066782944934541,0.0005981758790195828,0.00034489906027791614,0.003579980536024028,0.017430098007927605,0.005738926571558846,0.015774525561050773,0.0009527646423130333,0.0005767509419680627,0.0011964345360441174,0.018354811905370434,0.0010648891863880058,0.0013125534624800915,0.0012381161748773778,0.0034948796383813567,0.0017323936687686325,0.0011198074874089472,0.002146056958270367,0.01026483543791467,0.002526336284987469,0.004898312638240215,0.014250401861437119,0.011291138174395716,0.031086297432447868,0.006351780710981741,0.006808944588545057,0.0007711890042360548,0.00017386677351435888,0.007422148616441254,0.0017461672604106684,0.9873846623383561,0.23367426486097395,0.9920014360455733,1.0000000000000002,0.984463567060474,0.020256656139518454,0.9952742812017846,0.008648487628630344,0.015453461304038013,0.014555575915894743,0.01310588489228908,0.0279746414703329,0.00980434690256751,0.009902386778933674,0.008467994567295611,0.024512428006069623,0.0,0.011762813454181197,0.0008200541272380607,0.001314106427363314,0.006638744542588431,0.024976328845432275,0.0023431872795301274,0.0032909975445759437,0.006446136334100333,0.004126737087573215,0.0029246383908846747,0.008453671194721487,0.00024137401746057472,0.0007067846777547018,0.0023322599808575863,0.0020030812311539704,0.0012942802351530837,0.0002962769969806384,0.0047902646038365995,0.0029033034192056297,0.0031180994814939025,0.0053561637631086585,0.004363284788543893,0.0024461661901421443,0.005216305332417636,0.013352326135217363,0.005778605803386902,0.0023817675797835947,0.0013828550485339409,0.001612108783463363,0.0017550226505791413
PACK OF 12 SUKI TISSUES ,0.03403182888683355,0.011247013858107908,0.008146400939635161,0.0063598758875921015,0.0010818450555385739,0.0014643237494847544,0.004220755596061304,0.08813353266436005,0.003834975106038348,0.008274136745879655,0.0005586702975814147,9.035477210073853e-07,0.00039148994577256456,0.015302718574719893,0.0014211206927105275,0.0005331075693529174,0.005432153028534511,0.08711933891975258,0.0008106211187652686,0.00452641204963265,0.001317780892357709,0.13784709867420336,0.0019939831590188874,0.0013846677025341676,0.0011765096177748335,0.0019185277569992558,0.00323438328710137,0.011866679447395305,0.006222975940351337,0.007429748119392351,0.0016581751721948406,0.010167186874163422,0.0017166593043096946,0.005228627521589632,0.011198894325983744,0.009278710374344907,0.005714691694554269,0.04449759112346836,0.018600684026373413,0.004777660372777427,0.0065326349289664245,0.015835089804603655,0.019618150880007477,0.006845653050512884,0.006540324661328076,0.007583803663865903,0.008747394859611068,0.007389445682737989,0.004288143589345243,0.0701526490050497,0.0010579160384309365,0.0027060003501480053,0.002627188870344958,0.974464954966241,0.24339617625528537,0.9939873805001629,0.984463567060474,1.0000000000000002,0.008562333667672043,0.9851359731005926,0.005718215527415423,0.0037632131155350317,0.08674941292459233,0.005450644271111356,0.06410957366851569,0.04037352221303213,0.005087113935475539,0.004293043894755999,0.00723694517632414,0.0,0.011473566158086266,0.001012809353850623,0.0026181566104515716,0.0030815854738585656,0.005987950214677747,0.0024912887745138453,0.0006929275861438092,0.004022831650797694,0.0068296347246685285,0.0011535701540723847,0.025036770195996982,0.0005151613235405768,0.00023785812528957843,0.0017605030895645063,0.0017592585205424744,0.0018794981629954748,0.00032791946577630205,0.002805470426326472,0.05696576197795388,0.02453559157537699,0.007317191369909625,0.005225843399636582,0.009036050352781948,0.0025063243296234413,0.0059455489143559,0.007187456609157597,0.0026663992693508167,0.0022686322843502352,0.10422167482773383,0.001605301139465133
PACK OF 12 TRADITIONAL CRAYONS,0.4292231145718193,0.3419570036145181,0.40979084408001265,0.3259794079878769,0.012232300441708376,0.01925103683541367,0.06785446596327566,0.08144562817190801,0.14395011235954477,0.050373227852405944,0.030051561463091587,8.445261312697173e-06,0.004371202174895214,0.14483582570213513,0.01171082794275749,0.0014168817002793831,0.2513294142947262,0.3138496340075096,0.008264454310230242,0.05313053059838355,0.5827284785235994,0.02452096721350728,0.02574415372663421,0.007819336639162294,0.020058694385485337,0.014770330338440217,0.06658257164273482,0.3636505520021665,0.4561600242775197,0.24267895518756974,0.5139803614338246,0.02105131611664903,0.038581103289332536,0.5043445716247306,0.05890528886491856,0.11642782215608573,0.10138373058096438,0.225882125823283,0.2013001263176762,0.2520920018441323,0.10839955560051133,0.25173503779085005,0.08374215727218444,0.20083779739980923,0.3785861898800357,0.4724075688160612,0.5017295514748762,0.5110715182830643,0.4207723178101219,0.05675256055913433,0.0034613646622017502,0.5077696606686778,0.034945401107459674,0.06782282868353354,0.008086355563439316,0.029801750930867052,0.020256656139518454,0.008562333667672043,1.0000000000000002,0.012335595803499001,0.24481133621949014,0.3011950593859262,0.2617825325296463,0.6286183599723375,0.4632072102606597,0.4833572690277186,0.14039136511432296,0.1018582856541364,0.15922858483110525,0.0,0.2078735933348842,0.10518229276198492,0.15171666764002142,0.1908454820139323,0.3074109191166019,0.04611667038760999,0.5871185213477929,0.052674114608957164,0.06663762964683494,0.47654852272761916,0.22307030884169254,0.008908463665581092,0.015745800243416156,0.14994359143424688,0.16254063316628656,0.49833539315090847,0.0006650254667650524,0.08505236464485438,0.5257123060432924,0.5595950157141516,0.09483821565054991,0.07185205484076382,0.029625158297187003,0.1451119994585632,0.2337917982605038,0.2845388733824957,0.5242071203205094,0.08115435691804608,0.021479209420509224,0.4936412796544374
PACK OF 12 WOODLAND TISSUES ,0.01423598145005962,0.011233178273324094,0.007884444654581756,0.005375041605163966,0.001342215728921175,0.0020363020996000485,0.0042821185518090756,0.004436988766591165,0.004951480376395071,0.01545335161795352,0.0006388620617705057,0.0,0.0010709045235414985,0.01378172205954712,0.0015435732037846592,0.00018703911712560537,0.004140640689164971,0.0036476071436356903,0.00023656192339979043,0.003028696667433053,0.016939121470410125,0.0018565887550104502,0.0012389347826801552,0.0016731356935946833,0.0013503554414122355,0.001987153782897958,0.002172322407493651,0.006876268223255238,0.01041337540235907,0.004809384470458189,0.010387842923043225,0.0012053805417976328,0.0017449260594832308,0.014937557653090064,0.001575594444329678,0.0029668779743717713,0.002479146371623975,0.0052891692921722645,0.00481140103632115,0.005116921431405682,0.0021368621786374904,0.004514315336204026,0.0032143065795459283,0.008007747047892642,0.007830306108589487,0.01376548454085303,0.00972484644078875,0.020340308798686705,0.013123646625640828,0.0035391571633022288,0.00014489628543648607,0.020022486855240402,0.0015485006968938445,0.9849997290793351,0.23422762106753306,0.9909467821101368,0.9952742812017846,0.9851359731005926,0.012335595803499001,1.0,0.007924841228009445,0.004847796709248784,0.005408643819586132,0.014587436244659387,0.008141772145259156,0.011444050303996511,0.004822079135100981,0.004104717309729293,0.0071002388549007735,0.0,0.007830511230556628,0.0026913781961911652,0.0037852598353916357,0.004936691624367287,0.0037630198005743913,0.001741421463967943,0.015407499107269894,0.004677560717021281,0.0042977250460874495,0.014037856818060359,0.008801001634552493,0.0003789390434213801,0.0006954039759898017,0.00960107524701067,0.007690540190185459,0.010551949258499043,9.898151157452087e-05,0.0020600969163339,0.01664753456666738,0.0162195898686284,0.002145450172819271,0.0019000308151165774,0.002813217236547179,0.004670115695299996,0.005844726245672295,0.007308581503416228,0.014876163342426953,0.002523806088272368,0.0024306130917457324,0.01082390503886358
PACK OF 6 BIRDY GIFT TAGS,0.37801440991255153,0.2696219648547125,0.10237364489852525,0.07168062872721251,0.020471488252416147,0.480006923400034,0.27027087238515646,0.023696156650093645,0.05889850958224389,0.03589731877126965,0.010301931967924755,0.008146917899454428,0.010395220628144235,0.4275908038746738,0.007090698368743571,0.002138688837001372,0.16781047936089166,0.044397802774664846,0.00876378313243593,0.22801392528803247,0.3743588839509137,0.054321916845854704,0.04111560059302787,0.0057914673248584975,0.016362077238893272,0.01124324697434946,0.0760642965870611,0.1033235005342417,0.3864573801344121,0.46463242950356237,0.29206949317895403,0.0145934384897597,0.02917683226527333,0.18712414299749075,0.03835462853892381,0.06385790281753702,0.12320909503440096,0.18588885524763238,0.19703841981774875,0.22498825765909655,0.1156263604426391,0.279503129607312,0.1752003100460632,0.17052330450726938,0.18476689270549776,0.29005682221075135,0.2398569357768042,0.352645194319794,0.2315212843841025,0.35223280527329204,0.000747926788165849,0.18312965508873105,0.028168901031273175,0.028603056146146177,0.0067971064332713466,0.00880819833016946,0.008648487628630344,0.005718215527415423,0.24481133621949014,0.007924841228009445,1.0000000000000004,0.09695064812000526,0.06504890251809942,0.23032019046325816,0.21229994067194405,0.28668551462347547,0.06375354925758801,0.2747864220455279,0.23925048817963096,0.0,0.18584281062685992,0.06299422230553597,0.09282792952150301,0.11145384305379642,0.06510598761280412,0.054552290315345905,0.2423360752269869,0.008401653069140577,0.04243440775484181,0.25899108144212885,0.4572282574890191,0.14068344691033377,0.015635369445676412,0.13861169022948666,0.13904403886340935,0.27873886169547074,0.00031000083762104,0.0602818819148955,0.3455922350680047,0.40272455606267704,0.06832519344670988,0.02276809996089934,0.030208490006003924,0.046760666715436626,0.06141179093833411,0.21908592596804757,0.42432921116440964,0.03881062153568507,0.37875737827943823,0.27446598810237227
PACK OF 60 DINOSAUR CAKE CASES,0.16777913833595307,0.16838370728657462,0.942792021709888,0.9548888971358838,0.00376101401138889,0.009834704031717321,0.03200597147885978,0.007826234149502034,0.09567196243333997,0.02256544812906696,0.007382369313217445,2.289356291671663e-07,0.0013811795342092246,0.11345795472323769,0.013036429088141274,0.0018668270109692537,0.1337091190293755,0.23201290989922735,0.0032087435829706535,0.06291080667228334,0.20655466415369889,0.010112539287870394,0.013930462534005825,0.01504536897976716,0.00795170805452239,0.004720021821320401,0.04658905846362821,0.20965991525593125,0.16389344463055308,0.16946727507873247,0.16767721529136229,0.007672964173310886,0.015266526069785659,0.2518044058852654,0.02293807602109244,0.042538779187539406,0.049849318559776847,0.10448390731951564,0.08340317633663362,0.09489614425234862,0.05385904115065779,0.14236910506205927,0.07512348205936559,0.11108468591520429,0.2167143587408396,0.23110527587416488,0.29271940177961486,0.19067317377914134,0.17927675217857864,0.02276476521376654,0.0021704784086801652,0.1250177169090948,0.017527318890479156,0.03982376539435727,0.0021569092046349304,0.019419082045872296,0.015453461304038013,0.0037632131155350317,0.3011950593859262,0.004847796709248784,0.09695064812000526,0.9999999999999999,0.6771867980568562,0.3724793430189724,0.7635880038220277,0.7761843138242143,0.8428869148345645,0.050919356188052996,0.07526912140290731,0.0,0.14032219026497197,0.05474695648311992,0.051082448914559764,0.09529089098170133,0.2281777254228704,0.03030011425713072,0.13840435310265398,0.021122844161802302,0.035928099387491565,0.15766001358283727,0.1072109176618125,0.003573936447053288,0.005821089522436165,0.05792659451148009,0.06227709753831661,0.166283794835515,0.0006790347925232106,0.061318832756284296,0.17648190910509343,0.19411865626312325,0.06202063376745517,0.051820317844216764,0.01093879554283792,0.052746638582734755,0.13613092379861463,0.11151716231082477,0.18583041585280927,0.012681881878801664,0.01410633510857628,0.16545468346909623
PACK OF 60 PINK PAISLEY CAKE CASES,0.20757639247462886,0.19658702702509379,0.6897742224227321,0.6712320715790442,0.006517771522820455,0.014443438361722395,0.03861425057976468,0.3182443101454388,0.07753707479459772,0.025227772611306862,0.01363603239734673,9.492321880224601e-07,0.001421459477325524,0.111298723381192,0.004611286184454197,0.0010794108758464254,0.09869743901771767,0.48333830634263847,0.0041770009380338625,0.038719697784831045,0.10202981577815753,0.4848688950915682,0.013779291172409324,0.004420058350316858,0.010824862490771229,0.004843753519364846,0.04186552786988551,0.17769859927270373,0.09113436171696017,0.15305758226391558,0.07205788656308461,0.03866411041372072,0.011347209653481535,0.2503738059638322,0.03006425651803285,0.04010385234769056,0.036472947013482686,0.20559470935646518,0.09531615940836431,0.051448014001882154,0.046018145389750936,0.1261054313347922,0.07914404065611415,0.05810672320285533,0.1533330463899926,0.14896852477433659,0.2107361870269589,0.10759836323376354,0.10092552522680355,0.3237016727853961,0.005228814788108965,0.18277961724228536,0.01685099185895697,0.0299105458901068,0.04410344737433126,0.0687814828564187,0.014555575915894743,0.08674941292459233,0.2617825325296463,0.005408643819586132,0.06504890251809942,0.6771867980568562,1.0,0.28677070879875804,0.7792725437127381,0.661188217739644,0.5825553237368369,0.042620090293713254,0.07347413842183821,0.0,0.1269986628759676,0.020693882568118382,0.03146312964764672,0.07154999696670804,0.19714367958180817,0.025690404739565166,0.06730768725481309,0.04946084111939637,0.03745539413491881,0.06991566006189626,0.1547606744854779,0.002646593148708974,0.005158793424092053,0.04026316037806159,0.04049693160321584,0.07208861854264184,0.00024403413174533747,0.050720672009532224,0.26996164875484746,0.1747384566309555,0.06679455685039873,0.053257752149930504,0.03899973775592359,0.06309178377981817,0.11631322020589488,0.07204931931888298,0.08116656444021274,0.1443257445731982,0.3716087913561059,0.07415109493126754
PACK OF 60 SPACEBOY CAKE CASES,0.4308810988461881,0.39084297866678247,0.4936775168444883,0.33420670052025825,0.008466894070900226,0.020260244426882325,0.06755967507384389,0.0891313651299327,0.11780687598159961,0.02882243666705492,0.016274392931013296,7.623333704248597e-07,0.004008384755206109,0.11404337680381434,0.01631276776872932,0.0006645549262375356,0.22057852724862986,0.20916706892310674,0.005800682491123843,0.04290615268362465,0.6599694022593313,0.014592408654519337,0.015397159670482184,0.009057577847782458,0.009045884615112146,0.008451258107475778,0.04032876001686483,0.2836785443277621,0.4791523110335741,0.16426287424945848,0.5735123020329133,0.019250966150915667,0.0362812525515606,0.45755775604068033,0.05126543712954119,0.12296010391075403,0.10890420888892904,0.23454507487206677,0.21367913281881054,0.2772794936605082,0.10391921124812306,0.20317980020822765,0.14242033267276122,0.2977921783774716,0.347889969322361,0.49405454988510467,0.4720691168235183,0.5835916325329186,0.45917847629921593,0.11192053418140359,0.0028716722091932834,0.5031781658316399,0.02229461784306864,0.05980924567452026,0.052981081437451824,0.021538509550187865,0.01310588489228908,0.005450644271111356,0.6286183599723375,0.014587436244659387,0.23032019046325816,0.3724793430189724,0.28677070879875804,1.0000000000000002,0.4371801671192739,0.5436515578248992,0.2167773630736441,0.07691620752703666,0.09844976668409965,0.0,0.18999767221842428,0.18386646969382528,0.15925303825678352,0.1800422575857621,0.20482803339716693,0.028829234730375942,0.5185515851736491,0.061553649253009976,0.04625113881266719,0.547102643029541,0.1906148940915846,0.007356229584471538,0.015138084261630108,0.17798957038017196,0.18804102208525864,0.561763579448552,0.0007887113044281518,0.054837600685123125,0.5985622358180978,0.6405667543772622,0.06731152741925643,0.06382145293595805,0.030604801181042775,0.14538186160890126,0.17552257268058638,0.2875701029474026,0.594111005856092,0.07012981477258512,0.017399719147041047,0.5545283694774842
PACK OF 72 RETRO SPOT CAKE CASES,0.28869342072927984,0.3312546008406144,0.8148076090802902,0.8142210321711923,0.03330099067010641,0.16604554772273702,0.10249143782367437,0.2458623979889421,0.13405795513152688,0.04374406684572724,0.024747908645633074,0.0027059968100260883,0.0036250416019453836,0.2774234208349104,0.013195916784613024,0.07186234255577346,0.20968768852100403,0.542695015684332,0.007467799392400719,0.04869501773751268,0.2877744362302543,0.34812576126381933,0.032655911415849254,0.014456728281215815,0.036074267819115616,0.005236639191108161,0.08870830995368653,0.32258854988342783,0.21357517454141936,0.37459591873337883,0.21299287987614698,0.034603135790184154,0.02062036759931055,0.35348472891838406,0.09539597856283476,0.09666703655015291,0.0907573102658068,0.2436343525481517,0.17892431889381313,0.12282668192734628,0.09587996764328398,0.22967499378871284,0.14336070632639678,0.17208747956165618,0.31635819968072876,0.3571219332155747,0.4964017346789528,0.245248496595704,0.2663779624013291,0.29417571519797037,0.005383603612828191,0.30750691040542855,0.03137753765371891,0.05701775475058016,0.03341440268742859,0.06250797500763977,0.0279746414703329,0.06410957366851569,0.4632072102606597,0.008141772145259156,0.21229994067194405,0.7635880038220277,0.7792725437127381,0.4371801671192739,0.9999999999999992,0.7909609136932961,0.6608371409939557,0.11096134982164056,0.15804228895866113,0.0,0.21941321087705448,0.06229313694742155,0.09011114306760226,0.12828978452136253,0.36062482697020276,0.04188593183423963,0.17898081438534394,0.05971384536254526,0.08065016209661949,0.2139625776185558,0.29746501743543285,0.04914173598629235,0.009038886326160346,0.17950579871225,0.1888764032715565,0.20877327196048145,0.0007680583802418508,0.08481500941148988,0.35172101412413465,0.33638048284220906,0.14022476911381293,0.16338661131616034,0.03748868855530269,0.09441248427047573,0.1934162430684334,0.17080742974638743,0.27980265065606685,0.04835348243309557,0.3848250763821083,0.20930352036598604
PACK OF 72 RETROSPOT CAKE CASES,0.45121196557623533,0.31784823199613327,0.762421255791694,0.7856625728825866,0.0311987739750734,0.11385496039381723,0.10554874197021216,0.1722631555643322,0.07203532606688061,0.04001895324436627,0.015242056802572965,0.001916759648585907,0.003703869962652173,0.1369798271569035,0.005829638572489244,0.07768002766660463,0.21217166719198252,0.22539223903332192,0.006519882136796578,0.059602571950521294,0.6047503979858468,0.21416694866001007,0.023010654430202785,0.005415965104205797,0.010204183195849021,0.008348826788623172,0.04181868704146211,0.20529768165993406,0.4555046975982227,0.1791263574355629,0.5289384007144423,0.031201283518785462,0.03164663981609095,0.35082339588762956,0.08392749407570242,0.13623659651513043,0.12075134840735796,0.2771562668737998,0.2511462317422746,0.27034848286924235,0.114992262889966,0.21956235122853462,0.1203320791771313,0.2317293669236594,0.2849672133016119,0.45725114570979075,0.3999191507119932,0.5252324679993768,0.40944401901575617,0.23387385010949155,0.0033396269142123,0.38131261507566955,0.01614950418947539,0.04855561923444499,0.02325198824402683,0.032109126218556605,0.00980434690256751,0.04037352221303213,0.4833572690277186,0.011444050303996511,0.28668551462347547,0.7761843138242143,0.661188217739644,0.5436515578248992,0.7909609136932961,1.0000000000000002,0.7777993368711927,0.11099049346493399,0.11960849895799434,0.0,0.15787559303174364,0.10911610054060117,0.15941076152275463,0.14260919560829316,0.11051736557346872,0.021862683052320475,0.46275427643902994,0.039448935749962645,0.043675743460928215,0.5022135516363098,0.2572138151944305,0.03804656602102338,0.01725772208537841,0.2589046600329113,0.2735686146002637,0.5166260091388875,0.000593115284625854,0.03686777290399847,0.6248662728399884,0.6315122550933004,0.07246229385994843,0.08104416709696646,0.03137483432171118,0.07827347680944488,0.07967971476626247,0.27485726002747857,0.5784700406808942,0.041018087132157155,0.24651202757540813,0.5064744458870711
PACK OF 72 SKULL CAKE CASES,0.11520308914464476,0.18260121137455118,0.7902789087402728,0.863814507933605,0.0626590269450911,0.01528593849098485,0.020683477647971866,0.029905700652350882,0.024270511996634807,0.0410698057977899,0.004131600346946609,5.171182603430126e-07,0.0016971995607175546,0.05031299706293533,0.012652186787285469,0.13957425582530153,0.10716643757578724,0.014270193529428947,0.004393989006657561,0.02156873990141948,0.16934907907843366,0.006562180064111857,0.008238163269759477,0.01636680453916692,0.011476153399437394,0.004634927463237936,0.013047916673863747,0.07756904552665603,0.14146241454975952,0.03288185413305311,0.15453426348932706,0.006400044477918293,0.013148203082671674,0.13442130052472304,0.06914526167802779,0.06573461002732289,0.06045581624450644,0.084980595489906,0.09011788817309431,0.0923904878114363,0.053062705368026056,0.10509185372104332,0.07993463922482112,0.10915399777618774,0.09625218834596774,0.14956653215013352,0.17329878132195692,0.16700842699938234,0.1412870469830924,0.020305988080999454,0.0004344994640187345,0.1325053988131869,0.009290484029408531,0.0289476708132407,0.007640569222326105,0.0030159009116171582,0.009902386778933674,0.005087113935475539,0.14039136511432296,0.004822079135100981,0.06375354925758801,0.8428869148345645,0.5825553237368369,0.2167773630736441,0.6608371409939557,0.7777993368711927,1.0,0.026108275382069047,0.02818242319397701,0.0,0.09549250639294667,0.03436204237277507,0.06564105310523402,0.04213485395018787,0.018086929940455628,0.007134323683249102,0.13213630972141946,0.007911763941627396,0.030663379357213298,0.15302599053251184,0.050543936805128684,0.0020694417784290152,0.004239924367426641,0.21234879727945516,0.22694767314495629,0.15301822031425427,0.0005407256662176659,0.008997866101519349,0.16574045386873507,0.16548073625184975,0.04363611602667548,0.03874107042559152,0.016774126003740356,0.024418956419446653,0.019470336599249974,0.08774531840635841,0.1652500685646596,0.019203094843009343,0.010681601212342054,0.15061597856064496
PAPER CHAIN KIT 50'S CHRISTMAS ,0.19565462295729402,0.32501262560078603,0.05830433160689748,0.04462482170561584,0.008219681333542133,0.2094482477088119,0.12279132026350753,0.018923637324603754,0.05908923573641543,0.045794217444867606,0.4917737697038592,0.0028869912671080356,0.0019564493590861812,0.25967470280192134,0.08641403646223735,0.008930287971788868,0.10591948894418751,0.04779162905897104,0.006290784788906773,0.1805258815873949,0.09143331454452308,0.11081457492406802,0.03528906781854604,0.07630433845985726,0.019340333973658055,0.2637286110830777,0.04954036984072748,0.09711163045029841,0.16182208300814416,0.2142090153897865,0.06693953191274012,0.018956856071362632,0.03258291305029125,0.09525706368113185,0.03261910363679647,0.018182407557965016,0.08009511381787104,0.10352486377110909,0.11356803167139963,0.1132599073972275,0.08183119210346353,0.20548623694095006,0.14891177377860682,0.09200718407139091,0.10166121576180527,0.14355363378992803,0.15511416394632138,0.1660203738665088,0.0790208950096863,0.13782965276725073,0.0005356368810103543,0.06560911529913335,0.01924986341192013,0.014961652407331551,0.0041311367942021854,0.005198735073243084,0.008467994567295611,0.004293043894755999,0.1018582856541364,0.004104717309729293,0.2747864220455279,0.050919356188052996,0.042620090293713254,0.07691620752703666,0.11096134982164056,0.11099049346493399,0.026108275382069047,0.9999999999999999,0.4078171792371964,0.0,0.1391615282406909,0.07645710069760742,0.04416130991245052,0.03852620508092435,0.06546667650329102,0.191748796486761,0.054177974197924826,0.6921157765949305,0.05876552132233089,0.06375085821407446,0.32853304911093717,0.06011672538120813,0.010948198604031525,0.2922472549916507,0.25874251860069997,0.06318837871731264,0.00040495549689511016,0.18482242280512404,0.10699773449101167,0.10511953527938434,0.0654243109326916,0.031712824186530306,0.04169139698412442,0.03674811540151022,0.07357470084200535,0.12266648852594655,0.10627580311412752,0.6092895610674819,0.17865979354043673,0.07556702742077666
PAPER CHAIN KIT VINTAGE CHRISTMAS,0.2630521308995136,0.6140491670365293,0.09838324404423712,0.08784541499576984,0.005253690951907016,0.05568522424597161,0.10136517453296666,0.013594764966405784,0.039629902766149354,0.04048749156780565,0.06676321265194479,2.997208682429004e-06,0.006565775216059037,0.18255312711983912,0.048986761809366335,0.0019382884123785862,0.15530793677384183,0.07531186998742603,0.007709091473724425,0.25336886645048984,0.058310827658715404,0.04486653018179441,0.04683870912379395,0.042129523486215674,0.04151104373734203,0.01601452801672949,0.087512159921718,0.13381548098103155,0.1873937978756375,0.08826059186354615,0.07755710103180861,0.01518196822258813,0.03335511340366414,0.18456077142126306,0.045451157983745244,0.01876575613947053,0.09371500466830175,0.11374736735211946,0.13003880579483235,0.1067902519244881,0.08965905971386122,0.2983622364591916,0.17018046555550634,0.10842572857197075,0.10360188727355372,0.15442857292558268,0.21095195276351134,0.1474067429022436,0.06730464024549972,0.04867852512782204,0.0009830623440741687,0.06643285528388784,0.03271102834741043,0.024822005039000856,0.009249653142705242,0.012699001308054325,0.024512428006069623,0.00723694517632414,0.15922858483110525,0.0071002388549007735,0.23925048817963096,0.07526912140290731,0.07347413842183821,0.09844976668409965,0.15804228895866113,0.11960849895799434,0.02818242319397701,0.4078171792371964,1.0,0.0,0.17846713154303032,0.02095282302663871,0.055584896755286224,0.051374565930053115,0.147114227990977,0.07986289955638766,0.06112254265811835,0.09878166566066843,0.06288916775753946,0.046118643535127034,0.12717307411665468,0.006373820169993724,0.022255065722486388,0.10095673951453422,0.09415065052135957,0.0520025681090596,0.0005441331259070691,0.08671777187890803,0.10061207681022777,0.06432387919344956,0.08975085065217075,0.04134243267806446,0.032904946088024384,0.06687930658152039,0.2408580662604068,0.1443071080988162,0.05468002979574319,0.03617254297798191,0.03738808765833153,0.0538319079910233
"PAPER CRAFT , LITTLE BIRDIE",0.0,0.0,0.0,0.0,0.0,0.0,0.0,0.0,0.0,0.0,0.0,0.0,0.0,0.0,0.0,0.0,0.0,0.0,0.0,0.0,0.0,0.0,0.0,0.0,0.0,0.0,0.0,0.0,0.0,0.0,0.0,0.0,0.0,0.0,0.0,0.0,0.0,0.0,0.0,0.0,0.0,0.0,0.0,0.0,0.0,0.0,0.0,0.0,0.0,0.0,0.0,0.0,0.0,0.0,0.0,0.0,0.0,0.0,0.0,0.0,0.0,0.0,0.0,0.0,0.0,0.0,0.0,0.0,0.0,1.0,0.0,0.0,0.0,0.0,0.0,0.0,0.0,0.0,0.0,0.0,0.0,0.0,0.0,0.0,0.0,0.0,0.0,0.0,0.0,0.0,0.0,0.0,0.0,0.0,0.0,0.0,0.0,0.0,0.0,0.0
PARTY BUNTING,0.238578774282598,0.14615769163734446,0.1906445285748208,0.1611035783392628,0.07799808240522642,0.10574259326342147,0.08833165582852782,0.05297959859133685,0.22873450892733427,0.11666523498524178,0.009232062945210468,7.804486745875717e-06,0.012780292026950586,0.1404854725853611,0.004442463993975368,0.0008859948397176283,0.27644412532292467,0.160532338422425,0.013505330930768219,0.21761053433966498,0.10619215047448706,0.02513290470704665,0.04556959883186674,0.006864702846327955,0.015436151675778454,0.005232324641437954,0.07428434855871695,0.238305900378908,0.21808398965261636,0.1840527003933228,0.09101165980644833,0.018611041498655282,0.06013334982996109,0.1744849681108262,0.2075539492643842,0.1382579432573259,0.20227474426471195,0.1964848465435561,0.231218331427523,0.161798598673251,0.16681430477594533,0.44095178579589644,0.3708245078250586,0.22242056033897223,0.22957459934138874,0.30361177547232854,0.3840047302006584,0.21756584663020062,0.19904103005972956,0.05052876506977744,0.0018772069403004833,0.10255475295347115,0.028502203872113833,0.024969798134069437,0.022892130614511334,0.017337373579235853,0.011762813454181197,0.011473566158086266,0.2078735933348842,0.007830511230556628,0.18584281062685992,0.14032219026497197,0.1269986628759676,0.18999767221842428,0.21941321087705448,0.15787559303174364,0.09549250639294667,0.1391615282406909,0.17846713154303032,0.0,0.9999999999999998,0.028537766260151014,0.05942782022808699,0.08678751290706618,0.17324117236612188,0.045279006464643154,0.08982703325062329,0.02331977731267302,0.12255476610442527,0.09177889683626665,0.16632502704527863,0.006744928335589938,0.008090349513146215,0.12080438991754956,0.11996331232949864,0.07973489495292152,7.689515502941376e-05,0.09318506083562775,0.126789245322248,0.10328082919940901,0.15869058788475204,0.0984129087604128,0.36993146548322237,0.04895103342810968,0.09896184747015759,0.3381391904460954,0.10122387738295037,0.021765341191398193,0.027800303893920967,0.09571095162077711
PINK BLUE FELT CRAFT TRINKET BOX,0.12050207404681061,0.14331722841444733,0.07899344479914092,0.03475452215426574,0.004031364383052439,0.004917846427307104,0.016108248892624355,0.004725954546565875,0.014519989588782074,0.0070029176225994754,0.001262040690511988,2.3390896441137543e-06,0.0415446558850384,0.013688438504066303,0.0261901860481423,0.0005163885626168446,0.04179274556757327,0.20261161018800403,0.0010862285576284131,0.004747140880066594,0.15857624109754748,0.12744514813281616,0.018692497372530766,0.025220591087952045,0.0030732123967592644,0.6947885236738071,0.48475423387437383,0.03656515403956558,0.12326200319465716,0.00948599084938497,0.1497996941986607,0.0059978487727212,0.00957259371119101,0.4899440004151614,0.41100109674292196,0.16291253556594587,0.3142089132286642,0.37790949149322733,0.32976635646922187,0.06945341925227756,0.21011812104116123,0.0864867508988294,0.29040216285885717,0.188455725207186,0.09829315700838975,0.226165488508327,0.12846426911000045,0.13982957676685484,0.11404488804729805,0.014559776129952814,0.00030924455557668256,0.05998417908903557,0.00374635475655737,0.01211964357211187,0.0012900264786923992,0.0015431496732135651,0.0008200541272380607,0.001012809353850623,0.10518229276198492,0.0026913781961911652,0.06299422230553597,0.05474695648311992,0.020693882568118382,0.18386646969382528,0.06229313694742155,0.10911610054060117,0.03436204237277507,0.07645710069760742,0.02095282302663871,0.0,0.028537766260151014,0.9999999999999999,0.10286447136923595,0.03763914853151636,0.38315408338629153,0.3104763443061156,0.12282118028512982,0.006056270451221754,0.02533556444336823,0.33565714167874844,0.22694946812800934,0.0018643816443390006,0.003838761831078067,0.05799829350944173,0.05758467621656972,0.14625954309112757,1.5494602534648736e-05,0.2667063686639794,0.1525169262390492,0.1553776931941205,0.3003388642589648,0.2089128400796893,0.007600686041239759,0.012472116124188031,0.012971527676716596,0.28018823708645957,0.1540555501447302,0.004370251727835208,0.06652700671192385,0.14703654654262466
PINK CREAM FELT CRAFT TRINKET BOX ,0.19081404068845711,0.06345029100716135,0.07303543561006647,0.05291593995779802,0.021142708926948944,0.016744309544985125,0.8102655018287978,0.019377533498126064,0.019927457874403202,0.02565350214608504,0.0021424991225540645,3.4043642735121655e-06,0.000533688795145846,0.017752045681012737,0.13502164691183569,0.04052227249059357,0.09922977467287412,0.03346875245358514,0.041539301929753525,0.011218749687089373,0.21930629211880737,0.016968051734614773,0.02861292916009795,0.1294558958609503,0.021753097514191994,0.0029001884462855035,0.0555082636494094,0.0760050623692962,0.17641651333336378,0.01815102154564139,0.2262039820212862,0.015022921217866721,0.020886365472661365,0.10156475466039382,0.06215814860432627,0.05197994868592953,0.0397521408671445,0.0864035587362582,0.1113786333612628,0.10357524328465578,0.05130692447387239,0.08769469205252875,0.0358501445808435,0.1252381040729638,0.12359687214305395,0.20102882455709772,0.1646890277134729,0.20081050430385028,0.15784984540885152,0.020751528224992873,0.00043387023756961935,0.0907523312346116,0.010881383943033018,0.019961301641560764,0.004028880522731232,0.0044809109479090024,0.001314106427363314,0.0026181566104515716,0.15171666764002142,0.0037852598353916357,0.09282792952150301,0.051082448914559764,0.03146312964764672,0.15925303825678352,0.09011114306760226,0.15941076152275463,0.06564105310523402,0.04416130991245052,0.055584896755286224,0.0,0.05942782022808699,0.10286447136923595,0.9999999999999998,0.0564908630119211,0.047835270643061124,0.31161821946322943,0.2818880297462471,0.1335641049416949,0.03057668137038135,0.5600568070848375,0.05230900191514686,0.0027563317670426623,0.005016265530312704,0.11168325295356278,0.11782329757665784,0.20319971129067047,2.4989612663406638e-05,0.42025317906065024,0.21142446628296785,0.21466625205202328,0.08215102442193674,0.13374054354412132,0.012123997670042023,0.7290800114614451,0.026105573135658516,0.1338118869194045,0.21359127525528376,0.008653503806014679,0.00945117616016884,0.2016823210028329
PLACE SETTING WHITE HEART,0.1523447710245186,0.09462664843750947,0.11851128990487438,0.09970264424084152,0.0840680507612166,0.03295503365121836,0.04152449538981489,0.00897465230722404,0.06239996290069476,0.01789727902228971,0.004348648126742786,2.793115609441902e-06,0.006905873756147539,0.05498352417215711,0.007257976282952561,0.0002890344062108633,0.08241867123473756,0.10206934919213634,0.006530585926776052,0.015613429842394985,0.19797802031238945,0.01166458710886082,0.021658038659474542,0.0073027880961551266,0.008295028196449948,0.004380500159906537,0.033290908604899055,0.22064340872063073,0.315616505005835,0.08474737762101249,0.19057593210805004,0.02033042044471452,0.03830110679666934,0.1589626547412998,0.023097411045329707,0.04017384485958716,0.03634265566583139,0.07409082599343526,0.08537176311714904,0.08497478334266474,0.04216380453472505,0.08405989391312056,0.03460867286695354,0.08352601738512304,0.12653117473276176,0.16697335953998,0.16814534729500782,0.18196409186762602,0.15110063223547437,0.018097544319006228,0.0011098923522893248,0.08856947142922726,0.014508800085834241,0.028752877274733916,0.0027531278727853134,0.009519807086894167,0.006638744542588431,0.0030815854738585656,0.1908454820139323,0.004936691624367287,0.11145384305379642,0.09529089098170133,0.07154999696670804,0.1800422575857621,0.12828978452136253,0.14260919560829316,0.04213485395018787,0.03852620508092435,0.051374565930053115,0.0,0.08678751290706618,0.03763914853151636,0.0564908630119211,0.9999999999999999,0.11655881150231814,0.017205567320459005,0.14269478018600398,0.008022836257350821,0.038497811081359336,0.16201403554560637,0.09560504030907381,0.0031498401965830898,0.008026898655813927,0.048294074630647874,0.05441487886599259,0.3123468356763543,8.608831883968203e-05,0.030231568143035244,0.1870497215405638,0.19041737761884497,0.04192725830401258,0.03036880227340927,0.05823962377126233,0.03043257153241138,0.0662895369032793,0.12033080023437275,0.18495855800440567,0.006917290489205512,0.014498632606429331,0.20135856595730456
PLEASE ONE PERSON METAL SIGN,0.07830276738099849,0.14614987764676451,0.3084304621363633,0.26567101961786543,0.05417031241815582,0.030433167734178014,0.04120370269296751,0.017640947862768427,0.13587254488898673,0.03982987301061577,0.01954079175819725,8.576514781532554e-07,0.003926978559676771,0.1597454070036129,0.005868918873049795,0.0007257042480732429,0.14797425995262212,0.7706677262588782,0.2372295782805503,0.10254304516429516,0.05321175654640062,0.0167054985485292,0.2989853356345544,0.005120901839304943,0.019989862755286712,0.34445377683661366,0.5690789702020773,0.3245107187458032,0.056016088266269554,0.27634418809691164,0.023060708396099968,0.44436845010086784,0.4417991573912779,0.4459383729956398,0.2549477179541748,0.09306651867275596,0.1814994773706558,0.25444811048663035,0.1843807956488989,0.02931289348988298,0.15631814817770154,0.1933141889481928,0.20177769783611896,0.08778875624328211,0.2723094259039474,0.21928351640341642,0.37925107148992354,0.06928763301043293,0.09084035347813618,0.003777677727346407,0.0030202658003750035,0.10042252746933811,0.03114714180983201,0.04085974035144042,0.003536099967333719,0.03028645155790975,0.024976328845432275,0.005987950214677747,0.3074109191166019,0.0037630198005743913,0.06510598761280412,0.2281777254228704,0.19714367958180817,0.20482803339716693,0.36062482697020276,0.11051736557346872,0.018086929940455628,0.06546667650329102,0.147114227990977,0.0,0.17324117236612188,0.38315408338629153,0.047835270643061124,0.11655881150231814,1.0,0.0545843087632715,0.0077694586885670505,0.045528105790505854,0.471371532339747,0.08705392322992903,0.11514951307682897,0.004737738008855635,0.0042338381985300485,0.02703140780295544,0.0215981402144269,0.02814171474908097,0.000364316544180263,0.08787178431920241,0.012847715649601708,0.03576165446897394,0.18571986708904267,0.2585925533160699,0.02664527459155683,0.0699923677557376,0.20976718424891888,0.3828297881211415,0.018678109027388097,0.014882703876331982,0.01822443706721384,0.027027496386975144
POPCORN HOLDER,0.042306925380058445,0.3275142059873837,0.0388340132370182,0.027292807578744038,0.0019519956246302978,0.006234672737426246,0.31970501872575574,0.004362070103503115,0.027093838888619243,0.010731423355993348,0.0031663630636801997,2.6284048826991705e-06,0.0037270776944050795,0.06964972385122935,0.002677111270755829,0.0008580800663928754,0.0343626228342117,0.044589654043543835,0.0013665812190922105,0.05716647156052757,0.007627804744858367,0.3340276503864933,0.010541123747385328,0.001685895426234342,0.006336000952377431,0.005798463978951965,0.03854482464591195,0.038926874316376044,0.03345792914587061,0.03825284898448112,0.004696086288389188,0.002074629927207232,0.004827782231823785,0.03898891978377048,0.011688563052394468,0.005298070576478196,0.023500759444870293,0.02726433674477168,0.02775617384830108,0.022816445938621657,0.023266524216123585,0.0670609307539215,0.04932491575581589,0.027211754090921005,0.03997791830114429,0.04519712918375502,0.0401192032433458,0.02631894834886842,0.018906906789120055,0.013005401695485393,0.00043839880060794534,0.015178695069752828,0.006728094185888466,0.007812113575706518,0.0036366281936602877,0.004436440997475797,0.0023431872795301274,0.0024912887745138453,0.04611667038760999,0.001741421463967943,0.054552290315345905,0.03030011425713072,0.025690404739565166,0.028829234730375942,0.04188593183423963,0.021862683052320475,0.007134323683249102,0.191748796486761,0.07986289955638766,0.0,0.045279006464643154,0.3104763443061156,0.31161821946322943,0.017205567320459005,0.0545843087632715,1.0000000000000002,0.05376878520250243,0.055179943119132886,0.018015074522067877,0.2315858546610022,0.5421245002111009,0.0008937001660297178,0.002387033752932785,0.01971656047535581,0.01857461228951745,0.005044213218351601,0.0002824473714448132,0.9089116997879189,0.013609334907438923,0.009046949857430606,0.025963534702955607,0.01739884736376046,0.004241094213733843,0.29138186214309697,0.03571190719238611,0.030333059828110936,0.009976512141199276,0.007471739173316218,0.17499044698392582,0.0049387218309571955
RABBIT NIGHT LIGHT,0.4667199285127301,0.15242535536769558,0.13960391286452492,0.13244266714070072,0.0029358770934473596,0.015875178808423502,0.17497373118397608,0.023092802895613183,0.05685008686911139,0.0031157639815443863,0.0015976167653691702,1.7038930793178441e-06,0.00914636225120705,0.030289545499723902,0.0005413604761593621,0.0004082330748965099,0.1689361071195729,0.002420445081443733,0.0029654064085359567,0.010078781266482036,0.7686203845590363,0.007943498892497475,0.0017783980090511316,0.00036777182745723405,0.0051602764980612295,0.0015992056441722733,0.009536204412707196,0.12930692980719163,0.5236124603220578,0.01231205731511668,0.6783512957027655,0.019289165035241296,0.03216433439188437,0.34688644769297367,0.03922244013586593,0.13885117867651978,0.12058930016106945,0.21986462179902874,0.23652769009852573,0.30529660325767255,0.08493971812555551,0.13455799274784783,0.03873879607325451,0.23890484951906507,0.25959198426748714,0.5012611862810804,0.3803090686687507,0.6706097166133869,0.4992389155180547,0.08771963789252206,0.001623772122643448,0.3602710285450696,0.05300763348691424,0.0446646835750485,0.013789000451111791,0.007418312513275063,0.0032909975445759437,0.0006929275861438092,0.5871185213477929,0.015407499107269894,0.2423360752269869,0.13840435310265398,0.06730768725481309,0.5185515851736491,0.17898081438534394,0.46275427643902994,0.13213630972141946,0.054177974197924826,0.06112254265811835,0.0,0.08982703325062329,0.12282118028512982,0.2818880297462471,0.14269478018600398,0.0077694586885670505,0.05376878520250243,0.9999999999999999,0.05804083884898503,0.004073585664481621,0.7295732737725822,0.15245414972308438,0.009516427760468663,0.016933797207110884,0.22657227372252162,0.22847376819197152,0.6567459170721011,0.00017549141530310975,0.0632754069056991,0.6966364791708961,0.7559219086072864,0.0063851973960175395,0.006014702307043921,0.019272097334132415,0.15846214870804154,0.00874648906820592,0.29256047350957737,0.6834443435659078,0.0044203798283109766,0.0014603577139314843,0.6430206369283723
RED  HARMONICA IN BOX ,0.0324616648666472,0.09950917532052814,0.03844738961669225,0.03357322979699568,0.002106291210371705,0.0036776420058083677,0.13855324881041306,0.03484477714145239,0.0095093292074976,0.005315040248341006,0.7085593821550789,1.5262454023078228e-06,0.0037643624083300987,0.019501620061637793,0.0010949100426539322,0.0007431302188594834,0.01327185575244744,0.0401035165572056,0.0006965514204023325,0.002800080989099936,0.03151053867939788,0.02324591757824404,0.003013704442790975,0.0007281161912213379,0.0035425231469922588,0.32585729096185034,0.007372771879295497,0.026545274231458787,0.0067527689245882976,0.022017768369600597,0.0034656069587510577,0.002513085766700787,0.0022286133641053734,0.07908158837097182,0.002433124084713396,0.002029902241264468,0.006076089242737331,0.016797440041347082,0.007614551207793322,0.0016387849384561358,0.003431706763692795,0.017506829500813635,0.009210926424987076,0.013202000437090229,0.017338559065631982,0.02944859933567408,0.048073299540448054,0.038674619611811324,0.01460877128089417,0.020929060882517385,0.0007246064295387798,0.10231616265275308,0.004062136921602549,0.004376765393942318,0.003503606435423306,0.008497716150136142,0.006446136334100333,0.004022831650797694,0.052674114608957164,0.004677560717021281,0.008401653069140577,0.021122844161802302,0.04946084111939637,0.061553649253009976,0.05971384536254526,0.039448935749962645,0.007911763941627396,0.6921157765949305,0.09878166566066843,0.0,0.02331977731267302,0.006056270451221754,0.1335641049416949,0.008022836257350821,0.045528105790505854,0.055179943119132886,0.05804083884898503,1.0,0.005729141491179813,0.0766206162769915,0.02381212196490192,0.0014268711062220918,0.002999545509476028,0.3410048952053359,0.2816284711190595,0.002368341935141511,2.6912728425880614e-05,0.07638813195410535,0.025520886814065374,0.03152432897910411,0.007897083015916555,0.007707476054521253,0.0032711010418487478,0.14177275150611962,0.023687646665779324,0.007289572082733907,0.0031058009454494966,0.8652654342957085,0.016766728979266364,0.0024585323807139255
RED HANGING HEART T-LIGHT HOLDER,0.04458882428634919,0.09827063237277817,0.07026771345376173,0.05382226485266498,0.018894759366012218,0.02546518689382874,0.028761401299567124,0.02580161423773806,0.0521193070413702,0.05151721242297791,0.004611019232671798,2.5835068919770284e-06,0.012264282724366318,0.12093324321004552,0.01170344074576718,0.0020441658920951626,0.044155384442552736,0.4367237848351995,0.008609872122000048,0.011979266732298011,0.01409231090728957,0.020945620427756086,0.275264111434332,0.005149192136187918,0.029691591945922087,0.008681295284678451,0.048843716333960716,0.10767837466989724,0.05748735653814925,0.0949717355323918,0.020293132075616418,0.9189201209851572,0.9157374989063172,0.0498674673283641,0.0884119068682512,0.040736854185817004,0.03990941337655241,0.04594425235490786,0.06435716467584544,0.034507777643594924,0.0520961630795113,0.08479731235622835,0.08112975418827496,0.08099610002119033,0.0767504137895925,0.09569281007177564,0.12730134403494325,0.06753994992236009,0.0503305943932223,0.012341878415902077,0.0005389047521172024,0.022837682043989713,0.017401838725232415,0.014589009947371737,0.009011860392218261,0.006818972227016422,0.004126737087573215,0.0068296347246685285,0.06663762964683494,0.0042977250460874495,0.04243440775484181,0.035928099387491565,0.03745539413491881,0.04625113881266719,0.08065016209661949,0.043675743460928215,0.030663379357213298,0.05876552132233089,0.06288916775753946,0.0,0.12255476610442527,0.02533556444336823,0.03057668137038135,0.038497811081359336,0.471371532339747,0.018015074522067877,0.004073585664481621,0.005729141491179813,0.9999999999999998,0.011862083736699124,0.06906502997020825,0.003499744480478349,0.004896999274957721,0.025476212311511138,0.023456928412174893,0.022230153376580804,0.0002103399877680644,0.025526389170686867,0.03571665391568563,0.013048060545232285,0.08914640292356274,0.13314297009250514,0.10795413093437312,0.018966248201842246,0.059642726909690844,0.5642819693219897,0.02505384768975186,0.009082380698001718,0.01918951440089118,0.03138128052391915
RED TOADSTOOL LED NIGHT LIGHT,0.5048638614564703,0.17247191777427914,0.1543066091221144,0.15043980253739064,0.003556015506220229,0.01308738298425068,0.4316429545673549,0.012441903544738134,0.060667840685411145,0.006575835982777025,0.0010780745004878313,4.654747075293556e-07,0.007538883391817679,0.04416677316517414,0.0011662222742104397,0.000537233116831678,0.18792417251290444,0.045649585812777595,0.0029538805261125696,0.008511788430714722,0.8234116849710786,0.037095809456004915,0.00552690103673836,0.0010431555791928656,0.019127828958054514,0.16420495234254562,0.11390211438776959,0.1577495391051542,0.587023558293729,0.010646109060893593,0.7530689243684329,0.02063728152679531,0.03474053300776916,0.4329027378139405,0.1486463092848453,0.19843921449708313,0.1945619809464221,0.3228939161857327,0.3206845191195568,0.34101499383487394,0.1337633584073051,0.17060251751231545,0.13496362041311988,0.2827759027286457,0.302972511665347,0.5513993115634946,0.4340154135877627,0.7036136449845967,0.566589684736821,0.07958534905880034,0.0015600252029841198,0.3232094730738578,0.008263482237455452,0.04775004331850577,0.005182966456349089,0.003878779579898158,0.0029246383908846747,0.0011535701540723847,0.47654852272761916,0.014037856818060359,0.25899108144212885,0.15766001358283727,0.06991566006189626,0.547102643029541,0.2139625776185558,0.5022135516363098,0.15302599053251184,0.06375085821407446,0.046118643535127034,0.0,0.09177889683626665,0.33565714167874844,0.5600568070848375,0.16201403554560637,0.08705392322992903,0.2315858546610022,0.7295732737725822,0.0766206162769915,0.011862083736699124,0.9999999999999998,0.21286655515659042,0.0078056369424500975,0.018191093798157483,0.2002647413555831,0.21853286623449236,0.7387738891657463,2.5720621526679266e-05,0.27175862608072415,0.7642930336012453,0.8062552518657958,0.031987884058658315,0.03073374654241724,0.02130176953591599,0.3809307474419352,0.007018615369361553,0.3599466957247396,0.785443247158351,0.0036282639778726236,0.020425338168332807,0.7218754474338621
REGENCY CAKESTAND 3 TIER,0.27865365143397985,0.4593504237318391,0.13959407477254326,0.10780426929411337,0.015569756612469064,0.61487669542238,0.27035441926254256,0.10857732651680264,0.0715325255451054,0.02929743261832137,0.008745845409318042,0.010276325922920252,0.0368013931945044,0.40828183841353977,0.008799505567901092,0.0018501872151934938,0.10271116550659218,0.19353868473221206,0.008204708880354473,0.046945975573615475,0.2965291921356014,0.3472139994200935,0.03818061677356817,0.005350353954135762,0.019958030301148507,0.011249914404362234,0.04767960375651964,0.22390540720261248,0.21828604782279118,0.5920763607128433,0.17258629439254833,0.029516029418304165,0.045343785199815835,0.21167918064918956,0.03558006865294403,0.045533690576201845,0.049847442479509826,0.1258105388306307,0.09456614404585748,0.09931330382933751,0.05060878589964554,0.11898180322849378,0.0678572492188187,0.09637592078768832,0.13506966753713168,0.18736223543831304,0.1924061214284666,0.22225557380900932,0.1565303868167242,0.45486745896324954,0.0022367286757959417,0.20137564539859995,0.030371975019545312,0.027534627536690087,0.01335555392281852,0.0255879232064907,0.008453671194721487,0.025036770195996982,0.22307030884169254,0.008801001634552493,0.4572282574890191,0.1072109176618125,0.1547606744854779,0.1906148940915846,0.29746501743543285,0.2572138151944305,0.050543936805128684,0.32853304911093717,0.12717307411665468,0.0,0.16632502704527863,0.22694946812800934,0.05230900191514686,0.09560504030907381,0.11514951307682897,0.5421245002111009,0.15245414972308438,0.02381212196490192,0.06906502997020825,0.21286655515659042,1.0000000000000007,0.17384265476877142,0.005958194909443545,0.0728504820657276,0.07058343964186746,0.1697537904212612,0.00021850515339482695,0.4821638857789315,0.2396177088125318,0.3439859220873043,0.08211710263768685,0.05836623064399651,0.13908390582526475,0.04684286152156216,0.10380578415176876,0.16669670558413047,0.3538048665824677,0.015515525382146221,0.6481026246018494,0.1990902699030412
ROTATING SILVER ANGELS T-LIGHT HLDR,0.0072448176549108605,0.05893672812199861,0.004434787174483935,0.0037216494785741704,0.0017708536781822725,0.23368448475524412,0.07670582971144942,0.0050542877720120985,0.00261762729960109,0.00238783356714689,0.000511932133775318,0.0042693026395458425,0.00048278356689407474,0.1277378540339642,0.0002519736445453806,0.7164306697101731,0.004692246575156488,0.004260163630473128,0.0001415496779221458,0.0017996180970381458,0.05007054338158736,0.0027166035312558338,0.0015756054993931433,0.00018573757524576056,0.0010332371647525105,0.0013264639527026144,0.0018799400216763314,0.01225681822632827,0.008892529943602772,0.20514754800470597,0.009692988638240373,0.001908996341362789,0.0019360704736155075,0.007447570671271039,0.005844293828006592,0.004300104535288648,0.2637805956956268,0.004086333972453753,0.37266014452179647,0.005313664309112456,0.2687215177578078,0.01195380256831054,0.022187903173993714,0.007329842322315982,0.007780489126201948,0.01228823192451581,0.010012487237610822,0.012232035232102754,0.00823008032716115,0.1538275495880485,5.6815480283575474e-05,0.037445220259065964,0.002805289522124114,0.0011968904915341937,0.0002558791099606913,0.0003072557256488207,0.00024137401746057472,0.0005151613235405768,0.008908463665581092,0.0003789390434213801,0.14068344691033377,0.003573936447053288,0.002646593148708974,0.007356229584471538,0.04914173598629235,0.03804656602102338,0.0020694417784290152,0.06011672538120813,0.006373820169993724,0.0,0.006744928335589938,0.0018643816443390006,0.0027563317670426623,0.0031498401965830898,0.004737738008855635,0.0008937001660297178,0.009516427760468663,0.0014268711062220918,0.003499744480478349,0.0078056369424500975,0.17384265476877142,1.0,0.0008478656533505833,0.0019374370511143128,0.002260937455246319,0.008355753425807065,1.6589365766095963e-05,0.0028625626795966814,0.008000123563876235,0.06282942427476457,0.003406508585611918,0.058024500483792936,0.0054062689962596595,0.0037372845406881596,0.005356598819473104,0.005668631030775937,0.07822380258312098,0.0007797380629804064,0.18292570759688218,0.008228472832517427
SET/6 FRUIT SALAD PAPER CUPS,0.022691674469128988,0.014623506433250928,0.005511635421289172,0.005825008152032803,0.0006376931897096626,5.322435029991376e-05,0.006548813144933705,0.0039186494942826415,0.010655378597969596,0.008510171328252051,0.0019978903099016725,3.070621960265997e-07,0.0008007391083964305,0.020928431691516168,6.907223169049356e-05,0.0008931993898338053,0.012926138771573595,0.0019483758028044054,0.0007968099217780287,0.014337441299543093,0.020748567198411918,0.000768206282076554,0.0018097970971879655,9.380736587539115e-05,0.0010599094253280665,0.00011232091818344993,0.002387387239983993,0.004563688888837614,0.021638218530186944,0.003317946209681967,0.020724014209745276,0.0013054202442788568,0.0014070147752573239,0.01078508836009735,0.0031341908298454456,0.005249920338604245,0.008882154838845175,0.013187402663904663,0.013898288481051044,0.015655635128795024,0.007822456510962448,0.019716061911309327,0.016252133412386776,0.01080792289470992,0.011105690448434657,0.0212215636894251,0.017339162244698485,0.022076276941766695,0.01556178439872316,0.00396382717451259,2.953905378020089e-05,0.008961795884456005,0.0005480612178709962,0.001838998096440167,0.00020202699629320736,7.013088812085646e-05,0.0007067846777547018,0.00023785812528957843,0.015745800243416156,0.0006954039759898017,0.015635369445676412,0.005821089522436165,0.005158793424092053,0.015138084261630108,0.009038886326160346,0.01725772208537841,0.004239924367426641,0.010948198604031525,0.022255065722486388,0.0,0.008090349513146215,0.003838761831078067,0.005016265530312704,0.008026898655813927,0.0042338381985300485,0.002387033752932785,0.016933797207110884,0.002999545509476028,0.004896999274957721,0.018191093798157483,0.005958194909443545,0.0008478656533505833,1.0,0.009659098084947167,0.009627412348099119,0.019806916319375815,2.5849828287231258e-06,0.004184886658760355,0.021773650328918173,0.02105524690152279,0.003765015708649685,0.0005862602656839738,0.007076699129632334,0.0015743584317804821,0.0028410118487250465,0.01474764251015895,0.0233916473918047,0.0005859505769243326,0.001629196249021245,0.018826219080560768
SET/6 RED SPOTTY PAPER CUPS,0.2174104388260225,0.07943516403107355,0.08447877744755546,0.06479668147832825,0.16042463232383627,0.009220875346583838,0.04367196203466953,0.018344994116608802,0.07154978405229599,0.007006803917173901,0.38480712679254186,8.009245349459448e-07,0.005667245725448072,0.08124191730150024,0.0019631264698741257,0.461814052545459,0.24203461258964493,0.03246901430859367,0.0015355724069461014,0.13542409950406914,0.2399134569763785,0.011136604734362135,0.022711625945458058,0.0026772299038761334,0.007268841441205119,0.0031071496433450647,0.03988717630510132,0.040139182950777445,0.19814100612102092,0.03037065730291482,0.184369686532714,0.005915756548992041,0.009698462067156398,0.13745683436937545,0.04653036388812378,0.03934337933208865,0.09236638729629154,0.11613168737291012,0.14547737265111602,0.1324696121460923,0.08816307646191161,0.1547869043966591,0.10880549480053875,0.1442746961840075,0.13147382172316496,0.23490774199678638,0.17099432450025748,0.2548575735499422,0.1613970864919899,0.05363656527562373,0.0007695247295776487,0.22650207320652158,0.0037201771545419347,0.017130147639887787,0.008314371258248812,0.006765441911635011,0.0023322599808575863,0.0017605030895645063,0.14994359143424688,0.00960107524701067,0.13861169022948666,0.05792659451148009,0.04026316037806159,0.17798957038017196,0.17950579871225,0.2589046600329113,0.21234879727945516,0.2922472549916507,0.10095673951453422,0.0,0.12080438991754956,0.05799829350944173,0.11168325295356278,0.048294074630647874,0.02703140780295544,0.01971656047535581,0.22657227372252162,0.3410048952053359,0.025476212311511138,0.2002647413555831,0.0728504820657276,0.0019374370511143128,0.009659098084947167,0.9999999999999999,0.9837348943576891,0.1808864762040689,1.713215661149677e-05,0.03395255714969079,0.22900497422893668,0.23942142475766975,0.07628607328268402,0.11960486511768825,0.010933713987726836,0.03797568982600998,0.039500313355925805,0.13102910387010416,0.19438041751703378,0.37869830326522275,0.014272821287648056,0.17936277129599157
SET/6 RED SPOTTY PAPER PLATES,0.21981801069469842,0.07729729912789127,0.08921162920037927,0.0712888709751888,0.16907963707156856,0.00723180474101331,0.04291937290461522,0.014251311574494545,0.1251508674137659,0.006873475218607218,0.3238487837240034,9.540984974846941e-07,0.003484074462326275,0.07599872400411625,0.001927587898033874,0.4884721109456646,0.25225683383875896,0.027236742611278317,0.0015300690941854713,0.11828012004810441,0.2580881041398145,0.010652049268038364,0.019260181256078226,0.0025354183996988897,0.00870695655205664,0.002414382757424531,0.03407632503886982,0.04483272825681547,0.21553064454783408,0.028122057712926807,0.21368838593175593,0.00652333131081558,0.010784942718693322,0.13079268849805442,0.045771506304495765,0.04508355501514944,0.08915934005611541,0.11670547631324098,0.14453294832771874,0.14036199037907277,0.08547128364701433,0.1470344789687183,0.11157424497347113,0.14252967922542084,0.135436167387691,0.23445908666163465,0.17755491517880959,0.2593766329689147,0.17636680959924111,0.049278242894106726,0.0006304825927233096,0.20889036604297578,0.0034303703447624563,0.019009517583945396,0.007278413541100022,0.004936320206342697,0.0020030812311539704,0.0017592585205424744,0.16254063316628656,0.007690540190185459,0.13904403886340935,0.06227709753831661,0.04049693160321584,0.18804102208525864,0.1888764032715565,0.2735686146002637,0.22694767314495629,0.25874251860069997,0.09415065052135957,0.0,0.11996331232949864,0.05758467621656972,0.11782329757665784,0.05441487886599259,0.0215981402144269,0.01857461228951745,0.22847376819197152,0.2816284711190595,0.023456928412174893,0.21853286623449236,0.07058343964186746,0.002260937455246319,0.009627412348099119,0.9837348943576891,0.9999999999999997,0.20962762955673597,1.7086286929031257e-05,0.03073812777434777,0.2483187210628497,0.2568794411179668,0.0678321533519494,0.09977598994400404,0.01121224021244414,0.033943748935940106,0.04168263737083505,0.13888861518311382,0.22054441902180438,0.3222804128611207,0.013799804650197032,0.20631675614845332
SINGLE HEART ZINC T-LIGHT HOLDER,0.5170909388102513,0.15497863171690324,0.16554530275624976,0.15616239355268902,0.06691305258655847,0.0442628428355864,0.0846526215369082,0.00890307532779443,0.07172322068277547,0.007136331130023241,0.0019269755585985798,2.3802961702353275e-05,0.05376283837622246,0.04331708504858879,0.006914169973993775,0.0010976046914345542,0.2183827272156829,0.015929988132947773,0.006237424902008096,0.011378027830082123,0.8428771865132447,0.006810156611766077,0.017934261176513745,0.006506740972006569,0.00614057205631867,0.0028913395999756435,0.022612298604224066,0.24347650472589874,0.8482802044082817,0.033267666766978225,0.8061598271303289,0.03055263504956289,0.049641068850786146,0.32057720677810625,0.06088376432662699,0.16555477266780375,0.12615015544582936,0.25925698405126035,0.2914338102865966,0.3596018077707035,0.10560375838136907,0.17263950852312454,0.07537743903974985,0.2824613345212161,0.3096298181868904,0.5523026975696699,0.4202018109237019,0.7073790769822134,0.5657282186098012,0.07066275178553962,0.0014475560360891154,0.28879483024580255,0.015287496724377762,0.052522630797729966,0.001061351881128217,0.0019368664868595028,0.0012942802351530837,0.0018794981629954748,0.49833539315090847,0.010551949258499043,0.27873886169547074,0.166283794835515,0.07208861854264184,0.561763579448552,0.20877327196048145,0.5166260091388875,0.15301822031425427,0.06318837871731264,0.0520025681090596,0.0,0.07973489495292152,0.14625954309112757,0.20319971129067047,0.3123468356763543,0.02814171474908097,0.005044213218351601,0.6567459170721011,0.002368341935141511,0.022230153376580804,0.7387738891657463,0.1697537904212612,0.008355753425807065,0.019806916319375815,0.1808864762040689,0.20962762955673597,1.0,0.00012426148461924252,0.006839401028196029,0.7868385109676178,0.824486609425226,0.025673160737579803,0.02712770737517855,0.05254632639443638,0.04607491614574285,0.016084443594708335,0.3624092120878396,0.8136231420534131,0.0027979905083051542,0.005881158658972251,0.7926417750548358
SMALL CHINESE STYLE SCISSOR,0.0003449419974926705,0.0007511417156886522,0.0003403806563983829,0.0004223235219284055,1.7923943476815884e-05,6.845514087627424e-05,6.368253713622725e-05,0.0019049194464945043,3.3404176937612694e-05,0.0002952790755721838,4.136404411838e-05,1.2566010275229873e-08,8.754999097698705e-06,0.0007068628996402442,4.5913400300077366e-05,0.0005942103630855584,0.0002690220729088099,0.00027643940997700716,1.0678378161701233e-05,5.8255136292908224e-05,4.6938570842151696e-05,6.349265548880344e-05,0.00011422012132435302,2.4952918990952392e-05,4.769316987599839e-05,0.0006772757934781261,0.0005740482746108589,0.0002848687724524747,0.0001848487311586222,0.0001439217340633064,0.0004156432464478839,1.9768344757802894e-05,6.78677055700216e-05,0.0007450912468123332,0.0003433304607941572,1.0094441588844894e-05,0.00016454006392668748,9.148998655180926e-06,0.00024005746605536645,0.00040716206734651067,0.00011376803057652159,2.9350786523393393e-05,0.000761554127132917,0.0005962092854309957,0.0003401905719196067,0.0010993596356801286,0.00039822704101716744,0.0008672786942204314,3.0644138516458123e-05,2.6333957928826746e-05,1.3545985497276751e-05,0.00012271122560098533,0.0004113789031031579,3.8279297460366374e-05,1.7693982994980446e-06,0.0002488056313951849,0.0002962769969806384,0.00032791946577630205,0.0006650254667650524,9.898151157452087e-05,0.00031000083762104,0.0006790347925232106,0.00024403413174533747,0.0007887113044281518,0.0007680583802418508,0.000593115284625854,0.0005407256662176659,0.00040495549689511016,0.0005441331259070691,0.0,7.689515502941376e-05,1.5494602534648736e-05,2.4989612663406638e-05,8.608831883968203e-05,0.000364316544180263,0.0002824473714448132,0.00017549141530310975,2.6912728425880614e-05,0.0002103399877680644,2.5720621526679266e-05,0.00021850515339482695,1.6589365766095963e-05,2.5849828287231258e-06,1.713215661149677e-05,1.7086286929031257e-05,0.00012426148461924252,1.0,0.00025576524517323314,9.903715474558125e-05,3.185275205680104e-05,7.437094487253989e-05,7.450846034730078e-05,6.961659812071118e-05,0.00023321834522851143,0.00046874086554814714,0.00014492235616831673,0.0002383298025875339,8.123006139470333e-05,4.657780042360126e-05,9.687187095264017e-05
SMALL POPCORN HOLDER,0.07115444329366799,0.28600261287277334,0.07551743816050355,0.05717142418626902,0.0028396965944839513,0.006257396157005821,0.4287598966987833,0.006824947270617684,0.05905864520495602,0.0108955817144645,0.004503575716378789,1.825296979882041e-06,0.005061424793759627,0.09412579321579827,0.0032746489706434326,0.0008790247652181981,0.06281107063206909,0.09430093630582626,0.0017412478806615103,0.0949838028035934,0.013197811193453634,0.28967383922554246,0.014893844054045723,0.002076883343659055,0.0074521721187377574,0.004977389206549037,0.03435838214416791,0.07743372049198048,0.051446290610196864,0.07820459362123504,0.00591389913123664,0.003411439946450691,0.005894076244336888,0.06817535705984251,0.019783237248428596,0.009541926784865913,0.04415219723081887,0.05190529724799568,0.046901573839719206,0.040621529527008655,0.042248006909085846,0.12721315557694757,0.09158125645172024,0.042158251571810024,0.07752018015241101,0.08030189937308757,0.08511868685201354,0.042671073942581426,0.03444203886571955,0.017069983738216797,0.000815232617545962,0.02764818928993197,0.009869487355353422,0.012093367369224338,0.0037030483857543968,0.007878082461716097,0.0047902646038365995,0.002805470426326472,0.08505236464485438,0.0020600969163339,0.0602818819148955,0.061318832756284296,0.050720672009532224,0.054837600685123125,0.08481500941148988,0.03686777290399847,0.008997866101519349,0.18482242280512404,0.08671777187890803,0.0,0.09318506083562775,0.2667063686639794,0.42025317906065024,0.030231568143035244,0.08787178431920241,0.9089116997879189,0.0632754069056991,0.07638813195410535,0.025526389170686867,0.27175862608072415,0.4821638857789315,0.0028625626795966814,0.004184886658760355,0.03395255714969079,0.03073812777434777,0.006839401028196029,0.00025576524517323314,1.0000000000000002,0.019560239063269563,0.01262139622645481,0.0439122576539574,0.027842496624219646,0.016240721523628255,0.39560645762544633,0.05954558112894473,0.05020939247249278,0.014773909008643461,0.009877406940825013,0.1544421841611564,0.00646286773358089
SPACEBOY BIRTHDAY CARD,0.6518182152118683,0.1824756289488843,0.1742771383767446,0.1618682476163454,0.008254850271242868,0.023072210645074632,0.1138572521585537,0.2035625003867139,0.07445762441158688,0.026579761413322002,0.004106052173032019,2.537577023018673e-06,0.004872743210381899,0.07699102727383947,0.0017567508807019877,0.000951083574081294,0.22566314503724016,0.20785094927258083,0.007181641834352848,0.07210682395945714,0.8827567837840087,0.34020724901385596,0.015442144767479647,0.0016708217801806424,0.009752054368000392,0.007282973329934466,0.014069216496915424,0.1741741895064938,0.6648032691767864,0.03552694846771269,0.8096427597895888,0.048669273028239146,0.04532070985360726,0.3498837052889368,0.056063041706543394,0.17035038515477466,0.13927752535900656,0.3696337635202456,0.32576292584143424,0.3946484602901968,0.12350538763937664,0.21155075236806895,0.09591534577389799,0.30288713283387775,0.3306050181303522,0.5806163111952771,0.4607052119908216,0.7966796656812305,0.5908749732106053,0.25037867202913916,0.0038306856904767117,0.3470638979114239,0.008875551974407031,0.05522522328908596,0.03205608314587366,0.03902098218644566,0.0029033034192056297,0.05696576197795388,0.5257123060432924,0.01664753456666738,0.3455922350680047,0.17648190910509343,0.26996164875484746,0.5985622358180978,0.35172101412413465,0.6248662728399884,0.16574045386873507,0.10699773449101167,0.10061207681022777,0.0,0.126789245322248,0.1525169262390492,0.21142446628296785,0.1870497215405638,0.012847715649601708,0.013609334907438923,0.6966364791708961,0.025520886814065374,0.03571665391568563,0.7642930336012453,0.2396177088125318,0.008000123563876235,0.021773650328918173,0.22900497422893668,0.2483187210628497,0.7868385109676178,9.903715474558125e-05,0.019560239063269563,1.0,0.9195414111965683,0.025161263837566363,0.011486106143255992,0.056142990087079084,0.057934012966857115,0.021923766546314245,0.3889510817532136,0.8205732006111333,0.01945385102481099,0.25440787061440223,0.7872286670977527
SPACEBOY LUNCH BOX ,0.6082206030634268,0.2177454903106112,0.19394758888698574,0.18505777348959188,0.005569066961876432,0.18836164636032365,0.1484929565917052,0.10363538281718943,0.0792842307881216,0.00755407321118991,0.0021486942754207097,0.0033670558127392117,0.005788377806180546,0.1290756060417447,0.0011414004140893616,0.006320123466383674,0.21966809717904084,0.12005305424152246,0.004116617564880096,0.015137128815847794,0.9812138685922276,0.1425797247870049,0.005461779039144154,0.0008437664154063748,0.0019097452721911039,0.0026410602573823873,0.008582845958283226,0.1906355200596862,0.6681872350459364,0.18753209829757828,0.8474947316287742,0.03513449404816487,0.04256565966480956,0.3925224613863744,0.04281736946811044,0.17047777121576443,0.12627505128205724,0.31465729461009845,0.297853869209866,0.3845649821986144,0.10482372949711442,0.16716259768863606,0.049846158583389436,0.2902975390721909,0.34100098235272025,0.6000043623001219,0.4725343611810421,0.8083598157039699,0.6158769630770119,0.2869486726931153,0.0029524059424993455,0.4225992190566665,0.004995249836227411,0.055435806298241484,0.017104485554708407,0.02274680850252062,0.0031180994814939025,0.02453559157537699,0.5595950157141516,0.0162195898686284,0.40272455606267704,0.19411865626312325,0.1747384566309555,0.6405667543772622,0.33638048284220906,0.6315122550933004,0.16548073625184975,0.10511953527938434,0.06432387919344956,0.0,0.10328082919940901,0.1553776931941205,0.21466625205202328,0.19041737761884497,0.03576165446897394,0.009046949857430606,0.7559219086072864,0.03152432897910411,0.013048060545232285,0.8062552518657958,0.3439859220873043,0.06282942427476457,0.02105524690152279,0.23942142475766975,0.2568794411179668,0.824486609425226,3.185275205680104e-05,0.01262139622645481,0.9195414111965683,1.0,0.01231225291485232,0.00913927247138129,0.037760354501038484,0.061798299168562235,0.025076067853783624,0.3754307458044306,0.914597056566313,0.0034991534410484344,0.25093981987572,0.8146924633261263
STRAWBERRY CERAMIC TRINKET BOX,0.0984403286352309,0.07159655304821443,0.12868840614124866,0.08093641259206073,0.020576806156742202,0.02475953475037217,0.025211525737995902,0.04198696479969894,0.08391384697429052,0.0712040809014078,0.005819305497714185,2.3933727498078005e-06,0.21143673749315714,0.10669638980520302,0.0048826499674044,0.0015436243757647693,0.09260985920597423,0.15629285135872925,0.0077536562029048225,0.08614057325163033,0.013002753938538066,0.014520614948224493,0.06505579178344624,0.003485264271705681,0.026959334111684052,0.05444638762842732,0.14291059423681893,0.13666786082114343,0.08773982790085902,0.10989442876179685,0.01679179219756143,0.011518166592521329,0.019648541225018957,0.10674900169997102,0.1785535715700705,0.058589185058670015,0.10268595202144536,0.11853201293425168,0.254064317837407,0.06677272526063316,0.13359593401759348,0.20064093389768817,0.18241396281357392,0.34354242134925045,0.15685435339007817,0.40341191341420846,0.2259573710065295,0.06641505576501305,0.060592053930065094,0.018442319100812222,0.0007001353733900853,0.030182168435761436,0.023798758053217,0.015769537484509016,0.009456159280770194,0.01114419665140203,0.0053561637631086585,0.007317191369909625,0.09483821565054991,0.002145450172819271,0.06832519344670988,0.06202063376745517,0.06679455685039873,0.06731152741925643,0.14022476911381293,0.07246229385994843,0.04363611602667548,0.0654243109326916,0.08975085065217075,0.0,0.15869058788475204,0.3003388642589648,0.08215102442193674,0.04192725830401258,0.18571986708904267,0.025963534702955607,0.0063851973960175395,0.007897083015916555,0.08914640292356274,0.031987884058658315,0.08211710263768685,0.003406508585611918,0.003765015708649685,0.07628607328268402,0.0678321533519494,0.025673160737579803,7.437094487253989e-05,0.0439122576539574,0.025161263837566363,0.01231225291485232,0.9999999999999998,0.49824999181830837,0.01966066084940321,0.024398884912611885,0.06233140583980185,0.2632520831652209,0.03262636604614267,0.012626364330120505,0.02170877280293785,0.024396976513428408
SWEETHEART CERAMIC TRINKET BOX,0.04248814179907936,0.054200758334607906,0.13928143483241562,0.07307303634099688,0.005830165988412843,0.03214972317084917,0.013479337397152286,0.023533813716369072,0.09905705886588569,0.0611897491289881,0.005111462403480184,3.424265838699482e-06,0.06533085906228882,0.08401999985233649,0.004691874347962345,0.04411610981210757,0.061843415881941685,0.21934488937663607,0.0066150498605850126,0.012189351780472165,0.012139060769201291,0.010703196820578959,0.10641172639785776,0.003966506893300939,0.024012334050998337,0.05472532708127943,0.20958256673011455,0.13860795433392595,0.050520851911783585,0.09575316932752735,0.01635389857804925,0.014137813759918561,0.02078973208110884,0.08923270943238201,0.2584670449430714,0.04959961126505889,0.09074702541992177,0.08955402483439348,0.2576351939733285,0.03574826479712439,0.18280231781543083,0.12202594207144443,0.14063041839909804,0.27337580468055517,0.23630363635661808,0.3532376070415624,0.282139183018398,0.04463775148265602,0.06096482870082719,0.00564479034014821,0.0008416276144739611,0.02526137646457331,0.027662492319779214,0.011532897466573069,0.006532248346363532,0.006063322968179924,0.004363284788543893,0.005225843399636582,0.07185205484076382,0.0019000308151165774,0.02276809996089934,0.051820317844216764,0.053257752149930504,0.06382145293595805,0.16338661131616034,0.08104416709696646,0.03874107042559152,0.031712824186530306,0.04134243267806446,0.0,0.0984129087604128,0.2089128400796893,0.13374054354412132,0.03036880227340927,0.2585925533160699,0.01739884736376046,0.006014702307043921,0.007707476054521253,0.13314297009250514,0.03073374654241724,0.05836623064399651,0.058024500483792936,0.0005862602656839738,0.11960486511768825,0.09977598994400404,0.02712770737517855,7.450846034730078e-05,0.027842496624219646,0.011486106143255992,0.00913927247138129,0.49824999181830837,1.0,0.023846836036331635,0.024318488754949238,0.05587180319969239,0.1694948876838083,0.03776036556355445,0.010713354520930567,0.015964314428777424,0.0393028328294037
VICTORIAN GLASS HANGING T-LIGHT,0.08722946415029065,0.0400482040746581,0.01585395286236068,0.01610977907837358,0.10436558393820135,0.1747771915621159,0.05811830340237857,0.05139542533418308,0.005736111699343225,0.02921115632892048,0.006474007618493985,1.5049766310989455e-06,0.0023834139681743987,0.02745871741106823,0.0036162570234582895,0.0011435984413720852,0.04329085104533276,0.055096567674770724,0.0034058725775363997,0.01008126856269447,0.028283964356924103,0.05199836385497021,0.02303546944398122,0.0034218359854372845,0.009649683268914591,0.0029067982345460826,0.016758946206905163,0.1893336807011222,0.1254481986893319,0.051589624043747354,0.07045463535996636,0.04302705112777581,0.0663275888357665,0.05734922988733984,0.016159731629142884,0.010098961937400836,0.024776574404651065,0.03215812222035138,0.02743437498326055,0.014590642163998857,0.011405258605520625,0.042433231741428115,0.03487594432034072,0.04332665081801804,0.023270966597846776,0.055497383829785335,0.044553686373454034,0.05225629936339226,0.035471077968064924,0.024545661349439245,0.0005475368538078549,0.011164709039480226,0.022418526702913357,0.008121977685273327,0.00437573497796794,0.007302261919192966,0.0024461661901421443,0.009036050352781948,0.029625158297187003,0.002813217236547179,0.030208490006003924,0.01093879554283792,0.03899973775592359,0.030604801181042775,0.03748868855530269,0.03137483432171118,0.016774126003740356,0.04169139698412442,0.032904946088024384,0.0,0.36993146548322237,0.007600686041239759,0.012123997670042023,0.05823962377126233,0.02664527459155683,0.004241094213733843,0.019272097334132415,0.0032711010418487478,0.10795413093437312,0.02130176953591599,0.13908390582526475,0.0054062689962596595,0.007076699129632334,0.010933713987726836,0.01121224021244414,0.05254632639443638,6.961659812071118e-05,0.016240721523628255,0.056142990087079084,0.037760354501038484,0.01966066084940321,0.023846836036331635,1.0000000000000004,0.017956405547012246,0.026463357859844914,0.38820780593083204,0.03465755963690494,0.008491978721934485,0.04042209999074599,0.09821372724610702
VINTAGE HEADS AND TAILS CARD GAME ,0.06964518767242567,0.10370812245871029,0.08525814838982351,0.060857874755028,0.005600187501099502,0.01902464133977688,0.7091509466824313,0.18086672284649688,0.02527768349551549,0.017233599868653214,0.015124820509602734,1.5572967130164673e-06,0.007627164779443699,0.04124948951410793,0.04864962853203387,0.0069709638049566675,0.04499466308673033,0.07088328401194238,0.002270209200818363,0.019092126462961358,0.06545031822260808,0.008080320039571277,0.011705888739037043,0.0030010312074996515,0.006961947085138894,0.005686068476302303,0.02346368605260619,0.0779912541705534,0.061070965425837384,0.05616722610191084,0.04499329723585147,0.0035187167951114375,0.008858574789375137,0.11417860468145548,0.01107228941522658,0.012871720474043445,0.01814394682060904,0.03377824048348618,0.02768104297298731,0.027027198253042357,0.016918580618182157,0.05239236616624484,0.026767139016167587,0.03117751307994733,0.060238508695425935,0.07194980183545219,0.07336683628152099,0.07104490480738272,0.051455432242730526,0.3116946852479199,0.000937437745203637,0.3010367603086376,0.05156659124561994,0.012848731246698502,0.32028486484713464,0.008726615637623695,0.005216305332417636,0.0025063243296234413,0.1451119994585632,0.004670115695299996,0.046760666715436626,0.052746638582734755,0.06309178377981817,0.14538186160890126,0.09441248427047573,0.07827347680944488,0.024418956419446653,0.03674811540151022,0.06687930658152039,0.0,0.04895103342810968,0.012472116124188031,0.7290800114614451,0.03043257153241138,0.0699923677557376,0.29138186214309697,0.15846214870804154,0.14177275150611962,0.018966248201842246,0.3809307474419352,0.04684286152156216,0.0037372845406881596,0.0015743584317804821,0.03797568982600998,0.033943748935940106,0.04607491614574285,0.00023321834522851143,0.39560645762544633,0.057934012966857115,0.061798299168562235,0.024398884912611885,0.024318488754949238,0.017956405547012246,0.9999999999999996,0.3906650375248296,0.04103605146574573,0.05136836481413392,0.10977897637084527,0.007432868629183647,0.04698852247569048
VINTAGE SNAP CARDS,0.08361545275272186,0.21757811507539485,0.18630525394934838,0.1434570272453527,0.015827750037143956,0.024772650066568747,0.016455938685984,0.18930011486609039,0.06731562633584154,0.04290204924444912,0.23054448423699364,4.543583300231815e-06,0.009084975436352935,0.09133134904820833,0.06449817964584262,0.028281089066011858,0.0877116142869441,0.21769602480391076,0.005019975456472327,0.025889010786571177,0.03277427470065618,0.018355658037600253,0.028415067771970254,0.007979953707421047,0.02233525498528558,0.07503987627751971,0.05355984813647663,0.20066158363663858,0.061527655549574,0.16064853539196924,0.014607606763140268,0.006593501358915596,0.017998696173440784,0.1557641045471429,0.010981521177111873,0.006897742140553604,0.01060165134190802,0.035186584959845085,0.015132197513371554,0.010926783689596768,0.021731476733986413,0.08142590726972944,0.024198027503327113,0.021577548326300447,0.12962620408080341,0.09018494115490112,0.15211149914369868,0.047926521907407926,0.04729221005789043,0.3509272453004192,0.0019637956990037246,0.27630522689757714,0.03371154842168389,0.02795332239313324,0.3688158048932086,0.02016187922857111,0.013352326135217363,0.0059455489143559,0.2337917982605038,0.005844726245672295,0.06141179093833411,0.13613092379861463,0.11631322020589488,0.17552257268058638,0.1934162430684334,0.07967971476626247,0.019470336599249974,0.07357470084200535,0.2408580662604068,0.0,0.09896184747015759,0.012971527676716596,0.026105573135658516,0.0662895369032793,0.20976718424891888,0.03571190719238611,0.00874648906820592,0.023687646665779324,0.059642726909690844,0.007018615369361553,0.10380578415176876,0.005356598819473104,0.0028410118487250465,0.039500313355925805,0.04168263737083505,0.016084443594708335,0.00046874086554814714,0.05954558112894473,0.021923766546314245,0.025076067853783624,0.06233140583980185,0.05587180319969239,0.026463357859844914,0.3906650375248296,0.9999999999999998,0.06615096931316128,0.01930209771422182,0.11979704105266578,0.018098773859525182,0.017332513157659688
WHITE HANGING HEART T-LIGHT HOLDER,0.33422014415475265,0.16419366036318203,0.13750359014171848,0.1089103225458391,0.0290153615473397,0.04216015163812765,0.09015116160416882,0.02377245956738034,0.07639479233295227,0.03865928251647264,0.007583402922926002,2.55981732976888e-06,0.050821224731816925,0.10375449305315292,0.00807910051687793,0.0014623811979432573,0.3191334585529919,0.3149281134014323,0.09942535940565651,0.0973107099503599,0.3801468612031537,0.03708290902565378,0.5039297648526014,0.004035845776684594,0.02887992557440371,0.14209756300588386,0.2257302670180315,0.16968085631955362,0.3632091415232883,0.08896117675032801,0.3863474762592797,0.4693059694959422,0.48886426151655615,0.26477394332112286,0.17496609432503155,0.12616105621375728,0.16598401858830053,0.2431220654599471,0.2800945784264098,0.21190421720290703,0.1471894075646963,0.2270808276434097,0.18154643301558418,0.2722941856752509,0.23150440713009776,0.41276587684137844,0.33323880633878367,0.3926057734878887,0.29233352497911574,0.062386787668467406,0.0010590713722018101,0.1442075281037565,0.022302829701619765,0.035265312902673755,0.009045882275775413,0.009316467128775614,0.005778605803386902,0.007187456609157597,0.2845388733824957,0.007308581503416228,0.21908592596804757,0.11151716231082477,0.07204931931888298,0.2875701029474026,0.17080742974638743,0.27485726002747857,0.08774531840635841,0.12266648852594655,0.1443071080988162,0.0,0.3381391904460954,0.28018823708645957,0.1338118869194045,0.12033080023437275,0.3828297881211415,0.030333059828110936,0.29256047350957737,0.007289572082733907,0.5642819693219897,0.3599466957247396,0.16669670558413047,0.005668631030775937,0.01474764251015895,0.13102910387010416,0.13888861518311382,0.3624092120878396,0.00014492235616831673,0.05020939247249278,0.3889510817532136,0.3754307458044306,0.2632520831652209,0.1694948876838083,0.38820780593083204,0.04103605146574573,0.06615096931316128,1.0,0.36589208244781124,0.014767161294777661,0.03103389462721515,0.36894068618643394
WOODLAND CHARLOTTE BAG,0.5718025147518411,0.21789347083562993,0.1773714897337521,0.1695093457237639,0.005851553571521942,0.25057684004378017,0.15450435838583476,0.030238918508201425,0.09707140470622751,0.012239122447388772,0.002166549743550678,0.00428968705578031,0.011354332007330388,0.2237729629646263,0.008505145487362895,0.0037622773431055133,0.22387723540424917,0.018306670226173816,0.005026670226943511,0.035859767489001486,0.9153617474309436,0.007939361199049783,0.009471831402134638,0.013214850386912315,0.008019618078580147,0.0037058677086477363,0.01142427750995126,0.2100600385829521,0.6564078931909267,0.22542289267973015,0.824268985347347,0.026743131469286863,0.048718072889729055,0.34818237066437935,0.09287619824958324,0.19706152950856823,0.15784915801354754,0.2881431363043739,0.3077392617870245,0.38566450467643565,0.11546428215709557,0.21534956890026316,0.15060894064415165,0.32826290389147833,0.35098620200071845,0.610979952607908,0.4822321208963275,0.7558174494106618,0.6289422995027272,0.22994025354538591,0.0018610323066559757,0.3413946654108061,0.018747443235624175,0.054931875970176874,0.002704529297687004,0.002418625258642224,0.0023817675797835947,0.0026663992693508167,0.5242071203205094,0.014876163342426953,0.42432921116440964,0.18583041585280927,0.08116656444021274,0.594111005856092,0.27980265065606685,0.5784700406808942,0.1652500685646596,0.10627580311412752,0.05468002979574319,0.0,0.10122387738295037,0.1540555501447302,0.21359127525528376,0.18495855800440567,0.018678109027388097,0.009976512141199276,0.6834443435659078,0.0031058009454494966,0.02505384768975186,0.785443247158351,0.3538048665824677,0.07822380258312098,0.0233916473918047,0.19438041751703378,0.22054441902180438,0.8136231420534131,0.0002383298025875339,0.014773909008643461,0.8205732006111333,0.914597056566313,0.03262636604614267,0.03776036556355445,0.03465755963690494,0.05136836481413392,0.01930209771422182,0.36589208244781124,0.9999999999999997,0.0031171531915716168,0.192443956899437,0.8013970697153351
WORLD WAR 2 GLIDERS ASSTD DESIGNS,0.032741119369067546,0.07515778277219609,0.04424971882298352,0.019447748408885274,0.004980557287398901,0.011401400034870241,0.017261888147099388,0.07787732505301259,0.019874738622499468,0.017264377545258086,0.7863409044486936,1.2582428339955676e-05,0.001322601157067381,0.022038442653705404,0.015171218122048058,0.0016613718852921836,0.015001112074585023,0.013401309136021413,0.001288235249071398,0.017179548205930265,0.003016535293099696,0.010770758038171492,0.009123565598115878,0.001457488731770142,0.004978975185385885,0.1927292621572443,0.008534622634992144,0.017719706836566318,0.014015847781603695,0.017622795540873183,0.003836981455009084,0.002098037930334517,0.0030019489745310665,0.05850174449369777,0.0076883067188654305,0.003144182493731924,0.008369899389623119,0.010695786255523315,0.011022329989476653,0.008563413016415996,0.009385026934272829,0.024427592238256562,0.020409046320681648,0.010231314115536433,0.014367895771209605,0.013566450547461629,0.0142543864599929,0.014588925509997462,0.006044750550140015,0.13255599824078068,0.00016823938739451747,0.15890010698789206,0.00505056323771474,0.0034909277267429154,0.09734865937070174,0.0015711214582867054,0.0013828550485339409,0.0022686322843502352,0.08115435691804608,0.002523806088272368,0.03881062153568507,0.012681881878801664,0.1443257445731982,0.07012981477258512,0.04835348243309557,0.041018087132157155,0.019203094843009343,0.6092895610674819,0.03617254297798191,0.0,0.021765341191398193,0.004370251727835208,0.008653503806014679,0.006917290489205512,0.014882703876331982,0.007471739173316218,0.0044203798283109766,0.8652654342957085,0.009082380698001718,0.0036282639778726236,0.015515525382146221,0.0007797380629804064,0.0005859505769243326,0.37869830326522275,0.3222804128611207,0.0027979905083051542,8.123006139470333e-05,0.009877406940825013,0.01945385102481099,0.0034991534410484344,0.012626364330120505,0.010713354520930567,0.008491978721934485,0.10977897637084527,0.11979704105266578,0.014767161294777661,0.0031171531915716168,1.0000000000000004,0.0049913690299660685,0.00412234197321381
WRAP PINK FAIRY CAKES ,0.15971462274954148,0.22457209274175483,0.02098073680931024,0.012487602414011586,0.004849394677447421,0.5965035954836394,0.21840927397164722,0.35362524555537916,0.01648589066721801,0.016915188074294225,0.0026448794330102983,0.011221668355542917,0.0035736079353720545,0.3555304606337704,0.002691445097119328,0.0007924885003390982,0.017899415679569722,0.3782959546214278,0.0017624046126663239,0.036090752176313974,0.11338270512862465,0.6729818077491753,0.0090885855586797,0.0019015632549430636,0.005252460647538073,0.0026950678536548293,0.012630724308016041,0.022748696729452834,0.023298858630519614,0.5328814910474894,0.00596601456950059,0.04612820327643091,0.00738288677888743,0.01643126354390864,0.008970566547633896,0.019447369483340672,0.012058606803199595,0.17580266202429026,0.06817387021200555,0.012984506222271755,0.011967001417370216,0.03156406087153139,0.053401197715698276,0.023022464202492897,0.023496027422665582,0.024709559686293393,0.023522612260864786,0.029120384779182606,0.015259423989081424,0.7096222554093503,0.004492048020201737,0.09566203006208346,0.005233936149545968,0.0073878616829953616,0.051068849652431685,0.0653097194400695,0.001612108783463363,0.10422167482773383,0.021479209420509224,0.0024306130917457324,0.37875737827943823,0.01410633510857628,0.3716087913561059,0.017399719147041047,0.3848250763821083,0.24651202757540813,0.010681601212342054,0.17865979354043673,0.03738808765833153,0.0,0.027800303893920967,0.06652700671192385,0.00945117616016884,0.014498632606429331,0.01822443706721384,0.17499044698392582,0.0014603577139314843,0.016766728979266364,0.01918951440089118,0.020425338168332807,0.6481026246018494,0.18292570759688218,0.001629196249021245,0.014272821287648056,0.013799804650197032,0.005881158658972251,4.657780042360126e-05,0.1544421841611564,0.25440787061440223,0.25093981987572,0.02170877280293785,0.015964314428777424,0.04042209999074599,0.007432868629183647,0.018098773859525182,0.03103389462721515,0.192443956899437,0.0049913690299660685,0.9999999999999999,0.012448512095072365
ZINC METAL HEART DECORATION,0.5369579880959363,0.16044696519855126,0.1661438174101736,0.15796278217562398,0.02354980061438501,0.047827595187743516,0.1151062876943896,0.016699622602174696,0.06725940403221332,0.01418926172207971,0.002029900292571248,2.617589842379057e-06,0.0029038346752188427,0.03845780364692418,0.002763051511550827,0.0016290843761588745,0.22306610357590181,0.02999157576983037,0.007261939038879324,0.013226011315695861,0.8323361264108409,0.019319550712024982,0.021429386043308893,0.002627812838434421,0.007435131117439331,0.0020514072022245937,0.022033144517427793,0.2214169466786648,0.6636039689701639,0.036608659073858414,0.8410051028765626,0.04335351737637784,0.06861245912166948,0.32206546577826933,0.0556634258473886,0.15846250679263815,0.1182175201017632,0.24934060333099772,0.2689696997574207,0.34989830825765944,0.09915816695922201,0.16314539443449486,0.05871922706088531,0.2880752584209433,0.3070198414124482,0.5499776693432048,0.42351016491526056,0.7093287864079737,0.5589989336271436,0.07035729521380366,0.0013958144971723313,0.28363948076504425,0.01794153344871277,0.051861904011591485,0.0010967232792336102,0.002582312667245859,0.0017550226505791413,0.001605301139465133,0.4936412796544374,0.01082390503886358,0.27446598810237227,0.16545468346909623,0.07415109493126754,0.5545283694774842,0.20930352036598604,0.5064744458870711,0.15061597856064496,0.07556702742077666,0.0538319079910233,0.0,0.09571095162077711,0.14703654654262466,0.2016823210028329,0.20135856595730456,0.027027496386975144,0.0049387218309571955,0.6430206369283723,0.0024585323807139255,0.03138128052391915,0.7218754474338621,0.1990902699030412,0.008228472832517427,0.018826219080560768,0.17936277129599157,0.20631675614845332,0.7926417750548358,9.687187095264017e-05,0.00646286773358089,0.7872286670977527,0.8146924633261263,0.024396976513428408,0.0393028328294037,0.09821372724610702,0.04698852247569048,0.017332513157659688,0.36894068618643394,0.8013970697153351,0.00412234197321381,0.012448512095072365,0.9999999999999997
