Customer ID,Recency,Frequency,Monetary,Cluster,Segment
12346,326,12,77556.46,1,Regular
12347,2,8,5633.32,1,Regular
12348,75,5,2019.3999999999999,1,Regular
12349,19,4,4428.6900000000005,1,Regular
12350,310,1,334.40000000000003,0,At Risk
12351,375,1,300.93,0,At Risk
12352,36,10,2849.84,1,Regular
12353,204,2,406.76,1,Regular
12354,232,1,1079.4,1,Regular
12355,214,2,947.61,1,Regular
12356,23,6,6373.68,1,Regular
12357,33,3,18287.66,1,Regular
12358,2,5,3887.07,1,Regular
12359,58,10,8935.94,1,Regular
12360,52,8,4252.89,1,Regular
12361,287,4,511.25,0,At Risk
12362,3,11,5356.2300000000005,1,Regular
12363,110,2,552.0,1,Regular
12364,8,4,1313.1,1,Regular
12365,291,2,641.38,0,At Risk
12366,634,1,500.24,0,At Risk
12367,4,1,168.9,1,Regular
12368,628,1,917.7,0,At Risk
12369,413,3,1791.15,0,At Risk
12370,51,7,4320.31,1,Regular
12371,45,5,4067.38,1,Regular
12372,72,3,1298.04,1,Regular
12373,311,3,1127.65,0,At Risk
12374,25,4,2989.2200000000003,1,Regular
12375,11,2,457.5,1,Regular
12376,390,2,503.15,0,At Risk
12377,315,4,3426.32,0,At Risk
12378,130,2,5416.32,1,Regular
12379,82,4,1620.22,1,Regular
12380,22,11,9676.300000000001,1,Regular
12381,5,5,1845.31,1,Regular
12383,185,5,1850.56,1,Regular
12384,29,2,585.27,1,Regular
12385,379,1,1938.4,0,At Risk
12386,338,2,660.8000000000001,0,At Risk
12387,415,1,143.94,0,At Risk
12388,16,8,3901.11,1,Regular
12389,403,3,1433.33,0,At Risk
12390,80,1,549.84,1,Regular
12391,22,6,2773.42,1,Regular
12392,591,1,234.75000000000003,0,At Risk
12393,72,6,2399.45,1,Regular
12394,64,2,1272.48,1,Regular
12395,19,15,5067.27,1,Regular
12396,674,1,931.4300000000001,0,At Risk
12397,36,2,2409.9,1,Regular
12398,46,1,1635.6599999999999,1,Regular
12399,119,7,1962.3,1,Regular
12400,414,1,205.25,0,At Risk
12401,303,1,84.3,0,At Risk
12402,323,6,1256.9,0,At Risk
12403,50,2,1019.36,1,Regular
12404,682,1,63.24,0,At Risk
12405,149,1,1710.39,1,Regular
12406,22,5,6390.36,1,Regular
12407,50,5,1708.12,1,Regular
12408,33,8,4340.77,1,Regular
12409,79,7,23419.29,1,Regular
12410,309,3,1013.71,0,At Risk
12411,410,1,346.9,0,At Risk
12412,75,6,2596.93,1,Regular
12413,67,4,999.45,1,Regular
12414,217,6,952.4100000000001,1,Regular
12415,24,28,144458.37,2,VIP
12416,657,1,202.56,0,At Risk
12417,3,20,6816.91,1,Regular
12418,113,4,2021.2,1,Regular
12419,386,2,503.01,0,At Risk
12420,64,1,600.39,1,Regular
12421,16,6,1098.6,1,Regular
12422,96,17,5231.8,1,Regular
12423,1,10,2622.39,1,Regular
12424,163,4,3340.0299999999997,1,Regular
12425,78,2,1741.41,1,Regular
12426,195,2,1345.21,1,Regular
12427,22,3,1129.3,1,Regular
12428,26,9,7956.46,1,Regular
12429,9,8,7485.91,1,Regular
12430,43,1,256.4,1,Regular
12431,36,27,10857.970000000001,1,Regular
12432,43,5,5059.32,1,Regular
12433,1,10,20581.260000000002,1,Regular
12434,85,3,1103.43,1,Regular
12435,80,6,13925.93,1,Regular
12436,100,1,509.01,1,Regular
12437,2,39,12683.4,1,Regular
12438,14,2,2906.85,1,Regular
12439,683,2,1158.18,0,At Risk
12440,462,2,859.2,0,At Risk
12441,367,1,347.1,0,At Risk
12442,3,1,172.06,1,Regular
12443,732,1,485.31,0,At Risk
12444,21,5,5005.46,1,Regular
12445,22,2,434.98,1,Regular
12446,58,1,1002.3100000000001,1,Regular
12447,243,1,476.49,1,Regular
12448,44,1,449.45,1,Regular
12449,22,6,4835.89,1,Regular
12450,156,5,688.2,1,Regular
12451,11,8,12669.88,1,Regular
12452,17,2,430.57000000000005,1,Regular
12453,134,1,707.09,1,Regular
12454,56,5,16679.78,1,Regular
12455,73,10,5879.95,1,Regular
12456,44,3,3181.04,1,Regular
12457,66,8,2995.91,1,Regular
12458,71,4,1777.49,1,Regular
12459,605,1,454.36,0,At Risk
12460,456,1,326.65,0,At Risk
12461,94,2,826.88,1,Regular
12462,19,2,1189.59,1,Regular
12463,53,4,1344.78,1,Regular
12464,10,8,1212.05,1,Regular
12465,17,2,742.19,1,Regular
12466,682,1,56.73,0,At Risk
12467,423,1,132.8,0,At Risk
12468,188,5,3670.7400000000002,1,Regular
12469,523,2,3070.54,0,At Risk
12470,690,1,211.95,0,At Risk
12471,2,79,39963.79,2,VIP
12472,32,19,17880.59,1,Regular
12473,29,5,3938.55,1,Regular
12474,17,31,12424.45,1,Regular
12475,54,2,1149.64,1,Regular
12476,16,23,14115.41,1,Regular
12477,23,9,20276.37,1,Regular
12478,4,1,680.99,1,Regular
12479,11,1,527.2,1,Regular
12480,28,7,5464.85,1,Regular
12481,23,15,12361.39,1,Regular
12482,576,29,23691.4,0,At Risk
12483,17,19,5120.58,1,Regular
12484,33,12,6370.15,1,Regular
12485,529,1,708.1,0,At Risk
12486,432,1,1037.28,0,At Risk
12487,731,1,285.3,0,At Risk
12488,10,3,1298.66,1,Regular
12489,336,1,334.93,0,At Risk
12490,5,21,9823.64,1,Regular
12491,39,1,460.40000000000003,1,Regular
12492,63,3,715.21,1,Regular
12493,166,2,433.74,1,Regular
12494,16,9,1872.8700000000001,1,Regular
12495,641,1,357.4,0,At Risk
12496,620,2,54.09,0,At Risk
12497,82,3,6248.5,1,Regular
12498,21,3,403.70000000000005,1,Regular
12499,560,1,393.72,0,At Risk
12500,23,19,5955.21,1,Regular
12501,337,1,2169.39,0,At Risk
12502,96,5,3723.87,1,Regular
12503,584,1,1126.0,0,At Risk
12504,18,4,779.05,1,Regular
12505,409,1,955.2,0,At Risk
12506,233,1,73.5,1,Regular
12507,134,4,1844.06,1,Regular
12508,26,2,398.27,1,Regular
12509,284,1,176.5,0,At Risk
12510,143,9,5178.02,1,Regular
12511,429,1,3084.02,0,At Risk
12512,66,2,138.03,1,Regular
12513,113,1,612.29,1,Regular
12514,267,2,1597.76,0,At Risk
12515,353,1,383.7,0,At Risk
12516,78,4,2648.62,1,Regular
12517,28,5,2502.84,1,Regular
12518,1,5,2056.89,1,Regular
12519,64,2,726.54,1,Regular
12520,79,5,2634.26,1,Regular
12521,143,1,599.68,1,Regular
12522,39,2,192.72,1,Regular
12523,19,23,4372.15,1,Regular
12524,9,17,11126.11,1,Regular
12525,498,3,973.73,0,At Risk
12526,1,3,1316.66,1,Regular
12527,82,5,735.51,1,Regular
12528,9,6,1933.48,1,Regular
12529,528,1,316.48,0,At Risk
12530,60,9,3759.26,1,Regular
12531,15,2,1933.2,1,Regular
12532,30,1,349.83000000000004,1,Regular
12533,628,2,1367.89,0,At Risk
12534,131,1,1089.18,1,Regular
12535,92,2,716.35,1,Regular
12536,43,3,12601.830000000002,1,Regular
12537,409,1,732.94,0,At Risk
12538,29,2,640.45,1,Regular
12539,22,7,11214.75,1,Regular
12540,20,33,22254.49,1,Regular
12541,30,3,981.18,1,Regular
12542,484,2,481.88,0,At Risk
12543,448,1,980.25,0,At Risk
12544,36,1,372.7,1,Regular
12545,75,2,1000.39,1,Regular
12546,47,2,1161.5,1,Regular
12547,198,3,383.58,1,Regular
12548,166,1,95.19999999999999,1,Regular
12549,576,6,1575.68,0,At Risk
12550,79,1,964.83,1,Regular
12551,358,1,168.0,0,At Risk
12552,39,2,437.82,1,Regular
12553,8,12,4608.75,1,Regular
12554,449,1,468.5,0,At Risk
12555,682,1,129.23,0,At Risk
12556,50,2,603.71,1,Regular
12557,16,8,18716.14,1,Regular
12558,8,1,269.96,1,Regular
12559,311,2,561.71,0,At Risk
12560,5,3,2134.01,1,Regular
12561,303,1,238.85,0,At Risk
12562,8,9,4966.92,1,Regular
12563,409,1,249.24,0,At Risk
12564,261,1,456.90000000000003,0,At Risk
12565,289,1,145.92000000000002,0,At Risk
12566,86,1,351.65,1,Regular
12567,23,15,13709.86,1,Regular
12568,645,1,70.0,0,At Risk
12569,2,32,4124.6900000000005,1,Regular
12570,682,1,77.52,0,At Risk
12571,40,2,519.61,1,Regular
12572,9,2,1020.4200000000001,1,Regular
12573,227,5,717.41,1,Regular
12574,316,1,218.45000000000002,0,At Risk
12575,457,2,622.82,0,At Risk
12576,36,8,2142.7200000000003,1,Regular
12577,35,8,1653.75,1,Regular
12578,21,4,4642.45,1,Regular
12579,78,1,440.42,1,Regular
12580,247,2,1052.9,1,Regular
12581,40,1,197.71,1,Regular
12582,239,4,1980.4,1,Regular
12583,3,27,14447.44,1,Regular
12584,4,9,2338.15,1,Regular
12585,234,2,2040.1,1,Regular
12586,17,4,2062.67,1,Regular
12587,8,1,144.0,1,Regular
12588,39,4,958.78,1,Regular
12589,29,8,4695.66,1,Regular
12590,211,2,9864.26,1,Regular
12591,317,3,1352.15,0,At Risk
12592,92,5,2582.66,1,Regular
12593,109,3,418.1,1,Regular
12594,38,15,5090.110000000001,1,Regular
12595,505,1,299.02,0,At Risk
12596,51,2,618.27,1,Regular
12597,19,4,3811.22,1,Regular
12598,10,11,4534.09,1,Regular
12599,29,13,2296.72,1,Regular
12600,29,21,5043.92,1,Regular
12601,190,6,681.26,1,Regular
12602,59,1,153.12,1,Regular
12603,22,1,739.1999999999999,1,Regular
12604,79,2,254.18,1,Regular
12605,376,4,1232.95,0,At Risk
12606,682,1,21.0,0,At Risk
12607,60,1,1579.51,1,Regular
12608,405,1,415.79,0,At Risk
12609,78,9,3435.86,1,Regular
12610,23,5,2099.54,1,Regular
12611,52,1,1193.32,1,Regular
12612,74,1,704.04,1,Regular
12613,57,10,6835.07,1,Regular
12614,278,1,315.6,0,At Risk
12615,2,8,5740.9800000000005,1,Regular
12616,95,3,1131.1,1,Regular
12617,29,1,355.53000000000003,1,Regular
12618,22,1,177.31,1,Regular
12619,16,10,3781.38,1,Regular
12620,15,3,1339.41,1,Regular
12621,2,35,24775.81,1,Regular
12622,232,1,180.1,1,Regular
12623,276,7,3747.84,0,At Risk
12624,106,2,641.13,1,Regular
12625,212,4,5164.88,1,Regular
12626,23,9,6620.4800000000005,1,Regular
12627,11,7,4478.53,1,Regular
12628,4,3,786.46,1,Regular
12629,386,2,1558.22,0,At Risk
12630,10,2,1270.88,1,Regular
12631,57,6,3481.57,1,Regular
12632,521,2,804.88,0,At Risk
12633,59,7,5678.16,1,Regular
12634,536,2,490.0,0,At Risk
12635,90,4,2930.41,1,Regular
12636,739,1,141.0,0,At Risk
12637,67,12,8340.31,1,Regular
12638,33,2,921.49,1,Regular
12639,239,3,1312.3700000000001,1,Regular
12640,24,3,1174.58,1,Regular
12641,115,1,185.9,1,Regular
12642,25,3,1013.26,1,Regular
12643,128,12,8350.42,1,Regular
12644,130,4,1918.49,1,Regular
12645,34,8,3539.3,1,Regular
12646,5,2,1346.97,1,Regular
12647,22,36,17924.35,1,Regular
12648,155,4,1112.0,1,Regular
12649,107,8,2294.65,1,Regular
12650,3,1,314.44,1,Regular
12651,335,4,377.75,0,At Risk
12652,331,2,1017.0300000000001,0,At Risk
12653,149,3,4160.83,1,Regular
12654,11,5,601.98,1,Regular
12655,424,1,261.35,0,At Risk
12656,17,8,6407.83,1,Regular
12657,11,4,1643.18,1,Regular
12658,19,1,686.05,1,Regular
12659,30,1,91.68,1,Regular
12660,11,1,245.10000000000002,1,Regular
12661,436,1,162.0,0,At Risk
12662,1,20,6988.02,1,Regular
12663,625,2,239.4,0,At Risk
12664,8,11,6070.04,1,Regular
12665,325,3,313.6,0,At Risk
12666,394,1,1248.42,0,At Risk
12667,58,1,620.13,1,Regular
12668,12,10,11444.68,1,Regular
12669,151,3,2744.0299999999997,1,Regular
12670,10,7,3760.29,1,Regular
12671,606,1,2622.481,0,At Risk
12672,330,2,437.05,0,At Risk
12673,5,3,1230.02,1,Regular
12674,39,4,1970.6,1,Regular
12675,554,2,958.5,0,At Risk
12676,25,11,2843.09,1,Regular
12677,555,2,395.1,0,At Risk
12678,42,21,34281.18,1,Regular
12679,59,4,1113.02,1,Regular
12680,1,4,880.81,1,Regular
12681,15,45,30868.28,1,Regular
12682,4,52,24033.91,1,Regular
12683,4,21,12696.78,1,Regular
12684,8,7,2283.63,1,Regular
12685,28,6,2863.08,1,Regular
12686,372,1,178.28,0,At Risk
12687,481,2,2138.91,0,At Risk
12688,114,1,4873.81,1,Regular
12689,26,2,1247.6100000000001,1,Regular
12690,206,1,389.01,1,Regular
12691,28,7,1170.4,1,Regular
12692,637,1,110.95,0,At Risk
12693,127,7,1703.02,1,Regular
12694,70,3,1843.35,1,Regular
12695,7,7,1407.1200000000001,1,Regular
12696,435,2,851.91,0,At Risk
12697,29,3,957.59,1,Regular
12698,590,1,339.75,0,At Risk
12699,418,1,638.11,0,At Risk
12700,8,4,4939.99,1,Regular
12701,80,6,2446.41,1,Regular
12702,20,1,219.0,1,Regular
12703,71,4,1006.53,1,Regular
12704,7,8,2340.84,1,Regular
12705,15,14,11762.1,1,Regular
12707,292,1,603.42,0,At Risk
12708,30,18,5314.1,1,Regular
12709,15,34,31093.34,1,Regular
12710,97,3,1149.02,1,Regular
12711,612,2,1339.05,0,At Risk
12712,29,21,7193.66,1,Regular
12713,1,1,848.55,1,Regular
12714,9,12,14093.710000000001,1,Regular
12715,106,1,353.86,1,Regular
12716,4,2,1053.49,1,Regular
12717,151,3,1308.91,1,Regular
12718,71,1,238.25,1,Regular
12719,5,2,644.95,1,Regular
12720,3,30,8260.67,1,Regular
12721,32,8,4013.08,1,Regular
12722,85,4,997.63,1,Regular
12723,4,5,725.07,1,Regular
12724,5,7,2317.52,1,Regular
12725,371,4,2694.56,0,At Risk
12726,28,11,4014.6,1,Regular
12727,11,10,5679.53,1,Regular
12728,71,5,1070.17,1,Regular
12729,114,1,453.01,1,Regular
12730,522,1,829.25,0,At Risk
12731,24,17,25775.71,1,Regular
12732,180,1,236.26000000000002,1,Regular
12733,234,4,2424.87,1,Regular
12734,353,3,639.65,0,At Risk
12735,315,2,779.5699999999999,0,At Risk
12736,333,1,234.0,0,At Risk
12737,499,2,3710.5,0,At Risk
12738,372,1,310.7,0,At Risk
12739,78,4,2726.73,1,Regular
12740,64,1,427.6,1,Regular
12741,529,2,406.07,0,At Risk
12742,626,1,1201.52,0,At Risk
12743,134,2,546.43,1,Regular
12744,52,11,25317.06,1,Regular
12745,487,3,925.41,0,At Risk
12746,541,1,254.55,0,At Risk
12747,2,26,9276.54,1,Regular
12748,1,336,56599.39,2,VIP
12749,4,9,6897.36,1,Regular
12750,129,1,275.88,1,Regular
12751,445,1,268.27,0,At Risk
12752,81,1,4366.78,1,Regular
12753,23,6,21429.39,1,Regular
12754,236,3,3010.74,1,Regular
12755,281,11,9030.66,1,Regular
12756,87,1,112.08,1,Regular
12757,16,13,7857.1,1,Regular
12758,117,7,9903.24,1,Regular
12759,52,8,5020.74,1,Regular
12760,456,1,347.8,0,At Risk
12761,458,2,782.95,0,At Risk
12762,8,2,1898.52,1,Regular
12763,138,2,814.16,1,Regular
12764,317,1,1693.88,0,At Risk
12765,472,6,1404.58,0,At Risk
12766,4,9,10068.28,1,Regular
12767,376,1,949.82,0,At Risk
12768,451,1,168.69,0,At Risk
12769,239,1,1143.6,1,Regular
12770,211,2,3246.45,1,Regular
12771,486,1,282.3,0,At Risk
12772,60,1,892.47,1,Regular
12773,564,1,124.25,0,At Risk
12774,536,1,98.7,0,At Risk
12775,17,7,1686.1200000000001,1,Regular
12776,668,1,55.5,0,At Risk
12777,458,1,519.45,0,At Risk
12778,20,9,1775.68,1,Regular
12779,38,14,6722.2699999999995,1,Regular
12780,599,1,337.4,0,At Risk
12781,64,2,826.74,1,Regular
12782,5,11,4618.24,1,Regular
12783,2,6,2225.91,1,Regular
12784,9,3,1804.75,1,Regular
12785,364,3,1100.4,0,At Risk
12786,610,1,728.5000000000001,0,At Risk
12787,10,4,862.1800000000001,1,Regular
12788,463,4,444.90000000000003,0,At Risk
12789,65,3,273.35,1,Regular
12790,192,2,591.85,1,Regular
12791,374,6,1056.1100000000001,0,At Risk
12792,257,2,827.01,0,At Risk
12793,335,3,1017.33,0,At Risk
12794,53,2,860.41,1,Regular
12795,19,1,430.48,1,Regular
12796,628,1,381.0,0,At Risk
12797,366,2,806.11,0,At Risk
12798,10,4,8510.93,1,Regular
12799,529,1,219.35,0,At Risk
12800,470,3,584.25,0,At Risk
12801,501,1,1071.82,0,At Risk
12802,187,7,2416.42,1,Regular
12803,393,1,1092.81,0,At Risk
12804,466,2,327.02,0,At Risk
12805,382,4,1434.95,0,At Risk
12806,435,4,2878.96,0,At Risk
12807,383,1,330.35,0,At Risk
12808,37,5,906.1,1,Regular
12809,178,3,1755.94,1,Regular
12810,535,2,534.99,0,At Risk
12811,261,5,1033.9,1,Regular
12812,45,1,229.64000000000001,1,Regular
12813,502,3,1687.8,0,At Risk
12814,102,1,125.92,1,Regular
12815,148,2,1063.46,1,Regular
12816,96,2,572.2,1,Regular
12817,281,3,690.98,0,At Risk
12818,262,1,1542.08,0,At Risk
12819,458,1,540.52,0,At Risk
12820,3,11,2689.52,1,Regular
12821,214,2,220.8,1,Regular
12822,71,2,948.88,1,Regular
12823,75,18,6501.5,1,Regular
12824,60,1,397.12,1,Regular
12825,521,2,518.63,0,At Risk
12826,3,12,2955.75,1,Regular
12827,6,3,430.15,1,Regular
12828,3,6,1018.71,1,Regular
12829,337,3,385.3,0,At Risk
12830,38,6,6814.64,1,Regular
12831,262,3,451.11,0,At Risk
12832,32,2,383.03000000000003,1,Regular
12833,145,1,417.38,1,Regular
12834,283,1,312.38,0,At Risk
12835,428,41,6043.31,0,At Risk
12836,59,15,6585.62,1,Regular
12837,173,2,688.41,1,Regular
12838,34,10,3398.48,1,Regular
12839,3,26,10071.73,1,Regular
12840,144,7,4041.9700000000003,1,Regular
12841,5,40,7540.68,1,Regular
12842,70,4,1917.99,1,Regular
12843,66,30,6588.41,1,Regular
12844,29,4,648.6,1,Regular
12845,267,4,354.09000000000003,0,At Risk
12846,682,1,15.58,0,At Risk
12847,22,2,1636.8999999999999,1,Regular
12848,676,1,208.0,0,At Risk
12849,31,6,3090.56,1,Regular
12850,446,1,330.0,0,At Risk
12851,97,2,284.13,1,Regular
12852,295,1,311.55,0,At Risk
12853,135,11,3907.5,1,Regular
12854,79,7,2994.02,1,Regular
12855,373,4,650.94,0,At Risk
12856,8,6,2179.93,1,Regular
12857,211,6,3688.0,1,Regular
12858,383,1,177.92,0,At Risk
12859,459,1,575.1,0,At Risk
12860,693,1,55.47,0,At Risk
12861,620,1,68.25,0,At Risk
12862,426,2,1008.32,0,At Risk
12863,52,6,2792.55,1,Regular
12864,138,2,299.57,1,Regular
12865,26,4,3323.4700000000003,1,Regular
12866,283,3,1227.35,0,At Risk
12867,26,13,7913.29,1,Regular
12868,186,8,2247.06,1,Regular
12869,682,1,337.66999999999996,0,At Risk
12870,375,3,1676.95,0,At Risk
12871,84,3,744.02,1,Regular
12872,327,12,3685.4900000000002,0,At Risk
12873,282,3,2027.3,0,At Risk
12874,385,2,948.42,0,At Risk
12875,143,5,1356.9900000000002,1,Regular
12876,58,4,4081.79,1,Regular
12877,4,20,2955.17,1,Regular
12878,236,2,854.99,1,Regular
12879,45,3,573.22,1,Regular
12880,382,2,640.13,0,At Risk
12881,276,1,298.0,0,At Risk
12882,9,2,1463.04,1,Regular
12883,25,4,703.47,1,Regular
12884,88,1,309.05,1,Regular
12885,63,3,1175.22,1,Regular
12886,68,2,1378.4,1,Regular
12887,384,1,222.4,0,At Risk
12888,214,2,354.12,1,Regular
12889,381,4,385.46000000000004,0,At Risk
12890,24,2,717.27,1,Regular
12891,186,11,840.5,1,Regular
12892,397,1,263.38,0,At Risk
12893,31,1,188.14,1,Regular
12894,575,1,157.35,0,At Risk
12895,42,2,372.8,1,Regular
12897,205,4,514.25,1,Regular
12898,464,2,310.96,0,At Risk
12899,414,1,366.4,0,At Risk
12900,422,1,340.33000000000004,0,At Risk
12901,9,28,17654.54,1,Regular
12902,265,1,138.68,0,At Risk
12903,429,1,833.5300000000001,0,At Risk
12904,18,2,509.58,1,Regular
12905,577,2,1018.42,0,At Risk
12906,12,5,2919.81,1,Regular
12907,396,2,508.91,0,At Risk
12908,176,5,1776.0,1,Regular
12909,40,8,3103.19,1,Regular
12910,23,13,5796.52,1,Regular
12911,552,1,1680.47,0,At Risk
12912,3,5,1662.3,1,Regular
12913,5,13,6700.86,1,Regular
12914,401,1,223.98,0,At Risk
12915,149,4,1174.75,1,Regular
12916,139,7,4654.02,1,Regular
12917,128,6,4359.2,1,Regular
12918,626,1,10953.5,0,At Risk
12919,8,6,1335.19,1,Regular
12920,17,4,488.09000000000003,1,Regular
12921,9,74,35921.04,2,VIP
12922,161,1,405.38,1,Regular
12923,64,3,789.87,1,Regular
12924,88,12,2469.4,1,Regular
12925,5,3,729.33,1,Regular
12926,411,4,1548.46,0,At Risk
12927,395,1,197.31,0,At Risk
12928,35,12,4304.89,1,Regular
12929,312,1,117.85,0,At Risk
12930,78,2,415.8,1,Regular
12931,22,57,92347.34,2,VIP
12932,539,8,1698.56,0,At Risk
12933,24,8,1687.03,1,Regular
12934,737,1,181.65,0,At Risk
12935,2,15,4243.86,1,Regular
12936,17,4,1063.9,1,Regular
12937,15,9,3097.61,1,Regular
12938,26,1,114.14,1,Regular
12939,64,20,25264.8,1,Regular
12940,55,2,913.54,1,Regular
12941,724,1,377.49,0,At Risk
12942,131,3,942.65,1,Regular
12943,558,2,496.5,0,At Risk
12944,36,2,604.51,1,Regular
12945,288,2,900.11,0,At Risk
12946,437,1,324.45,0,At Risk
12947,144,6,1908.03,1,Regular
12948,16,9,2317.43,1,Regular
12949,31,22,15526.7,1,Regular
12950,2,3,1843.0,1,Regular
12951,9,15,3213.7200000000003,1,Regular
12952,6,4,1387.79,1,Regular
12953,10,2,828.8100000000001,1,Regular
12954,639,1,162.45,0,At Risk
12955,1,11,4757.16,1,Regular
12956,306,4,521.89,0,At Risk
12957,10,13,8706.97,1,Regular
12958,400,2,539.49,0,At Risk
12959,484,1,150.95,0,At Risk
12960,414,4,1322.0700000000002,0,At Risk
12961,379,1,211.99,0,At Risk
12962,7,2,266.39,1,Regular
12963,8,12,3601.59,1,Regular
12964,437,1,132.24,0,At Risk
12965,89,1,771.91,1,Regular
12966,10,1,160.18,1,Regular
12967,358,3,4306.92,0,At Risk
12968,112,1,135.95,1,Regular
12969,603,1,122.45,0,At Risk
12970,7,10,1524.97,1,Regular
12971,4,116,15972.79,2,VIP
12972,414,4,1161.2,0,At Risk
12973,414,1,385.55,0,At Risk
12974,198,2,408.95,1,Regular
12975,437,6,2100.09,0,At Risk
12976,212,8,3156.38,1,Regular
12977,156,4,517.63,1,Regular
12978,385,5,2502.82,0,At Risk
12979,729,1,517.7,0,At Risk
12980,158,21,16245.78,1,Regular
12981,30,2,372.21999999999997,1,Regular
12982,243,8,2744.81,1,Regular
12983,598,1,490.08,0,At Risk
12984,19,1,97.5,1,Regular
12985,1,2,1239.38,1,Regular
12986,429,10,2729.84,0,At Risk
12987,74,5,1312.21,1,Regular
12988,292,1,535.32,0,At Risk
12989,3,33,13551.75,1,Regular
12990,31,7,955.5,1,Regular
12991,23,3,764.82,1,Regular
12992,725,1,93.35,0,At Risk
12993,23,8,1259.63,1,Regular
12994,4,3,974.42,1,Regular
12995,85,1,211.32,1,Regular
12996,376,1,355.5,0,At Risk
12997,22,8,2110.91,1,Regular
12998,493,3,920.08,0,At Risk
12999,196,3,455.88,1,Regular
13000,107,4,1032.5,1,Regular
13001,4,33,24172.100000000002,1,Regular
13002,318,3,414.13,0,At Risk
13003,106,3,149.05,1,Regular
13004,12,36,11650.85,1,Regular
13005,174,4,999.68,1,Regular
13006,56,1,81.57,1,Regular
13007,580,1,175.25,0,At Risk
13008,323,3,612.13,0,At Risk
13009,673,1,234.0,0,At Risk
13010,374,2,330.12,0,At Risk
13011,372,1,101.10000000000001,0,At Risk
13012,9,11,2972.83,1,Regular
13013,1,29,12625.77,1,Regular
13014,11,11,5381.08,1,Regular
13015,53,11,6586.42,1,Regular
13016,73,3,789.89,1,Regular
13017,7,1,204.0,1,Regular
13018,16,35,9763.16,1,Regular
13019,379,6,1229.95,0,At Risk
13020,563,2,618.96,0,At Risk
13021,4,17,4887.24,1,Regular
13022,430,1,65.3,0,At Risk
13023,64,3,1449.03,1,Regular
13024,471,2,555.87,0,At Risk
13025,732,1,323.39,0,At Risk
13026,1,9,1733.08,1,Regular
13027,114,19,17335.2,1,Regular
13028,23,2,661.3199999999999,1,Regular
13029,31,5,1927.3,1,Regular
13030,11,2,1227.22,1,Regular
13031,407,5,3419.27,0,At Risk
13032,52,9,2843.55,1,Regular
13033,357,2,220.55,0,At Risk
13034,55,3,922.68,1,Regular
13035,74,3,1364.2,1,Regular
13036,685,1,307.1,0,At Risk
13037,138,12,3914.9500000000003,1,Regular
13038,80,3,908.46,1,Regular
13039,584,4,1010.73,0,At Risk
13040,9,2,676.99,1,Regular
13041,451,4,799.13,0,At Risk
13042,598,3,1556.54,0,At Risk
13043,273,1,516.42,0,At Risk
13044,291,11,4853.9,0,At Risk
13045,99,3,808.9200000000001,1,Regular
13046,31,3,949.25,1,Regular
13047,32,24,8795.16,1,Regular
13048,14,9,4084.21,1,Regular
13049,64,4,1408.24,1,Regular
13050,15,35,12344.53,1,Regular
13051,579,2,155.8,0,At Risk
13052,212,7,3168.53,1,Regular
13053,622,1,127.65,0,At Risk
13055,78,4,2321.11,1,Regular
13056,551,1,209.48,0,At Risk
13057,530,3,722.09,0,At Risk
13058,25,3,271.40000000000003,1,Regular
13059,250,10,2303.17,1,Regular
13060,254,1,307.53000000000003,0,At Risk
13061,72,1,248.61,1,Regular
13062,191,1,346.98,1,Regular
13063,481,1,188.4,0,At Risk
13064,13,6,1680.74,1,Regular
13065,373,5,1260.91,0,At Risk
13066,24,2,470.8,1,Regular
13067,82,3,508.51,1,Regular
13068,10,2,344.0,1,Regular
13069,1,38,9683.13,1,Regular
13070,192,4,751.7,1,Regular
13071,612,1,129.22,0,At Risk
13072,267,1,177.15,0,At Risk
13073,411,2,418.08,0,At Risk
13074,511,4,1378.74,0,At Risk
13075,130,1,919.61,1,Regular
13076,458,1,135.4,0,At Risk
13077,1,11,3064.67,1,Regular
13078,3,57,29532.45,1,Regular
13079,4,6,419.18,1,Regular
13080,179,4,280.73,1,Regular
13081,12,28,59205.15,1,Regular
13082,126,21,7335.75,1,Regular
13083,4,3,395.43,1,Regular
13084,492,1,122.39999999999999,0,At Risk
13085,158,8,2433.28,1,Regular
13086,383,1,439.33000000000004,0,At Risk
13087,726,1,313.64,0,At Risk
13088,417,1,236.11,0,At Risk
13089,3,203,116737.86,2,VIP
13090,9,24,14103.09,1,Regular
13091,28,3,2321.82,1,Regular
13092,71,12,2140.28,1,Regular
13093,276,55,54943.65,2,VIP
13094,21,13,2433.1200000000003,1,Regular
13095,71,1,74.39999999999999,1,Regular
13096,394,1,419.7000000000001,0,At Risk
13097,33,28,13389.22,1,Regular
13098,1,28,28882.44,1,Regular
13099,99,1,207.36,1,Regular
13101,234,4,695.4,1,Regular
13102,1,37,11696.92,1,Regular
13103,40,3,709.64,1,Regular
13104,3,9,1709.1,1,Regular
13105,436,1,72.0,0,At Risk
13106,133,2,603.46,1,Regular
13107,44,9,5253.07,1,Regular
13108,373,2,1098.52,0,At Risk
13109,60,3,1134.03,1,Regular
13110,31,12,2957.4700000000003,1,Regular
13111,719,1,321.88000000000005,0,At Risk
13112,541,1,20.599999999999998,0,At Risk
13113,1,37,18625.73,1,Regular
13114,731,1,234.38,0,At Risk
13115,12,10,5494.7,1,Regular
13116,138,1,501.14,1,Regular
13117,22,18,2643.81,1,Regular
13118,20,9,2415.41,1,Regular
13119,669,1,134.9,0,At Risk
13120,239,1,30.6,1,Regular
13121,269,1,283.73,0,At Risk
13122,94,2,922.39,1,Regular
13123,473,2,506.75,0,At Risk
13124,90,4,4782.45,1,Regular
13125,524,1,158.57,0,At Risk
13126,5,13,3998.25,1,Regular
13127,78,1,259.17,1,Regular
13128,631,1,263.5,0,At Risk
13129,452,2,233.25,0,At Risk
13130,94,1,64.0,1,Regular
13131,23,7,3313.77,1,Regular
13132,262,1,77.3,0,At Risk
13133,274,3,200.45,0,At Risk
13134,86,6,2475.23,1,Regular
13135,197,2,3371.45,1,Regular
13136,56,13,6274.56,1,Regular
13137,11,16,7712.7,1,Regular
13138,22,7,1467.24,1,Regular
13139,16,8,8202.98,1,Regular
13140,108,5,1215.68,1,Regular
13141,85,17,7668.58,1,Regular
13142,19,1,307.09000000000003,1,Regular
13143,585,1,405.1,0,At Risk
13144,333,2,135.35,0,At Risk
13145,40,7,1423.52,1,Regular
13146,26,1,228.91,1,Regular
13147,10,4,712.8,1,Regular
13148,29,26,8621.81,1,Regular
13149,14,4,1676.06,1,Regular
13150,484,3,449.96999999999997,0,At Risk
13151,296,3,2580.7400000000002,0,At Risk
13152,417,7,2146.38,0,At Risk
13153,6,1,486.22,1,Regular
13154,399,3,1624.84,0,At Risk
13155,33,6,1750.18,1,Regular
13156,385,3,1586.54,0,At Risk
13157,49,9,5687.36,1,Regular
13158,95,5,1508.18,1,Regular
13159,9,4,1437.85,1,Regular
13160,22,1,91.8,1,Regular
13161,313,2,478.88,0,At Risk
13162,122,16,9275.49,1,Regular
13163,610,1,17.65,0,At Risk
13164,569,2,372.2,0,At Risk
13165,46,3,1451.1599999999999,1,Regular
13166,283,2,884.18,0,At Risk
13167,19,5,1125.15,1,Regular
13168,36,5,1875.31,1,Regular
13169,64,3,840.08,1,Regular
13170,27,1,116.00999999999999,1,Regular
13171,22,3,468.41,1,Regular
13172,400,1,69.6,0,At Risk
13173,4,11,2639.35,1,Regular
13174,16,12,9494.84,1,Regular
13175,582,2,831.45,0,At Risk
13176,46,1,492.84,1,Regular
13177,65,2,512.2,1,Regular
13178,26,21,14059.19,1,Regular
13179,619,1,572.3100000000001,0,At Risk
13180,607,1,86.10000000000001,0,At Risk
13181,381,1,359.69,0,At Risk
13182,45,1,121.18,1,Regular
13183,8,15,7036.18,1,Regular
13184,15,10,1701.29,1,Regular
13185,268,1,71.4,0,At Risk
13186,40,3,1575.89,1,Regular
13187,337,4,367.01,0,At Risk
13188,11,1,114.6,1,Regular
13189,19,2,260.68,1,Regular
13190,544,3,570.66,0,At Risk
13191,658,1,164.69,0,At Risk
13192,95,6,2558.58,1,Regular
13193,61,1,117.88,1,Regular
13194,136,2,472.78,1,Regular
13195,414,1,172.38,0,At Risk
13196,11,7,3068.84,1,Regular
13197,610,1,373.01000000000005,0,At Risk
13198,10,8,4974.2300000000005,1,Regular
13199,4,67,16432.89,1,Regular
13200,19,4,870.09,1,Regular
13201,502,4,1240.61,0,At Risk
13202,394,7,1580.3,0,At Risk
13203,10,10,2648.25,1,Regular
13204,731,1,966.6600000000001,0,At Risk
13205,443,1,2803.2,0,At Risk
13206,400,13,8377.32,0,At Risk
13207,15,4,535.86,1,Regular
13208,59,9,1988.5,1,Regular
13209,30,13,8509.51,1,Regular
13210,94,1,353.48,1,Regular
13211,10,10,2729.32,1,Regular
13212,20,3,788.08,1,Regular
13213,57,11,3851.52,1,Regular
13214,418,7,3264.23,0,At Risk
13215,402,1,81.6,0,At Risk
13216,268,1,333.74,0,At Risk
13217,122,4,666.48,1,Regular
13218,127,1,62.64,1,Regular
13219,618,1,76.23,0,At Risk
13220,78,5,1336.0900000000001,1,Regular
13221,240,2,847.41,1,Regular
13222,577,1,88.5,0,At Risk
13223,200,6,969.12,1,Regular
13224,60,2,2155.95,1,Regular
13225,3,16,16260.07,1,Regular
13226,273,2,312.46,0,At Risk
13227,202,1,257.7,1,Regular
13228,81,1,358.0,1,Regular
13229,226,1,160.95,1,Regular
13230,4,30,6360.78,1,Regular
13232,13,7,1357.6,1,Regular
13233,74,4,1176.46,1,Regular
13234,673,2,356.95,0,At Risk
13235,212,1,1031.07,1,Regular
13236,25,2,744.85,1,Regular
13237,388,1,643.0,0,At Risk
13238,17,6,1006.63,1,Regular
13239,262,5,1594.69,1,Regular
13240,96,8,1738.52,1,Regular
13241,412,1,115.58,0,At Risk
13242,112,7,699.4,1,Regular
13243,203,5,1278.04,1,Regular
13244,93,1,121.74000000000001,1,Regular
13245,51,2,989.22,1,Regular
13246,18,11,3387.43,1,Regular
13247,18,4,501.12,1,Regular
13248,125,2,465.68,1,Regular
13249,92,9,1608.9299999999998,1,Regular
13250,461,2,256.04,0,At Risk
13251,402,1,252.68,0,At Risk
13252,394,2,399.3,0,At Risk
13253,157,4,2951.11,1,Regular
13254,376,1,51.41,0,At Risk
13255,9,3,904.46,1,Regular
13257,436,1,149.75,0,At Risk
13258,12,5,1035.18,1,Regular
13259,62,9,1433.38,1,Regular
13260,61,1,557.62,1,Regular
13261,269,2,944.1,0,At Risk
13262,263,3,573.45,0,At Risk
13263,1,39,8704.69,1,Regular
13264,443,1,722.5600000000001,0,At Risk
13265,53,5,2107.66,1,Regular
13266,11,19,6135.04,1,Regular
13267,3,36,9758.26,1,Regular
13268,18,11,3214.69,1,Regular
13269,1,28,8891.7,1,Regular
13270,366,1,1180.0,0,At Risk
13271,37,1,217.38,1,Regular
13272,31,2,276.56,1,Regular
13273,113,1,138.98,1,Regular
13274,409,1,360.85,0,At Risk
13275,384,2,241.66,0,At Risk
13276,64,5,1939.26,1,Regular
13277,16,7,523.3,1,Regular
13278,41,4,1435.85,1,Regular
13279,78,1,137.75,1,Regular
13280,122,7,2322.63,1,Regular
13281,439,1,350.85,0,At Risk
13282,18,4,1313.19,1,Regular
13283,60,4,373.36,1,Regular
13284,331,1,201.19,0,At Risk
13285,23,6,3364.59,1,Regular
13286,600,1,734.91,0,At Risk
13287,603,3,781.59,0,At Risk
13288,443,5,927.61,0,At Risk
13289,724,1,307.95,0,At Risk
13290,438,1,208.63,0,At Risk
13291,156,11,3320.84,1,Regular
13292,39,5,994.51,1,Regular
13293,392,6,1192.94,0,At Risk
13294,190,3,1689.53,1,Regular
13295,360,4,1101.97,0,At Risk
13296,137,6,792.51,1,Regular
13297,8,7,4368.62,1,Regular
13298,1,1,360.0,1,Regular
13299,268,3,1218.7,0,At Risk
13300,169,3,1285.51,1,Regular
13301,104,4,618.09,1,Regular
13302,155,2,159.2,1,Regular
13303,400,1,61.72,0,At Risk
13304,351,4,1217.99,0,At Risk
13305,4,16,3754.71,1,Regular
13306,430,1,53.65,0,At Risk
13307,120,3,273.34,1,Regular
13308,23,4,1670.3700000000001,1,Regular
13309,7,6,1706.3700000000001,1,Regular
13310,28,5,1541.2,1,Regular
13311,4,2,598.57,1,Regular
13312,451,1,124.75,0,At Risk
13313,22,12,3445.32,1,Regular
13314,2,3,775.94,1,Regular
13315,689,1,310.26000000000005,0,At Risk
13316,37,10,13191.57,1,Regular
13317,66,19,6486.091,1,Regular
13318,1,3,640.76,1,Regular
13319,5,58,22082.5,1,Regular
13320,78,6,2228.1,1,Regular
13321,72,2,567.36,1,Regular
13322,17,1,199.48000000000002,1,Regular
13323,3,5,787.85,1,Regular
13324,36,18,10513.47,1,Regular
13325,82,1,675.3,1,Regular
13326,432,1,281.76,0,At Risk
13327,39,20,9879.48,1,Regular
13328,316,1,1308.48,0,At Risk
13329,32,8,5112.97,1,Regular
13330,93,6,2806.18,1,Regular
13331,402,1,262.4,0,At Risk
13332,14,1,350.90000000000003,1,Regular
13333,411,3,1015.74,0,At Risk
13334,82,5,6263.75,1,Regular
13336,77,1,795.12,1,Regular
13337,546,1,1575.26,0,At Risk
13338,158,4,2445.62,1,Regular
13339,201,1,860.12,1,Regular
13340,45,12,22100.56,1,Regular
13341,261,1,775.85,0,At Risk
13343,178,1,353.43,1,Regular
13344,68,3,2543.7200000000003,1,Regular
13345,288,1,389.5,0,At Risk
13346,463,6,299.4,0,At Risk
13347,70,1,341.36,1,Regular
13348,64,1,233.76000000000002,1,Regular
13349,11,1,247.32,1,Regular
13350,16,2,979.12,1,Regular
13351,66,1,373.94,1,Regular
13352,60,1,397.98,1,Regular
13354,71,1,743.53,1,Regular
13355,122,1,674.7,1,Regular
13356,80,1,768.24,1,Regular
13357,257,5,3838.36,1,Regular
13358,269,1,439.03000000000003,0,At Risk
13359,64,2,1043.31,1,Regular
13360,432,4,1553.65,0,At Risk
13361,472,2,1450.5,0,At Risk
13362,9,7,5394.07,1,Regular
13363,18,3,1723.8600000000001,1,Regular
13364,71,1,134.96,1,Regular
13365,34,2,2225.37,1,Regular
13366,50,1,56.16,1,Regular
13367,432,1,510.2,0,At Risk
13368,257,4,1121.5,1,Regular
13369,366,1,616.5600000000001,0,At Risk
13370,372,1,1509.74,0,At Risk
13371,505,2,2297.66,0,At Risk
13372,90,1,378.64,1,Regular
13373,61,6,7587.1900000000005,1,Regular
13374,415,2,422.8,0,At Risk
13375,89,2,1792.23,1,Regular
13376,99,3,1019.76,1,Regular
13377,397,2,1552.88,0,At Risk
13379,26,3,572.56,1,Regular
13380,433,1,62.4,0,At Risk
13381,32,12,8224.37,1,Regular
13382,281,5,1387.58,0,At Risk
13383,544,1,305.28000000000003,0,At Risk
13384,31,11,6680.83,1,Regular
13385,330,1,534.57,0,At Risk
13386,414,2,835.46,0,At Risk
13387,417,1,189.44,0,At Risk
13388,131,3,1185.65,1,Regular
13389,11,3,797.96,1,Regular
13390,75,1,544.08,1,Regular
13391,204,1,59.8,1,Regular
13392,677,1,91.14,0,At Risk
13393,584,4,1131.45,0,At Risk
13394,2,19,6621.7,1,Regular
13395,185,3,1180.23,1,Regular
13396,29,2,1360.99,1,Regular
13397,73,10,3191.87,1,Regular
13398,192,2,670.34,1,Regular
13399,464,3,275.4,0,At Risk
13400,583,1,310.83,0,At Risk
13402,127,4,1535.13,1,Regular
13403,18,3,229.5,1,Regular
13404,1,2,252.49,1,Regular
13405,74,6,1213.811,1,Regular
13406,427,2,568.92,0,At Risk
13407,579,3,2244.7,0,At Risk
13408,2,106,51733.462,2,VIP
13410,24,9,2201.96,1,Regular
13411,107,1,213.55,1,Regular
13412,620,1,487.35,0,At Risk
13413,640,6,429.44,0,At Risk
13414,134,6,2494.14,1,Regular
13415,473,4,800.67,0,At Risk
13416,44,3,940.8000000000001,1,Regular
13417,5,6,1669.49,1,Regular
13418,12,31,12233.6,1,Regular
13419,64,1,221.06,1,Regular
13420,150,2,159.85,1,Regular
13421,40,8,4103.12,1,Regular
13422,64,1,2626.3,1,Regular
13423,429,1,217.03,0,At Risk
13424,450,1,572.77,0,At Risk
13425,108,5,3403.63,1,Regular
13426,1,22,8167.38,1,Regular
13427,19,6,1006.53,1,Regular
13428,10,3,499.98,1,Regular
13429,11,4,1006.8,1,Regular
13430,19,2,679.45,1,Regular
13431,67,8,3316.2400000000002,1,Regular
13432,571,2,439.1,0,At Risk
13433,501,4,658.32,0,At Risk
13434,74,5,1666.8600000000001,1,Regular
13435,5,9,4475.2300000000005,1,Regular
13436,2,1,196.89,1,Regular
13437,14,7,3408.06,1,Regular
13438,547,1,46.5,0,At Risk
13439,255,3,986.61,1,Regular
13440,423,7,1295.25,0,At Risk
13441,92,2,720.9,1,Regular
13442,667,3,419.87,0,At Risk
13443,449,6,1280.16,0,At Risk
13444,374,2,631.68,0,At Risk
13445,626,1,241.89999999999998,0,At Risk
13446,430,11,3881.89,0,At Risk
13447,23,3,1129.14,1,Regular
13448,17,13,9240.87,1,Regular
13449,24,1,291.88,1,Regular
13450,27,13,4120.04,1,Regular
13451,26,11,7190.92,1,Regular
13452,259,3,729.8,0,At Risk
13453,166,3,781.69,1,Regular
13454,641,1,219.87,0,At Risk
13455,25,6,2905.93,1,Regular
13456,18,6,1766.72,1,Regular
13457,689,2,148.22,0,At Risk
13458,7,16,11959.27,1,Regular
13459,625,2,1160.41,0,At Risk
13460,29,2,183.44,1,Regular
13461,39,6,4160.0,1,Regular
13462,253,5,1153.8500000000001,1,Regular
13464,58,6,3097.64,1,Regular
13465,446,2,931.12,0,At Risk
13466,184,5,1013.35,1,Regular
13467,11,2,1083.71,1,Regular
13468,2,72,13390.51,1,Regular
13469,653,1,82.4,0,At Risk
13470,99,2,165.0,1,Regular
13471,1,4,2531.58,1,Regular
13472,464,2,592.24,0,At Risk
13473,61,8,2657.76,1,Regular
13474,236,3,663.79,1,Regular
13475,191,4,1431.78,1,Regular
13476,179,5,2061.4700000000003,1,Regular
13477,38,11,2834.17,1,Regular
13478,469,5,2215.78,0,At Risk
13479,201,4,851.37,1,Regular
13480,417,2,627.82,0,At Risk
13481,46,11,3830.84,1,Regular
13482,232,2,336.09,1,Regular
13483,66,1,140.34,1,Regular
13484,241,3,790.72,1,Regular
13485,233,11,3019.2200000000003,1,Regular
13486,78,3,1122.41,1,Regular
13487,58,5,846.87,1,Regular
13488,17,23,15587.880000000001,1,Regular
13489,105,4,449.52,1,Regular
13490,654,1,154.25,0,At Risk
13491,52,27,4566.56,1,Regular
13492,136,3,1269.84,1,Regular
13493,275,2,618.63,0,At Risk
13494,312,1,316.26000000000005,0,At Risk
13495,8,10,5374.26,1,Regular
13496,11,2,653.33,1,Regular
13497,283,6,1320.3300000000002,0,At Risk
13498,730,1,327.38,0,At Risk
13499,18,5,1159.1100000000001,1,Regular
13500,23,4,1466.3,1,Regular
13501,288,3,2885.11,0,At Risk
13502,17,5,780.5,1,Regular
13503,71,6,1905.39,1,Regular
13504,64,1,295.93,1,Regular
13505,73,4,4393.63,1,Regular
13506,316,5,1639.2,0,At Risk
13507,3,4,2479.16,1,Regular
13508,244,2,287.05,1,Regular
13509,9,8,1114.72,1,Regular
13510,1,11,4558.29,1,Regular
13511,677,1,282.76,0,At Risk
13512,261,4,713.39,1,Regular
13513,127,3,824.59,1,Regular
13514,74,4,815.9000000000001,1,Regular
13515,73,6,1265.82,1,Regular
13516,21,4,1685.26,1,Regular
13517,60,3,2128.42,1,Regular
13518,86,1,659.44,1,Regular
13519,78,2,343.21,1,Regular
13520,59,11,6909.4,1,Regular
13521,1,3,1093.65,1,Regular
13522,30,1,125.80000000000001,1,Regular
13523,33,6,5101.52,1,Regular
13524,41,5,680.1800000000001,1,Regular
13525,15,2,628.78,1,Regular
13526,738,2,1182.0,0,At Risk
13527,34,12,4683.74,1,Regular
13529,79,2,307.76,1,Regular
13530,634,1,402.98,0,At Risk
13531,205,6,1738.52,1,Regular
13532,34,1,210.31,1,Regular
13533,183,3,270.79,1,Regular
13534,2,35,7720.900000000001,1,Regular
13535,403,1,89.5,0,At Risk
13536,1,7,3448.29,1,Regular
13537,426,2,717.85,0,At Risk
13538,43,12,3112.73,1,Regular
13539,86,7,1569.36,1,Regular
13540,467,3,632.39,0,At Risk
13541,427,2,785.25,0,At Risk
13542,377,17,4006.17,0,At Risk
13543,634,2,1439.61,0,At Risk
13544,40,6,829.0,1,Regular
13545,391,2,374.64,0,At Risk
13546,12,5,1092.14,1,Regular
13547,408,1,175.53,0,At Risk
13548,96,3,908.99,1,Regular
13549,26,8,1005.8000000000001,1,Regular
13550,383,1,349.51,0,At Risk
13551,319,2,244.2,0,At Risk
13552,66,22,6978.92,1,Regular
13553,675,1,517.8,0,At Risk
13554,380,7,1638.28,0,At Risk
13555,74,13,8999.19,1,Regular
13556,429,2,200.82,0,At Risk
13557,28,13,3032.26,1,Regular
13558,6,4,605.06,1,Regular
13559,513,2,990.0,0,At Risk
13560,7,1,174.37,1,Regular
13561,216,11,1820.72,1,Regular
13562,82,8,4838.18,1,Regular
13563,84,2,777.53,1,Regular
13564,144,37,17249.55,1,Regular
13565,19,3,414.8,1,Regular
13566,41,5,1708.1200000000001,1,Regular
13567,428,4,1083.69,0,At Risk
13568,173,1,192.85,1,Regular
13569,17,4,893.78,1,Regular
13570,243,1,239.49,1,Regular
13571,13,26,4546.54,1,Regular
13572,206,1,1384.25,1,Regular
13573,50,6,916.47,1,Regular
13574,411,1,421.25,0,At Risk
13575,23,5,732.07,1,Regular
13576,10,28,11551.74,1,Regular
13577,25,11,3489.28,1,Regular
13578,409,1,147.66,0,At Risk
13579,15,5,1539.04,1,Regular
13580,406,1,107.75,0,At Risk
13581,309,2,280.53000000000003,0,At Risk
13582,390,2,241.68,0,At Risk
13583,156,2,1445.031,1,Regular
13584,307,3,392.45,0,At Risk
13585,531,3,684.54,0,At Risk
13586,541,1,131.53,0,At Risk
13587,64,4,1673.5,1,Regular
13588,16,9,2478.95,1,Regular
13589,15,6,1120.74,1,Regular
13590,11,18,6349.59,1,Regular
13591,65,7,2093.94,1,Regular
13592,36,4,247.95999999999998,1,Regular
13593,108,14,5523.6900000000005,1,Regular
13594,53,2,533.32,1,Regular
13595,517,3,818.22,0,At Risk
13596,6,2,697.04,1,Regular
13597,400,2,396.71,0,At Risk
13598,47,5,789.59,1,Regular
13599,1,33,10167.630000000001,1,Regular
13600,312,2,518.42,0,At Risk
13601,45,4,1185.14,1,Regular
13602,65,4,1025.17,1,Regular
13603,26,1,164.34,1,Regular
13604,659,1,717.62,0,At Risk
13605,387,2,522.67,0,At Risk
13606,29,3,280.54,1,Regular
13607,40,2,1078.31,1,Regular
13608,541,1,236.2,0,At Risk
13609,593,1,167.35,0,At Risk
13610,12,14,2175.88,1,Regular
13611,89,10,3319.53,1,Regular
13612,633,1,818.29,0,At Risk
13613,453,5,1039.8500000000001,0,At Risk
13614,24,6,2359.19,1,Regular
13615,319,8,6272.53,0,At Risk
13616,568,2,288.1,0,At Risk
13617,40,8,1278.75,1,Regular
13618,174,1,177.34,1,Regular
13619,545,2,231.69,0,At Risk
13620,528,1,112.34,0,At Risk
13621,117,1,213.85,1,Regular
13622,696,1,658.95,0,At Risk
13623,31,10,2566.49,1,Regular
13624,388,1,462.08,0,At Risk
13625,597,1,301.26,0,At Risk
13626,253,2,707.04,1,Regular
13627,59,7,2245.9,1,Regular
13628,676,1,310.14,0,At Risk
13629,23,19,13370.86,1,Regular
13630,5,7,2031.78,1,Regular
13631,100,11,3070.42,1,Regular
13632,25,8,3648.15,1,Regular
13634,33,16,5073.47,1,Regular
13635,68,4,2999.16,1,Regular
13636,37,5,949.12,1,Regular
13637,52,3,810.5,1,Regular
13638,16,1,122.64,1,Regular
13639,74,2,1346.27,1,Regular
13640,611,1,405.0,0,At Risk
13641,641,5,1016.47,0,At Risk
13642,216,4,514.72,1,Regular
13643,31,10,2156.77,1,Regular
13644,16,4,2624.26,1,Regular
13645,120,1,252.1,1,Regular
13646,400,2,326.25,0,At Risk
13647,10,8,3071.68,1,Regular
13648,400,8,1764.02,0,At Risk
13649,257,6,1678.88,1,Regular
13650,17,10,3288.0,1,Regular
13651,35,3,226.85,1,Regular
13652,46,5,2570.85,1,Regular
13653,488,1,152.2,0,At Risk
13654,43,11,6308.0,1,Regular
13655,114,6,2280.51,1,Regular
13656,165,4,1078.85,1,Regular
13657,11,2,382.14,1,Regular
13658,10,9,6025.5,1,Regular
13659,206,12,4894.88,1,Regular
13660,400,1,314.59,0,At Risk
13661,603,1,325.24,0,At Risk
13662,86,11,2250.11,1,Regular
13663,179,5,2047.51,1,Regular
13665,386,3,1711.66,0,At Risk
13666,60,5,127.9,1,Regular
13667,149,1,305.02,1,Regular
13668,3,35,13089.94,1,Regular
13669,51,3,413.55,1,Regular
13670,75,1,349.7,1,Regular
13671,395,1,194.95,0,At Risk
13672,301,3,419.92,0,At Risk
13673,19,2,396.92,1,Regular
13674,433,1,240.68,0,At Risk
13675,151,2,486.82000000000005,1,Regular
13676,539,2,243.9,0,At Risk
13677,405,2,556.1899999999999,0,At Risk
13678,152,1,232.6,1,Regular
13679,494,3,281.26,0,At Risk
13680,1,12,11435.67,1,Regular
13681,18,4,827.83,1,Regular
13682,187,1,59.5,1,Regular
13683,458,1,258.6,0,At Risk
13684,286,4,596.98,0,At Risk
13685,3,7,3119.44,1,Regular
13686,183,3,409.04,1,Regular
13687,438,1,11880.84,0,At Risk
13688,635,1,375.5,0,At Risk
13689,63,2,1259.5,1,Regular
13690,59,1,172.25,1,Regular
13691,396,1,212.78,0,At Risk
13692,25,5,3114.4,1,Regular
13693,374,9,2011.8200000000002,0,At Risk
13694,4,143,196482.81,2,VIP
13695,31,16,2770.73,1,Regular
13696,422,3,2020.4,0,At Risk
13697,39,1,151.3,1,Regular
13698,597,2,465.53000000000003,0,At Risk
13699,155,2,764.15,1,Regular
13700,26,13,2613.46,1,Regular
13701,447,1,161.0,0,At Risk
13702,446,1,135.18,0,At Risk
13703,318,2,425.56,0,At Risk
13704,5,9,2308.06,1,Regular
13705,8,7,2035.33,1,Regular
13706,303,2,631.1700000000001,0,At Risk
13707,267,5,3365.86,1,Regular
13708,271,1,296.88,0,At Risk
13709,4,18,7591.75,1,Regular
13710,32,3,509.52,1,Regular
13711,219,9,1792.26,1,Regular
13712,247,2,766.42,1,Regular
13713,408,3,743.26,0,At Risk
13714,465,1,161.35,0,At Risk
13715,281,17,8483.29,1,Regular
13716,269,1,138.28,0,At Risk
13717,32,8,1763.3,1,Regular
13718,246,2,306.55,1,Regular
13719,15,11,2815.25,1,Regular
13720,117,4,799.9,1,Regular
13721,36,2,741.54,1,Regular
13722,132,10,5635.41,1,Regular
13723,217,6,1209.2,1,Regular
13724,637,1,213.01,0,At Risk
13725,50,8,1980.56,1,Regular
13726,39,2,1079.66,1,Regular
13727,29,8,1080.05,1,Regular
13728,37,16,2855.17,1,Regular
13729,436,3,724.73,0,At Risk
13730,136,2,752.6,1,Regular
13731,219,2,610.59,1,Regular
13732,28,1,491.86,1,Regular
13733,411,2,487.03000000000003,0,At Risk
13734,509,4,6701.640000000001,0,At Risk
13735,25,13,9813.22,1,Regular
13736,5,7,2766.21,1,Regular
13737,200,1,339.6,1,Regular
13738,396,1,440.93,0,At Risk
13739,18,2,292.2,1,Regular
13740,241,5,1597.77,1,Regular
13741,72,3,668.4300000000001,1,Regular
13742,17,12,3131.02,1,Regular
13743,3,7,1341.6,1,Regular
13744,95,2,1156.36,1,Regular
13745,162,2,777.36,1,Regular
13746,414,1,176.69,0,At Risk
13747,374,2,249.39999999999998,0,At Risk
13748,96,9,2268.35,1,Regular
13750,54,11,3602.18,1,Regular
13751,288,1,296.25,0,At Risk
13752,124,7,1590.73,1,Regular
13753,288,4,2094.57,0,At Risk
13754,152,3,447.05,1,Regular
13755,4,9,2161.35,1,Regular
13756,2,23,9207.5,1,Regular
13757,675,1,195.55,0,At Risk
13758,12,15,9416.98,1,Regular
13759,33,2,659.4100000000001,1,Regular
13760,54,5,1363.6399999999999,1,Regular
13761,50,6,1952.17,1,Regular
13762,219,5,2472.48,1,Regular
13763,63,3,5217.44,1,Regular
13764,71,6,2953.26,1,Regular
13765,653,1,352.821,0,At Risk
13766,495,1,190.35,0,At Risk
13767,2,73,35540.53,2,VIP
13768,727,2,875.97,0,At Risk
13769,2,20,5800.42,1,Regular
13770,422,4,785.37,0,At Risk
13771,64,9,5728.82,1,Regular
13772,34,8,3114.2200000000003,1,Regular
13773,397,2,301.54,0,At Risk
13774,82,1,345.0,1,Regular
13775,591,1,1049.66,0,At Risk
13776,428,2,623.98,0,At Risk
13777,1,61,56478.42,2,VIP
13778,103,4,1124.49,1,Regular
13779,516,1,161.13,0,At Risk
13780,7,3,735.82,1,Regular
13781,251,3,778.83,1,Regular
13782,13,13,1793.72,1,Regular
13783,488,4,1542.09,0,At Risk
13784,10,14,2910.23,1,Regular
13785,429,4,542.49,0,At Risk
13786,367,6,3358.94,0,At Risk
13787,76,6,1222.5,1,Regular
13788,505,1,3.75,0,At Risk
13789,388,1,239.46,0,At Risk
13790,4,1,348.79999999999995,1,Regular
13791,128,2,1516.0,1,Regular
13792,66,3,383.95,1,Regular
13793,647,1,96.0,0,At Risk
13794,547,1,126.03,0,At Risk
13795,388,4,836.3,0,At Risk
13796,499,1,289.7,0,At Risk
13797,437,3,1179.45,0,At Risk
13798,1,110,75836.87,2,VIP
13799,117,9,2803.57,1,Regular
13800,310,3,1679.56,0,At Risk
13801,67,1,324.8,1,Regular
13802,139,19,26259.11,1,Regular
13803,255,3,1338.91,1,Regular
13804,31,9,3208.52,1,Regular
13805,52,2,924.5999999999999,1,Regular
13806,64,1,256.38,1,Regular
13807,367,3,534.8,0,At Risk
13808,6,5,1747.66,1,Regular
13809,305,3,679.6999999999999,0,At Risk
13810,29,3,1499.01,1,Regular
13811,184,3,814.5,1,Regular
13812,42,3,539.0,1,Regular
13813,40,8,2765.4700000000003,1,Regular
13814,92,3,2257.32,1,Regular
13815,22,8,7475.74,1,Regular
13816,24,2,571.6700000000001,1,Regular
13817,29,2,382.98,1,Regular
13818,430,1,61.28,0,At Risk
13819,302,6,2642.35,0,At Risk
13820,418,3,660.65,0,At Risk
13821,145,6,1410.73,1,Regular
13822,6,2,632.0,1,Regular
13823,19,7,3403.4500000000003,1,Regular
13824,33,12,3314.76,1,Regular
13825,622,2,255.59,0,At Risk
13826,176,1,189.5,1,Regular
13827,58,3,412.05,1,Regular
13828,22,1,209.49,1,Regular
13829,421,1,102.0,0,At Risk
13830,582,1,156.85000000000002,0,At Risk
13831,16,18,7023.58,1,Regular
13832,19,2,613.6899999999999,1,Regular
13833,159,2,701.36,1,Regular
13834,577,2,324.19,0,At Risk
13835,25,7,1095.27,1,Regular
13836,399,2,620.37,0,At Risk
13837,212,2,271.24,1,Regular
13838,6,10,1966.09,1,Regular
13839,486,1,139.95000000000002,0,At Risk
13840,416,1,651.4,0,At Risk
13841,253,1,85.0,0,At Risk
13842,59,18,5629.91,1,Regular
13843,381,1,319.75,0,At Risk
13844,11,1,361.62,1,Regular
13845,65,1,312.98,1,Regular
13846,25,4,1307.79,1,Regular
13847,720,1,310.72,0,At Risk
13848,92,8,3335.0,1,Regular
13849,52,5,3469.3,1,Regular
13850,129,1,1595.48,1,Regular
13851,96,8,4606.46,1,Regular
13852,611,1,187.35000000000002,0,At Risk
13853,57,1,1090.1399999999999,1,Regular
13854,9,39,12253.96,1,Regular
13855,501,4,1310.3400000000001,0,At Risk
13856,169,11,1142.03,1,Regular
13857,393,6,1001.01,0,At Risk
13858,57,1,216.17000000000002,1,Regular
13859,326,2,515.86,0,At Risk
13860,1,5,1245.9,1,Regular
13861,429,2,273.26,0,At Risk
13862,18,9,2556.09,1,Regular
13863,248,4,1239.55,1,Regular
13864,387,1,662.4000000000001,0,At Risk
13865,58,4,501.56,1,Regular
13866,74,1,145.67,1,Regular
13867,31,3,1015.29,1,Regular
13868,7,2,3192.54,1,Regular
13869,123,10,8111.57,1,Regular
13870,2,15,5712.08,1,Regular
13871,23,17,7885.85,1,Regular
13872,527,3,919.57,0,At Risk
13873,120,8,1038.92,1,Regular
13874,358,7,2049.15,0,At Risk
13875,54,14,4814.37,1,Regular
13876,64,1,122.7,1,Regular
13877,86,3,449.68,1,Regular
13878,55,4,2473.06,1,Regular
13879,646,1,395.5,0,At Risk
13880,21,17,4391.66,1,Regular
13881,4,43,45179.1,1,Regular
13882,3,5,1191.13,1,Regular
13883,11,15,6560.02,1,Regular
13884,7,10,1888.48,1,Regular
13885,189,2,506.8,1,Regular
13886,71,1,243.56,1,Regular
13887,204,1,349.55,1,Regular
13888,120,7,2169.05,1,Regular
13889,93,6,1991.23,1,Regular
13890,1,14,2927.38,1,Regular
13891,378,3,863.56,0,At Risk
13892,27,6,1267.65,1,Regular
13893,298,1,821.1,0,At Risk
13894,24,3,564.62,1,Regular
13895,28,6,4008.52,1,Regular
13896,626,1,388.55,0,At Risk
13897,50,3,1160.72,1,Regular
13898,326,2,686.4,0,At Risk
13899,16,2,388.52,1,Regular
13900,183,6,1610.5900000000001,1,Regular
13901,72,15,5676.34,1,Regular
13902,632,5,34095.26,0,At Risk
13903,400,1,165.45000000000002,0,At Risk
13904,37,2,332.64,1,Regular
13905,733,1,312.65,0,At Risk
13906,409,1,42.0,0,At Risk
13907,692,1,136.8,0,At Risk
13908,80,4,2369.55,1,Regular
13909,423,2,286.6,0,At Risk
13911,57,20,4234.99,1,Regular
13912,424,1,124.95,0,At Risk
13913,507,1,42.22,0,At Risk
13914,12,2,626.45,1,Regular
13915,394,1,70.80000000000001,0,At Risk
13916,464,4,1275.81,0,At Risk
13917,50,2,272.04,1,Regular
13918,50,2,1212.8400000000001,1,Regular
13919,59,4,1360.68,1,Regular
13920,432,4,1774.68,0,At Risk
13921,402,4,730.7,0,At Risk
13922,352,3,865.2,0,At Risk
13923,54,1,351.13,1,Regular
13924,2,6,1838.8500000000001,1,Regular
13925,93,4,678.25,1,Regular
13926,23,1,223.85000000000002,1,Regular
13927,75,2,708.26,1,Regular
13928,11,4,464.57,1,Regular
13929,169,11,3494.1,1,Regular
13930,58,2,337.34,1,Regular
13931,96,11,5257.38,1,Regular
13932,295,1,307.4,0,At Risk
13933,109,2,608.79,1,Regular
13934,264,1,922.1,0,At Risk
13935,597,3,6116.92,0,At Risk
13936,180,3,939.6600000000001,1,Regular
13937,169,2,880.13,1,Regular
13938,35,1,71.66,1,Regular
13939,23,7,1560.96,1,Regular
13940,17,4,839.14,1,Regular
13941,22,15,11122.300000000001,1,Regular
13942,535,1,320.0,0,At Risk
13943,578,1,246.54000000000002,0,At Risk
13944,653,1,200.43,0,At Risk
13945,395,2,854.1500000000001,0,At Risk
13946,79,6,1876.23,1,Regular
13947,65,1,90.60000000000001,1,Regular
13948,361,4,548.76,0,At Risk
13949,3,6,2427.32,1,Regular
13950,11,4,745.0600000000001,1,Regular
13951,176,3,674.45,1,Regular
13952,218,14,12823.521,1,Regular
13953,7,12,6640.68,1,Regular
13954,2,2,439.92,1,Regular
13955,154,3,545.17,1,Regular
13956,5,5,1026.42,1,Regular
13957,418,3,458.25,0,At Risk
13958,380,8,4709.2300000000005,0,At Risk
13959,79,6,1076.18,1,Regular
13960,21,2,230.22,1,Regular
13961,392,1,538.4,0,At Risk
13962,22,3,362.8,1,Regular
13963,308,17,3011.87,0,At Risk
13964,387,2,438.9,0,At Risk
13965,477,3,996.61,0,At Risk
13966,435,1,390.86,0,At Risk
13967,146,2,166.3,1,Regular
13968,423,1,123.66,0,At Risk
13969,7,35,13365.87,1,Regular
13970,386,2,846.55,0,At Risk
13971,19,14,4667.57,1,Regular
13972,71,2,190.25,1,Regular
13973,287,1,264.7,0,At Risk
13974,49,2,677.72,1,Regular
13975,31,12,5358.84,1,Regular
13976,207,4,1192.3600000000001,1,Regular
13977,411,1,519.8100000000001,0,At Risk
13978,15,2,196.79,1,Regular
13979,73,7,3416.23,1,Regular
13980,60,5,799.92,1,Regular
13981,416,1,331.14,0,At Risk
13982,39,9,4445.59,1,Regular
13983,30,21,7108.45,1,Regular
13984,27,12,2048.6,1,Regular
13985,4,22,10020.86,1,Regular
13986,17,1,320.46,1,Regular
13987,380,2,682.54,0,At Risk
13988,20,8,4757.8,1,Regular
13989,66,5,2026.06,1,Regular
13990,213,1,311.3,1,Regular
13991,12,6,855.97,1,Regular
13992,30,3,219.5,1,Regular
13993,43,19,6775.71,1,Regular
13994,4,6,2313.14,1,Regular
13995,15,14,3902.01,1,Regular
13996,386,2,895.76,0,At Risk
13997,519,3,382.31,0,At Risk
13998,447,3,566.7,0,At Risk
13999,10,29,9502.26,1,Regular
14000,211,5,2046.34,1,Regular
14001,46,9,4530.09,1,Regular
14002,134,2,529.73,1,Regular
14003,733,1,209.41,0,At Risk
14004,43,11,6258.45,1,Regular
14005,10,5,2874.72,1,Regular
14006,116,7,2196.67,1,Regular
14007,513,1,79.48,0,At Risk
14008,432,1,509.04,0,At Risk
14009,198,3,1099.91,1,Regular
14010,565,2,445.15,0,At Risk
14011,480,2,457.82,0,At Risk
14012,278,1,328.8,0,At Risk
14013,110,5,1084.57,1,Regular
14014,77,3,1948.21,1,Regular
14015,53,1,917.34,1,Regular
14016,162,11,11403.41,1,Regular
14017,571,1,229.75,0,At Risk
14018,645,1,367.15,0,At Risk
14019,47,3,1421.6100000000001,1,Regular
14020,17,4,1249.01,1,Regular
14021,155,7,1716.58,1,Regular
14022,225,2,792.15,1,Regular
14023,7,2,584.07,1,Regular
14024,122,3,645.74,1,Regular
14025,465,8,4057.9,0,At Risk
14026,471,2,713.11,0,At Risk
14027,61,1,104.82,1,Regular
14028,550,3,10396.5,0,At Risk
14029,63,2,467.66,1,Regular
14030,18,20,8262.29,1,Regular
14031,7,44,40999.17,1,Regular
14032,2,16,4850.27,1,Regular
14033,555,1,109.44,0,At Risk
14034,22,3,651.8199999999999,1,Regular
14035,29,9,2856.72,1,Regular
14036,285,1,626.65,0,At Risk
14037,176,6,836.95,1,Regular
14038,78,5,3069.88,1,Regular
14039,33,2,267.28000000000003,1,Regular
14040,41,35,12645.57,1,Regular
14041,266,1,141.41,0,At Risk
14042,725,1,431.98,0,At Risk
14043,491,2,304.25,0,At Risk
14044,27,10,3123.1,1,Regular
14045,109,16,11313.03,1,Regular
14046,284,1,154.99,0,At Risk
14047,9,14,4255.03,1,Regular
14048,305,3,748.69,0,At Risk
14049,17,13,13239.03,1,Regular
14050,32,2,746.36,1,Regular
14051,1,37,22434.0,1,Regular
14052,20,2,480.81,1,Regular
14053,124,4,572.3,1,Regular
14054,65,1,92.46000000000001,1,Regular
14055,106,3,1520.96,1,Regular
14056,1,23,8214.65,1,Regular
14057,24,22,8408.84,1,Regular
14058,463,2,469.19,0,At Risk
14059,267,1,183.6,0,At Risk
14060,5,30,9519.08,1,Regular
14061,507,3,917.4300000000001,0,At Risk
14062,10,24,25604.2,1,Regular
14063,438,9,22710.2,0,At Risk
14064,29,15,3332.42,1,Regular
14065,389,3,891.02,0,At Risk
14066,267,1,152.55,0,At Risk
14067,64,2,374.7,1,Regular
14068,320,4,1528.3700000000001,0,At Risk
14069,515,2,230.06,0,At Risk
14070,685,1,326.55,0,At Risk
14071,4,8,1438.82,1,Regular
14072,667,1,390.85,0,At Risk
14073,32,1,151.04,1,Regular
14074,623,1,219.4,0,At Risk
14075,5,6,1734.87,1,Regular
14076,129,1,122.47,1,Regular
14077,41,6,615.08,1,Regular
14078,102,9,1692.6299999999999,1,Regular
14079,125,2,618.73,1,Regular
14080,33,5,1115.68,1,Regular
14081,302,10,5370.1,0,At Risk
14082,365,2,413.36,0,At Risk
14083,4,11,1407.26,1,Regular
14084,512,1,150.5,0,At Risk
14085,2,33,10104.97,1,Regular
14086,463,1,39.95,0,At Risk
14087,3,3,846.22,1,Regular
14088,10,16,64036.8,1,Regular
14089,57,1,161.0,1,Regular
14090,325,1,76.32000000000001,0,At Risk
14091,654,2,9530.08,0,At Risk
14092,8,24,7229.45,1,Regular
14093,12,1,442.85,1,Regular
14094,440,1,335.22,0,At Risk
14095,723,1,2.95,0,At Risk
14096,4,17,65164.79,1,Regular
14097,481,2,422.86,0,At Risk
14098,37,1,147.35,1,Regular
14099,16,20,5765.71,1,Regular
14100,138,1,194.9,1,Regular
14101,74,13,9961.93,1,Regular
14102,5,5,1360.28,1,Regular
14104,155,5,771.58,1,Regular
14105,239,5,5988.83,1,Regular
14106,737,1,214.8,0,At Risk
14107,52,11,4877.3,1,Regular
14108,31,4,1044.96,1,Regular
14109,73,1,144.2,1,Regular
14110,4,33,12987.95,1,Regular
14111,14,4,692.85,1,Regular
14112,23,13,5834.59,1,Regular
14113,4,16,7092.610000000001,1,Regular
14114,274,7,1364.09,0,At Risk
14115,502,2,622.67,0,At Risk
14116,20,5,1382.74,1,Regular
14117,144,1,90.0,1,Regular
14118,429,1,458.45,0,At Risk
14119,376,2,183.37,0,At Risk
14121,4,4,2780.15,1,Regular
14122,406,3,362.42,0,At Risk
14123,733,1,436.18,0,At Risk
14124,84,1,419.58,1,Regular
14125,11,3,2740.43,1,Regular
14126,8,4,1172.46,1,Regular
14127,123,6,1900.0800000000002,1,Regular
14128,61,3,924.21,1,Regular
14129,2,9,2591.34,1,Regular
14130,319,4,1882.67,0,At Risk
14131,649,1,187.87,0,At Risk
14132,2,11,3586.03,1,Regular
14133,130,4,911.14,1,Regular
14134,383,15,11123.35,0,At Risk
14135,2,24,9643.92,1,Regular
14136,401,5,1570.81,0,At Risk
14137,696,1,332.7,0,At Risk
14138,2,2,982.38,1,Regular
14139,46,4,1086.8,1,Regular
14140,4,2,935.05,1,Regular
14141,3,4,915.13,1,Regular
14142,373,2,983.15,0,At Risk
14143,134,1,115.8,1,Regular
14144,486,1,30.6,0,At Risk
14145,47,7,7600.05,1,Regular
14146,9,12,9450.3,1,Regular
14147,78,9,2590.2,1,Regular
14148,234,2,466.29,1,Regular
14149,221,1,446.62,1,Regular
14150,36,2,658.64,1,Regular
14151,673,2,679.45,0,At Risk
14152,75,7,1997.3400000000001,1,Regular
14153,483,1,233.39999999999998,0,At Risk
14154,239,8,6460.7,1,Regular
14155,266,1,118.75,0,At Risk
14156,10,156,313946.37,3,Key Accounts (Wholesale/Bulk)
14157,20,5,1002.7800000000001,1,Regular
14158,40,1,507.65999999999997,1,Regular
14159,20,20,7938.01,1,Regular
14160,610,7,8421.47,0,At Risk
14161,216,7,3318.88,1,Regular
14162,174,2,289.36,1,Regular
14163,87,5,2594.62,1,Regular
14164,71,2,1631.77,1,Regular
14165,276,1,122.53999999999999,0,At Risk
14166,505,2,256.85,0,At Risk
14167,39,8,1296.49,1,Regular
14168,421,2,370.45,0,At Risk
14169,431,2,624.4300000000001,0,At Risk
14170,375,3,597.33,0,At Risk
14171,98,2,498.79,1,Regular
14172,605,3,402.72,0,At Risk
14173,11,6,586.0,1,Regular
14174,33,1,134.46,1,Regular
14175,60,8,7678.88,1,Regular
14176,297,5,916.01,0,At Risk
14177,86,13,2229.34,1,Regular
14178,9,7,1620.93,1,Regular
14179,41,2,719.78,1,Regular
14180,11,33,6319.25,1,Regular
14181,411,2,310.55,0,At Risk
14182,444,4,678.77,0,At Risk
14183,411,2,286.29,0,At Risk
14184,67,1,452.89,1,Regular
14185,331,1,197.65,0,At Risk
14186,427,5,1550.63,0,At Risk
14187,474,1,123.5,0,At Risk
14188,31,6,2054.36,1,Regular
14189,2,16,5814.39,1,Regular
14190,666,1,79.9,0,At Risk
14191,2,15,4817.66,1,Regular
14192,388,1,293.74,0,At Risk
14193,68,3,1210.19,1,Regular
14194,5,36,18670.59,1,Regular
14195,202,6,2615.6,1,Regular
14196,107,1,335.52,1,Regular
14197,411,1,390.05,0,At Risk
14198,18,9,1569.73,1,Regular
14199,218,4,1091.7,1,Regular
14200,617,1,379.2,0,At Risk
14201,60,10,1193.54,1,Regular
14202,381,3,847.76,0,At Risk
14203,397,1,339.34,0,At Risk
14204,2,4,1062.96,1,Regular
14205,17,9,2414.2,1,Regular
14206,239,3,1185.01,1,Regular
14207,688,1,157.8,0,At Risk
14208,95,2,567.05,1,Regular
14209,11,15,4993.27,1,Regular
14210,106,16,5861.52,1,Regular
14211,53,18,4402.29,1,Regular
14212,90,2,2190.14,1,Regular
14213,405,1,1192.2,0,At Risk
14214,31,5,1004.38,1,Regular
14215,12,9,3416.33,1,Regular
14216,3,5,2150.04,1,Regular
14217,2,23,3416.89,1,Regular
14218,43,1,169.48000000000002,1,Regular
14219,4,3,633.83,1,Regular
14220,247,4,1515.0,1,Regular
14221,42,17,6517.49,1,Regular
14222,177,1,683.17,1,Regular
14223,92,3,991.13,1,Regular
14224,110,9,1897.9,1,Regular
14225,435,4,2037.02,0,At Risk
14226,29,6,3002.53,1,Regular
14227,26,15,6368.71,1,Regular
14228,438,3,745.5,0,At Risk
14229,52,7,2594.04,1,Regular
14230,436,3,979.8000000000001,0,At Risk
14231,184,4,1235.6200000000001,1,Regular
14232,43,5,2048.07,1,Regular
14233,49,7,2904.27,1,Regular
14234,22,4,775.46,1,Regular
14235,75,9,4717.99,1,Regular
14236,81,5,1744.64,1,Regular
14237,373,2,632.14,0,At Risk
14238,326,3,434.23,0,At Risk
14239,43,21,4263.17,1,Regular
14240,30,3,1247.49,1,Regular
14241,184,2,333.7,1,Regular
14242,235,2,280.55,1,Regular
14243,9,17,7431.05,1,Regular
14244,661,1,366.41999999999996,0,At Risk
14245,220,2,1693.45,1,Regular
14246,111,3,1474.06,1,Regular
14247,278,5,772.66,0,At Risk
14248,318,3,1032.95,0,At Risk
14249,411,12,5625.461,0,At Risk
14250,7,3,1904.05,1,Regular
14251,2,5,2879.7000000000003,1,Regular
14252,381,1,350.99,0,At Risk
14253,493,2,363.40000000000003,0,At Risk
14254,433,1,601.03,0,At Risk
14255,546,1,1000.63,0,At Risk
14256,260,5,2473.9900000000002,1,Regular
14257,64,9,5954.45,1,Regular
14258,9,25,32051.34,1,Regular
14259,142,1,120.0,1,Regular
14260,471,3,824.28,0,At Risk
14261,51,2,1163.45,1,Regular
14262,8,8,2618.23,1,Regular
14263,423,1,322.93,0,At Risk
14264,155,6,1517.3600000000001,1,Regular
14265,109,4,1373.35,1,Regular
14266,428,1,40.56,0,At Risk
14267,163,3,1516.24,1,Regular
14268,471,1,354.85,0,At Risk
14269,439,1,295.73,0,At Risk
14270,332,1,492.65000000000003,0,At Risk
14271,226,2,219.13,1,Regular
14272,74,4,920.81,1,Regular
14273,51,4,559.97,1,Regular
14274,686,1,256.6,0,At Risk
14275,396,6,1189.3799999999999,0,At Risk
14276,99,7,2102.68,1,Regular
14277,15,9,17225.81,1,Regular
14278,410,1,205.83,0,At Risk
14279,521,2,191.86,0,At Risk
14280,197,1,134.04,1,Regular
14281,408,1,245.15,0,At Risk
14282,3,25,7849.66,1,Regular
14283,463,4,628.44,0,At Risk
14284,31,3,1299.65,1,Regular
14285,21,8,3284.42,1,Regular
14286,24,7,8479.76,1,Regular
14287,8,3,176.63,1,Regular
14288,213,1,426.6,1,Regular
14289,9,6,911.26,1,Regular
14290,11,8,4516.56,1,Regular
14291,2,23,7904.1,1,Regular
14292,8,16,9226.25,1,Regular
14293,3,9,3267.9300000000003,1,Regular
14294,407,1,375.34000000000003,0,At Risk
14295,40,5,2362.91,1,Regular
14296,421,2,456.4,0,At Risk
14297,18,4,1305.33,1,Regular
14298,8,82,91194.49,2,VIP
14299,8,27,14499.49,1,Regular
14300,19,1,43.2,1,Regular
14301,117,4,1992.18,1,Regular
14302,431,3,742.9000000000001,0,At Risk
14303,407,2,277.94,0,At Risk
14304,223,3,1725.01,1,Regular
14305,71,3,1858.96,1,Regular
14306,51,6,3151.4,1,Regular
14307,89,10,5071.03,1,Regular
14308,549,2,1147.02,0,At Risk
14309,8,11,3780.81,1,Regular
14310,433,1,492.1,0,At Risk
14311,243,2,516.45,1,Regular
14312,47,11,3090.29,1,Regular
14314,107,2,229.79999999999998,1,Regular
14315,45,8,3197.82,1,Regular
14316,422,5,1370.34,0,At Risk
14317,65,1,508.58,1,Regular
14318,460,1,158.02,0,At Risk
14319,424,1,494.85,0,At Risk
14320,207,5,1346.75,1,Regular
14321,11,7,2218.06,1,Regular
14322,429,4,474.1,0,At Risk
14323,115,2,605.0600000000001,1,Regular
14324,410,2,701.61,0,At Risk
14325,570,1,245.48000000000002,0,At Risk
14326,242,3,940.98,1,Regular
14327,163,6,1894.93,1,Regular
14328,438,1,445.05,0,At Risk
14329,17,15,9927.22,1,Regular
14330,624,1,200.63,0,At Risk
14331,124,2,462.66,1,Regular
14332,23,5,1943.51,1,Regular
14333,68,1,415.2,1,Regular
14334,17,12,4318.4800000000005,1,Regular
14335,16,2,468.26,1,Regular
14336,17,4,1614.91,1,Regular
14338,161,3,928.1,1,Regular
14339,243,2,620.27,1,Regular
14340,219,1,134.7,1,Regular
14341,45,18,4467.32,1,Regular
14342,21,6,918.44,1,Regular
14343,421,4,1088.91,0,At Risk
14344,127,20,3333.7000000000003,1,Regular
14345,39,1,108.98,1,Regular
14346,121,5,2315.75,1,Regular
14347,737,1,82.60000000000001,0,At Risk
14348,260,1,409.57,0,At Risk
14349,10,1,133.5,1,Regular
14350,274,3,972.03,0,At Risk
14351,165,1,51.0,1,Regular
14352,157,4,1078.96,1,Regular
14353,215,3,376.5,1,Regular
14354,6,2,163.62,1,Regular
14355,366,3,1014.45,0,At Risk
14356,80,2,701.23,1,Regular
14357,43,1,225.77,1,Regular
14358,389,2,400.06,0,At Risk
14359,19,3,912.1800000000001,1,Regular
14360,32,4,2128.23,1,Regular
14361,579,1,214.71,0,At Risk
14362,22,1,161.2,1,Regular
14363,402,2,227.47000000000003,0,At Risk
14364,109,8,3717.35,1,Regular
14365,395,2,634.68,0,At Risk
14366,525,1,136.0,0,At Risk
14367,8,16,9261.52,1,Regular
14368,320,1,155.0,0,At Risk
14369,642,2,469.13,0,At Risk
14370,451,6,1175.78,0,At Risk
14371,295,1,100.5,0,At Risk
14372,443,2,860.08,0,At Risk
14373,358,1,76.55,0,At Risk
14374,541,1,108.0,0,At Risk
14375,185,3,1132.99,1,Regular
14376,683,1,215.46,0,At Risk
14377,191,2,617.05,1,Regular
14378,622,1,131.25,0,At Risk
14379,44,4,1268.91,1,Regular
14380,682,1,48.96,0,At Risk
14381,52,2,631.34,1,Regular
14382,26,2,1246.8,1,Regular
14383,38,3,1247.69,1,Regular
14384,501,1,58.5,0,At Risk
14385,9,3,202.10999999999999,1,Regular
14386,297,1,142.4,0,At Risk
14387,33,3,1770.56,1,Regular
14388,10,16,6701.0,1,Regular
14389,65,5,1898.01,1,Regular
14390,10,13,6399.83,1,Regular
14391,577,1,135.6,0,At Risk
14392,432,1,266.4,0,At Risk
14393,218,1,67.95,1,Regular
14394,565,1,93.8,0,At Risk
14395,2,20,8208.01,1,Regular
14396,65,7,2121.93,1,Regular
14397,3,19,2612.96,1,Regular
14398,401,2,707.79,0,At Risk
14399,394,8,2113.16,0,At Risk
14400,149,3,1732.47,1,Regular
14401,4,22,6795.9,1,Regular
14402,652,1,285.6,0,At Risk
14403,130,6,1880.51,1,Regular
14404,34,13,2899.11,1,Regular
14405,387,1,195.0,0,At Risk
14406,119,1,156.75,1,Regular
14407,107,6,2157.73,1,Regular
14408,11,11,4109.77,1,Regular
14409,71,9,3756.09,1,Regular
14410,92,11,2651.14,1,Regular
14411,311,1,1063.0,0,At Risk
14412,43,3,1426.19,1,Regular
14413,362,4,770.37,0,At Risk
14414,92,8,2399.33,1,Regular
14415,1,23,12091.6,1,Regular
14416,22,2,490.22,1,Regular
14417,388,1,604.2,0,At Risk
14418,4,3,1937.25,1,Regular
14419,11,7,1260.91,1,Regular
14420,99,4,1639.17,1,Regular
14421,57,6,2469.37,1,Regular
14422,1,19,10271.52,1,Regular
14423,218,3,916.61,1,Regular
14424,18,1,322.08,1,Regular
14425,435,3,661.39,0,At Risk
14426,24,17,11727.94,1,Regular
14427,50,4,1263.52,1,Regular
14428,7,5,1244.83,1,Regular
14429,404,1,516.28,0,At Risk
14430,512,3,1220.9,0,At Risk
14431,303,4,2614.2,0,At Risk
14432,10,6,2255.51,1,Regular
14433,466,1,289.6,0,At Risk
14434,22,6,1372.8,1,Regular
14435,502,1,90.42,0,At Risk
14436,99,2,271.7,1,Regular
14437,366,5,958.84,0,At Risk
14438,306,1,131.9,0,At Risk
14439,320,5,9443.04,0,At Risk
14440,8,13,6638.7300000000005,1,Regular
14441,1,11,4611.6900000000005,1,Regular
14442,205,7,5367.02,1,Regular
14443,54,5,2386.4700000000003,1,Regular
14444,456,1,132.04,0,At Risk
14445,456,1,221.65,0,At Risk
14446,1,5,1241.31,1,Regular
14447,19,6,1711.73,1,Regular
14448,9,2,375.35,1,Regular
14449,19,8,2482.8,1,Regular
14450,181,7,1128.44,1,Regular
14451,60,12,3308.77,1,Regular
14452,11,4,665.59,1,Regular
14453,190,1,119.93,1,Regular
14454,376,5,977.3000000000001,0,At Risk
14455,432,4,628.21,0,At Risk
14456,5,9,3062.4,1,Regular
14457,311,1,113.64,0,At Risk
14458,381,1,237.42,0,At Risk
14459,155,2,5375.741,1,Regular
14460,110,9,1093.5,1,Regular
14461,148,13,6713.5,1,Regular
14462,66,12,2270.01,1,Regular
14463,98,4,786.5699999999999,1,Regular
14464,568,2,111.0,0,At Risk
14465,247,11,3946.03,1,Regular
14466,29,13,4646.9,1,Regular
14467,18,12,2220.9900000000002,1,Regular
14468,734,1,204.24,0,At Risk
14469,416,4,2112.21,0,At Risk
14470,12,3,712.04,1,Regular
14471,591,2,400.95,0,At Risk
14472,104,9,2228.22,1,Regular
14473,74,2,234.34,1,Regular
14474,46,2,1278.08,1,Regular
14475,72,4,1151.15,1,Regular
14476,257,1,215.7,0,At Risk
14477,20,7,1969.6,1,Regular
14478,382,4,1276.66,0,At Risk
14479,254,4,1299.11,1,Regular
14480,11,4,1299.52,1,Regular
14481,165,5,2311.4900000000002,1,Regular
14482,18,12,4357.91,1,Regular
14483,282,2,257.1,0,At Risk
14484,50,4,1070.98,1,Regular
14485,39,1,165.75,1,Regular
14486,512,2,175.5,0,At Risk
14487,27,7,1453.61,1,Regular
14488,68,1,1064.28,1,Regular
14489,207,4,1574.93,1,Regular
14490,406,2,1273.47,0,At Risk
14491,175,2,468.13,1,Regular
14492,430,7,1921.91,0,At Risk
14493,7,10,5130.15,1,Regular
14494,26,3,401.46,1,Regular
14495,51,3,174.8,1,Regular
14496,312,7,2668.23,0,At Risk
14497,309,2,697.0600000000001,0,At Risk
14498,43,10,3911.27,1,Regular
14499,26,7,2138.9700000000003,1,Regular
14500,88,3,356.85,1,Regular
14501,184,2,251.21,1,Regular
14502,20,11,2470.67,1,Regular
14503,3,6,3543.26,1,Regular
14504,47,4,673.26,1,Regular
14505,17,19,12001.84,1,Regular
14506,17,7,3290.67,1,Regular
14507,24,11,3284.4300000000003,1,Regular
14508,22,5,874.9399999999999,1,Regular
14509,534,1,110.95,0,At Risk
14510,376,3,1007.28,0,At Risk
14511,11,5,1314.81,1,Regular
14512,188,7,1223.47,1,Regular
14513,101,6,788.01,1,Regular
14514,61,9,4598.9800000000005,1,Regular
14515,18,12,3749.26,1,Regular
14516,516,1,163.92,0,At Risk
14517,33,2,330.45,1,Regular
14518,64,1,174.37,1,Regular
14519,684,2,206.09,0,At Risk
14520,2,2,270.6,1,Regular
14521,491,1,199.45000000000002,0,At Risk
14522,24,8,1758.62,1,Regular
14523,108,1,241.09,1,Regular
14524,32,13,2933.71,1,Regular
14525,20,17,8240.64,1,Regular
14526,389,1,262.4,0,At Risk
14527,3,122,27792.3,2,VIP
14528,37,1,364.21999999999997,1,Regular
14529,60,3,620.04,1,Regular
14530,26,16,6197.4,1,Regular
14531,480,1,376.34,0,At Risk
14532,236,11,3859.1800000000003,1,Regular
14533,25,11,3466.37,1,Regular
14534,3,26,6271.11,1,Regular
14535,60,9,6030.7300000000005,1,Regular
14536,260,1,171.8,0,At Risk
14537,58,2,641.4,1,Regular
14538,65,5,1370.8400000000001,1,Regular
14539,16,2,537.48,1,Regular
14540,10,11,3795.34,1,Regular
14541,59,14,2499.68,1,Regular
14542,186,1,103.25,1,Regular
14543,29,39,14906.77,1,Regular
14544,24,3,2982.43,1,Regular
14545,674,1,349.25,0,At Risk
14546,5,11,5197.9,1,Regular
14547,4,8,4007.54,1,Regular
14548,151,9,2627.49,1,Regular
14549,311,4,916.5500000000001,0,At Risk
14550,11,4,1353.31,1,Regular
14551,18,7,880.04,1,Regular
14552,152,3,511.28000000000003,1,Regular
14553,19,9,1841.54,1,Regular
14554,10,4,2381.04,1,Regular
14555,57,6,2315.63,1,Regular
14556,596,3,835.34,0,At Risk
14557,85,1,788.38,1,Regular
14558,654,3,655.5,0,At Risk
14559,390,1,75.6,0,At Risk
14560,7,44,6114.03,1,Regular
14561,76,3,1080.76,1,Regular
14562,4,26,6729.400000000001,1,Regular
14563,510,2,679.44,0,At Risk
14564,435,2,2605.62,0,At Risk
14565,96,5,3859.2200000000003,1,Regular
14566,111,4,4092.0,1,Regular
14567,57,2,1530.3600000000001,1,Regular
14568,435,1,919.7,0,At Risk
14569,1,4,598.98,1,Regular
14570,281,3,613.75,0,At Risk
14571,425,1,161.65,0,At Risk
14572,3,11,5615.18,1,Regular
14573,180,13,2621.42,1,Regular
14574,733,1,143.70000000000002,0,At Risk
14575,488,1,460.71,0,At Risk
14576,372,1,70.80000000000001,0,At Risk
14577,13,7,1374.25,1,Regular
14578,3,1,168.63,1,Regular
14579,432,1,105.56,0,At Risk
14580,518,1,14.85,0,At Risk
14581,17,2,433.8,1,Regular
14582,41,1,114.11,1,Regular
14583,6,8,1781.03,1,Regular
14584,169,8,1747.91,1,Regular
14585,50,5,1143.27,1,Regular
14586,277,1,237.35999999999999,0,At Risk
14587,19,9,1601.14,1,Regular
14588,578,1,135.39,0,At Risk
14589,372,1,79.5,0,At Risk
14590,425,20,3006.62,0,At Risk
14591,15,4,1447.14,1,Regular
14592,35,3,570.46,1,Regular
14593,22,12,3712.0099999999998,1,Regular
14594,7,2,634.83,1,Regular
14595,20,8,2164.45,1,Regular
14596,627,1,229.47,0,At Risk
14597,11,6,2201.54,1,Regular
14598,44,2,384.03999999999996,1,Regular
14599,390,2,474.54,0,At Risk
14600,306,2,865.17,0,At Risk
14601,11,1,213.96,1,Regular
14602,656,1,205.35999999999999,0,At Risk
14603,275,1,660.0,0,At Risk
14604,633,1,143.85999999999999,0,At Risk
14605,374,4,937.16,0,At Risk
14606,1,192,30861.06,2,VIP
14607,16,22,24137.63,1,Regular
14608,4,11,3352.94,1,Regular
14609,72,10,1486.2,1,Regular
14610,396,2,24.35,0,At Risk
14611,444,2,604.33,0,At Risk
14612,415,1,877.7,0,At Risk
14613,680,1,76.32000000000001,0,At Risk
14614,386,1,295.13,0,At Risk
14615,394,5,951.76,0,At Risk
14616,243,5,527.78,1,Regular
14617,403,2,190.47,0,At Risk
14618,9,7,1342.32,1,Regular
14619,246,2,1291.24,1,Regular
14620,206,2,412.78000000000003,1,Regular
14621,1,9,3000.57,1,Regular
14622,185,1,320.58000000000004,1,Regular
14623,32,10,2059.58,1,Regular
14624,57,6,814.07,1,Regular
14625,196,11,4497.88,1,Regular
14626,24,11,5410.92,1,Regular
14627,379,1,462.75,0,At Risk
14628,91,5,1998.0,1,Regular
14629,4,2,959.01,1,Regular
14630,484,1,338.65,0,At Risk
14631,51,6,2025.69,1,Regular
14632,263,1,114.56,0,At Risk
14633,266,1,344.90000000000003,0,At Risk
14634,438,4,2124.46,0,At Risk
14635,454,1,215.22,0,At Risk
14636,36,2,609.85,1,Regular
14637,677,1,106.68,0,At Risk
14638,51,1,443.6,1,Regular
14639,52,9,4978.96,1,Regular
14640,24,10,3667.06,1,Regular
14641,22,1,110.46000000000001,1,Regular
14642,59,1,96.12,1,Regular
14643,170,5,1679.89,1,Regular
14644,68,7,2247.72,1,Regular
14645,157,3,876.89,1,Regular
14646,2,151,528602.52,3,Key Accounts (Wholesale/Bulk)
14647,201,2,519.97,1,Regular
14648,416,15,4546.86,0,At Risk
14649,5,9,3775.31,1,Regular
14650,589,1,62.5,0,At Risk
14651,67,9,2034.1200000000001,1,Regular
14652,77,1,114.18,1,Regular
14653,1,12,3614.54,1,Regular
14654,738,1,246.86,0,At Risk
14655,8,7,3878.51,1,Regular
14656,169,5,814.65,1,Regular
14657,18,6,1460.87,1,Regular
14658,5,2,247.15,1,Regular
14659,9,9,2529.93,1,Regular
14660,87,2,285.74,1,Regular
14661,27,1,107.95,1,Regular
14662,29,7,1416.33,1,Regular
14663,430,2,490.6,0,At Risk
14664,20,2,637.89,1,Regular
14665,61,7,2749.65,1,Regular
14666,24,1,195.25,1,Regular
14667,11,54,21927.14,1,Regular
14668,445,1,111.63,0,At Risk
14669,242,7,3243.93,1,Regular
14670,280,3,602.0,0,At Risk
14671,549,2,1127.45,0,At Risk
14672,235,4,1113.14,1,Regular
14673,3,7,3410.81,1,Regular
14674,509,1,173.66,0,At Risk
14675,16,2,1066.9,1,Regular
14676,31,12,8356.79,1,Regular
14677,593,1,184.91,0,At Risk
14678,579,1,403.39,0,At Risk
14679,382,3,1289.44,0,At Risk
14680,25,58,57412.77,2,VIP
14681,71,6,875.1500000000001,1,Regular
14682,188,6,1514.81,1,Regular
14683,588,1,146.56,0,At Risk
14684,26,6,1468.55,1,Regular
14685,576,8,4619.79,0,At Risk
14686,414,5,885.83,0,At Risk
14687,107,3,1402.06,1,Regular
14688,8,28,7713.57,1,Regular
14689,209,1,112.80000000000001,1,Regular
14690,44,4,794.33,1,Regular
14691,31,5,2114.33,1,Regular
14692,137,12,1745.09,1,Regular
14693,265,7,1165.3600000000001,1,Regular
14694,617,1,244.31,0,At Risk
14695,519,3,1620.07,0,At Risk
14696,4,8,2767.9,1,Regular
14697,218,2,188.61,1,Regular
14698,2,5,1250.76,1,Regular
14699,214,4,702.6,1,Regular
14700,32,5,3116.26,1,Regular
14701,11,15,4562.09,1,Regular
14702,1,29,6754.22,1,Regular
14703,15,1,318.17,1,Regular
14704,11,11,1813.57,1,Regular
14705,199,1,179.0,1,Regular
14706,619,1,390.69,0,At Risk
14707,436,2,139.2,0,At Risk
14708,3,5,2212.28,1,Regular
14709,15,25,8886.33,1,Regular
14710,14,13,1922.59,1,Regular
14711,10,11,2868.8,1,Regular
14712,29,4,1328.0700000000002,1,Regular
14713,9,21,5418.87,1,Regular
14714,24,4,906.24,1,Regular
14715,25,8,1840.45,1,Regular
14716,43,3,565.45,1,Regular
14717,733,1,81.3,0,At Risk
14718,410,1,226.42,0,At Risk
14719,2,5,1602.13,1,Regular
14720,6,3,663.81,1,Regular
14721,379,1,115.77,0,At Risk
14722,147,3,513.37,1,Regular
14723,10,11,2093.06,1,Regular
14724,590,1,345.25,0,At Risk
14725,25,4,1315.24,1,Regular
14726,655,1,124.75,0,At Risk
14727,274,3,467.93,0,At Risk
14728,413,1,190.58,0,At Risk
14729,374,3,907.38,0,At Risk
14730,1,8,2005.06,1,Regular
14731,47,3,380.02,1,Regular
14732,8,19,5517.07,1,Regular
14733,16,15,16184.97,1,Regular
14734,426,4,1056.42,0,At Risk
14735,4,56,12240.16,1,Regular
14736,485,2,401.08,0,At Risk
14737,4,4,3554.17,1,Regular
14738,43,9,1821.9,1,Regular
14739,4,25,12287.5,1,Regular
14740,197,11,4161.06,1,Regular
14741,12,7,1897.5900000000001,1,Regular
14742,435,1,579.85,0,At Risk
14743,593,1,50.480000000000004,0,At Risk
14744,16,14,3885.08,1,Regular
14745,113,12,2571.81,1,Regular
14746,406,4,593.5,0,At Risk
14747,249,1,328.2,1,Regular
14748,29,10,3152.32,1,Regular
14749,480,1,310.15,0,At Risk
14750,736,1,112.03,0,At Risk
14751,684,2,126.45,0,At Risk
14752,44,1,389.64000000000004,1,Regular
14753,87,2,869.51,1,Regular
14754,45,6,1550.48,1,Regular
14755,10,25,9972.550000000001,1,Regular
14756,15,3,2653.76,1,Regular
14757,75,1,420.5,1,Regular
14758,145,7,2864.9700000000003,1,Regular
14759,5,3,1625.97,1,Regular
14760,297,1,89.2,0,At Risk
14761,59,3,447.92,1,Regular
14762,264,2,417.57,0,At Risk
14764,47,1,278.3,1,Regular
14765,29,3,254.11,1,Regular
14766,8,11,6556.13,1,Regular
14767,474,1,382.81,0,At Risk
14768,17,2,192.60000000000002,1,Regular
14769,3,17,15771.880000000001,1,Regular
14770,232,8,3637.6400000000003,1,Regular
14771,621,2,594.62,0,At Risk
14772,112,1,139.26,1,Regular
14773,593,1,140.55,0,At Risk
14774,529,1,241.45000000000002,0,At Risk
14775,58,3,1418.46,1,Regular
14776,51,15,3708.2999999999997,1,Regular
14777,404,1,307.56,0,At Risk
14778,127,2,730.86,1,Regular
14779,281,3,386.15,0,At Risk
14780,55,2,447.68,1,Regular
14782,320,1,200.10000000000002,0,At Risk
14783,659,1,307.3,0,At Risk
14784,26,3,449.93,1,Regular
14785,10,2,77.4,1,Regular
14786,550,1,90.96,0,At Risk
14787,471,1,110.65,0,At Risk
14788,7,3,1156.32,1,Regular
14789,29,1,197.64,1,Regular
14790,17,10,2526.62,1,Regular
14791,607,1,303.63,0,At Risk
14792,64,1,6.2,1,Regular
14793,21,2,625.9,1,Regular
14794,3,10,1953.9,1,Regular
14795,166,1,131.45000000000002,1,Regular
14796,1,27,10889.64,1,Regular
14797,507,1,300.31,0,At Risk
14798,53,8,724.31,1,Regular
14799,51,2,338.15000000000003,1,Regular
14800,48,17,7774.32,1,Regular
14801,61,1,193.14,1,Regular
14802,438,2,1502.98,0,At Risk
14803,162,3,845.5500000000001,1,Regular
14804,9,1,353.27,1,Regular
14805,15,7,1104.64,1,Regular
14806,75,2,303.43,1,Regular
14807,391,2,519.29,0,At Risk
14808,40,8,2741.17,1,Regular
14809,621,2,686.76,0,At Risk
14810,41,13,2537.02,1,Regular
14811,387,1,170.5,0,At Risk
14812,599,1,185.8,0,At Risk
14813,370,4,1090.87,0,At Risk
14814,581,1,160.46,0,At Risk
14815,37,2,778.5,1,Regular
14816,197,1,271.85,1,Regular
14817,200,7,3959.86,1,Regular
14818,74,6,1170.41,1,Regular
14819,64,4,470.16,1,Regular
14820,21,9,1274.76,1,Regular
14821,367,7,1286.45,0,At Risk
14822,485,1,157.7,0,At Risk
14823,180,3,321.43,1,Regular
14824,10,10,4022.9100000000003,1,Regular
14825,4,24,4925.08,1,Regular
14826,582,2,385.2,0,At Risk
14828,197,13,9839.460000000001,1,Regular
14829,29,7,1692.84,1,Regular
14830,53,1,197.13,1,Regular
14831,680,3,1676.57,0,At Risk
14832,630,1,322.69,0,At Risk
14833,499,1,94.8,0,At Risk
14834,18,7,2206.16,1,Regular
14835,529,2,297.0,0,At Risk
14836,10,3,102.45,1,Regular
14837,90,9,3460.32,1,Regular
14838,423,2,773.6700000000001,0,At Risk
14839,418,3,915.28,0,At Risk
14840,268,2,362.71000000000004,0,At Risk
14841,53,14,7163.0,1,Regular
14842,44,4,2824.69,1,Regular
14843,437,1,211.8,0,At Risk
14844,64,10,6702.43,1,Regular
14845,600,1,150.0,0,At Risk
14846,427,1,437.4,0,At Risk
14847,149,3,1348.95,1,Regular
14848,405,1,310.56,0,At Risk
14849,22,43,15763.45,1,Regular
14850,312,7,1794.01,0,At Risk
14851,23,3,829.41,1,Regular
14852,58,18,6147.18,1,Regular
14853,24,5,1376.87,1,Regular
14854,78,11,4322.86,1,Regular
14855,119,7,6520.3,1,Regular
14856,36,3,1311.38,1,Regular
14857,60,7,3651.851,1,Regular
14858,506,1,180.75,0,At Risk
14859,13,5,1705.64,1,Regular
14860,19,1,170.32,1,Regular
14861,52,10,1380.73,1,Regular
14862,26,2,841.2,1,Regular
14863,29,1,266.76,1,Regular
14865,7,4,129.72,1,Regular
14866,11,19,20850.22,1,Regular
14867,186,16,2952.06,1,Regular
14868,3,12,4184.01,1,Regular
14869,9,6,2804.2400000000002,1,Regular
14870,262,6,1838.95,1,Regular
14871,3,9,1258.97,1,Regular
14872,484,3,816.6,0,At Risk
14873,210,2,854.13,1,Regular
14874,535,1,116.18,0,At Risk
14875,108,3,2862.4,1,Regular
14876,521,2,256.7,0,At Risk
14877,418,2,437.0,0,At Risk
14878,13,25,4105.24,1,Regular
14879,685,1,185.06,0,At Risk
14880,77,3,706.19,1,Regular
14881,20,1,255.4,1,Regular
14882,27,14,3628.15,1,Regular
14883,19,6,761.59,1,Regular
14884,669,1,120.6,0,At Risk
14885,132,3,1598.12,1,Regular
14886,253,1,364.8,0,At Risk
14887,79,1,1862.0,1,Regular
14888,207,1,369.2,1,Regular
14889,336,1,135.9,0,At Risk
14890,254,3,817.25,1,Regular
14891,148,4,1106.73,1,Regular
14892,691,1,202.35000000000002,0,At Risk
14893,10,3,1809.6100000000001,1,Regular
14894,85,3,1492.81,1,Regular
14895,8,38,25119.54,1,Regular
14896,205,8,2092.42,1,Regular
14897,8,8,3140.54,1,Regular
14898,23,14,3507.81,1,Regular
14899,395,1,1384.88,0,At Risk
14900,522,1,13.919999999999998,0,At Risk
14901,11,12,2289.65,1,Regular
14902,26,3,1035.6200000000001,1,Regular
14903,21,5,2810.63,1,Regular
14904,2,4,1640.64,1,Regular
14905,158,8,1971.39,1,Regular
14906,445,1,68.44,0,At Risk
14907,3,16,6165.79,1,Regular
14908,74,2,381.9,1,Regular
14909,437,3,1404.68,0,At Risk
14910,3,4,434.35,1,Regular
14911,1,398,295972.63,3,Key Accounts (Wholesale/Bulk)
14912,17,6,1889.25,1,Regular
14913,36,8,4073.13,1,Regular
14915,91,11,1811.25,1,Regular
14916,71,8,3042.95,1,Regular
14917,597,2,1123.75,0,At Risk
14918,116,9,5955.81,1,Regular
14919,539,1,359.35,0,At Risk
14920,213,3,1607.17,1,Regular
14921,30,2,1316.07,1,Regular
14922,394,2,843.74,0,At Risk
14923,51,1,749.1,1,Regular
14924,246,3,931.01,1,Regular
14926,382,2,359.4,0,At Risk
14927,397,1,308.2,0,At Risk
14928,628,1,223.91000000000003,0,At Risk
14929,32,2,836.69,1,Regular
14930,109,6,5246.63,1,Regular
14931,5,5,1257.68,1,Regular
14932,366,2,1029.66,0,At Risk
14933,444,4,1770.0,0,At Risk
14934,82,5,3503.5,1,Regular
14935,297,2,2849.83,0,At Risk
14936,34,12,12410.81,1,Regular
14937,57,3,1621.88,1,Regular
14938,562,2,2322.43,0,At Risk
14940,418,2,531.49,0,At Risk
14941,579,1,182.1,0,At Risk
14942,402,4,746.56,0,At Risk
14943,663,1,107.62,0,At Risk
14944,30,19,9784.67,1,Regular
14945,414,1,179.4,0,At Risk
14946,14,1,100.9,1,Regular
14947,72,6,1049.79,1,Regular
14948,23,6,1101.97,1,Regular
14949,469,4,515.0,0,At Risk
14950,19,1,371.2,1,Regular
14951,79,1,311.69,1,Regular
14952,60,32,17629.35,1,Regular
14953,25,4,1013.77,1,Regular
14954,12,2,503.44,1,Regular
14955,733,1,163.77,0,At Risk
14956,421,1,1325.0,0,At Risk
14957,253,2,333.29,1,Regular
14958,147,6,957.94,1,Regular
14959,64,4,695.42,1,Regular
14960,8,2,221.27,1,Regular
14961,11,22,16410.15,1,Regular
14962,271,4,366.91,0,At Risk
14963,10,12,3164.48,1,Regular
14964,247,1,206.21,1,Regular
14965,96,2,599.0,1,Regular
14966,15,6,1115.84,1,Regular
14967,50,6,1982.6100000000001,1,Regular
14968,30,2,504.99,1,Regular
14969,704,1,906.23,0,At Risk
14970,68,12,4919.35,1,Regular
14971,35,3,1116.57,1,Regular
14972,128,2,145.07,1,Regular
14973,107,3,1314.45,1,Regular
14974,37,1,114.39,1,Regular
14975,57,2,472.39,1,Regular
14976,57,7,790.86,1,Regular
14977,726,1,31.93,0,At Risk
14978,72,10,3142.14,1,Regular
14979,735,1,439.46000000000004,0,At Risk
14980,737,1,150.68,0,At Risk
14981,246,2,372.92,1,Regular
14982,572,1,237.78,0,At Risk
14983,689,1,183.20000000000002,0,At Risk
14984,19,6,1271.41,1,Regular
14985,198,2,296.75,1,Regular
14986,376,2,566.9,0,At Risk
14987,16,8,1713.85,1,Regular
14988,212,7,2066.6,1,Regular
14989,662,1,342.4,0,At Risk
14990,612,2,305.42,0,At Risk
14991,430,1,314.67,0,At Risk
14992,442,1,210.5,0,At Risk
14993,564,1,36.13,0,At Risk
14994,382,5,960.63,0,At Risk
14995,39,2,233.23000000000002,1,Regular
14996,481,2,442.28999999999996,0,At Risk
14997,46,4,776.6,1,Regular
14998,170,4,770.73,1,Regular
14999,593,1,129.48000000000002,0,At Risk
15000,48,1,490.52,1,Regular
15001,394,2,230.85999999999999,0,At Risk
15002,116,9,4817.28,1,Regular
15003,473,6,1060.7,0,At Risk
15004,147,1,1246.32,1,Regular
15005,16,56,14106.2,1,Regular
15006,51,2,825.14,1,Regular
15007,159,1,156.91,1,Regular
15008,480,2,360.0,0,At Risk
15009,12,3,1261.78,1,Regular
15010,36,1,308.94,1,Regular
15011,396,2,416.6,0,At Risk
15012,54,3,860.62,1,Regular
15013,488,10,1641.3,0,At Risk
15014,43,2,260.17,1,Regular
15015,501,13,2365.02,0,At Risk
15016,173,5,630.3,1,Regular
15017,34,1,125.58,1,Regular
15018,39,3,607.46,1,Regular
15019,267,1,266.0,0,At Risk
15020,379,1,203.42,0,At Risk
15021,9,12,2783.83,1,Regular
15022,12,5,1186.09,1,Regular
15023,3,20,12170.68,1,Regular
15024,10,16,4075.51,1,Regular
15025,33,2,1013.09,1,Regular
15026,80,5,1061.6100000000001,1,Regular
15027,31,10,3195.6,1,Regular
15028,8,6,1157.71,1,Regular
15029,620,1,365.1,0,At Risk
15030,72,8,1979.91,1,Regular
15031,4,14,3156.58,1,Regular
15032,256,8,13780.65,1,Regular
15033,5,10,2586.67,1,Regular
15034,16,14,8313.4,1,Regular
15035,90,1,252.73000000000002,1,Regular
15036,72,3,465.55,1,Regular
15037,376,2,402.51,0,At Risk
15038,59,9,1309.86,1,Regular
15039,10,93,40031.43,2,VIP
15040,542,1,7.49,0,At Risk
15041,170,2,294.02,1,Regular
15042,199,2,315.45,1,Regular
15043,31,6,2873.8,1,Regular
15044,19,35,16204.33,1,Regular
15045,152,2,735.66,1,Regular
15046,9,25,7812.39,1,Regular
15047,270,1,343.62,0,At Risk
15048,65,4,482.75,1,Regular
15049,274,1,121.17000000000002,0,At Risk
15050,25,5,4193.79,1,Regular
15051,23,9,3935.16,1,Regular
15052,319,1,215.78,0,At Risk
15053,5,3,697.79,1,Regular
15054,12,2,302.1,1,Regular
15055,475,3,560.07,0,At Risk
15056,520,1,133.45,0,At Risk
15057,275,5,3255.96,0,At Risk
15058,25,16,3410.03,1,Regular
15059,41,19,3523.57,1,Regular
15060,8,4,303.09000000000003,1,Regular
15061,4,127,137818.52,2,VIP
15062,71,8,2585.62,1,Regular
15063,213,1,370.79999999999995,1,Regular
15064,410,4,1254.41,0,At Risk
15065,38,5,3326.86,1,Regular
15066,53,1,893.59,1,Regular
15067,78,5,3877.88,1,Regular
15068,46,4,1176.85,1,Regular
15069,179,1,1109.53,1,Regular
15070,373,3,843.25,0,At Risk
15071,94,4,1455.5600000000002,1,Regular
15072,479,1,187.52,0,At Risk
15073,10,8,2788.02,1,Regular
15074,105,3,1566.33,1,Regular
15075,78,1,773.03,1,Regular
15076,173,3,1447.74,1,Regular
15077,495,2,2428.08,0,At Risk
15078,7,53,17761.88,1,Regular
15079,213,11,3767.35,1,Regular
15080,428,2,546.25,0,At Risk
15081,22,12,1965.72,1,Regular
15082,669,1,93.35000000000001,0,At Risk
15083,257,1,88.2,0,At Risk
15084,380,2,965.1999999999999,0,At Risk
15085,730,1,347.54,0,At Risk
15086,565,2,218.53,0,At Risk
15087,282,1,306.94,0,At Risk
15088,21,2,1160.07,1,Regular
15089,10,6,2420.84,1,Regular
15090,308,1,381.32,0,At Risk
15091,68,3,1046.6100000000001,1,Regular
15092,215,3,776.46,1,Regular
15093,18,23,14326.11,1,Regular
15094,463,2,83.0,0,At Risk
15095,104,10,3141.64,1,Regular
15096,43,1,219.39000000000001,1,Regular
15097,4,3,908.35,1,Regular
15098,182,3,39916.5,1,Regular
15099,84,1,410.48,1,Regular
15100,334,7,2894.7,0,At Risk
15101,9,6,1477.94,1,Regular
15102,531,2,554.67,0,At Risk
15103,31,2,703.36,1,Regular
15104,197,2,1027.44,1,Regular
15105,18,9,3094.91,1,Regular
15106,18,5,1422.52,1,Regular
15107,311,9,940.35,0,At Risk
15108,142,4,1300.25,1,Regular
15109,246,3,983.1,1,Regular
15110,24,6,1505.8500000000001,1,Regular
15111,29,5,2730.87,1,Regular
15112,611,1,209.4,0,At Risk
15113,10,3,3609.33,1,Regular
15114,30,12,3400.12,1,Regular
15115,18,2,531.85,1,Regular
15116,18,4,1352.75,1,Regular
15117,15,8,2485.97,1,Regular
15118,134,1,244.8,1,Regular
15119,246,1,266.4,1,Regular
15120,134,1,358.82,1,Regular
15121,50,2,457.72,1,Regular
15122,114,11,4497.47,1,Regular
15123,7,5,4656.17,1,Regular
15124,23,4,450.82,1,Regular
15125,25,24,17024.87,1,Regular
15126,537,2,449.49,0,At Risk
15127,66,2,711.5,1,Regular
15128,60,5,1783.68,1,Regular
15129,50,23,6860.18,1,Regular
15130,170,1,330.11,1,Regular
15131,395,1,80.28,0,At Risk
15132,18,5,977.9300000000001,1,Regular
15133,128,5,1806.9,1,Regular
15134,15,10,1596.29,1,Regular
15135,239,2,305.68,1,Regular
15136,3,4,1286.7,1,Regular
15137,521,2,823.4,0,At Risk
15138,394,1,502.52,0,At Risk
15139,240,2,178.96,1,Regular
15140,52,8,3243.69,1,Regular
15141,458,7,1388.47,0,At Risk
15142,46,6,2619.92,1,Regular
15143,226,2,563.63,1,Regular
15144,8,29,12160.31,1,Regular
15145,4,4,1194.73,1,Regular
15146,165,2,1327.16,1,Regular
15147,240,1,623.5,1,Regular
15148,11,1,301.29,1,Regular
15149,134,5,1554.6100000000001,1,Regular
15150,17,13,9001.08,1,Regular
15151,423,2,2085.61,0,At Risk
15152,10,14,5263.83,1,Regular
15153,31,1,329.25,1,Regular
15154,75,3,1388.41,1,Regular
15155,383,1,383.96999999999997,0,At Risk
15156,1,3,961.49,1,Regular
15157,4,5,2654.11,1,Regular
15158,45,2,606.02,1,Regular
15159,2,34,22116.73,1,Regular
15160,357,4,589.27,0,At Risk
15161,388,1,119.92,0,At Risk
15162,731,1,312.9,0,At Risk
15163,18,2,304.47,1,Regular
15164,69,9,2068.92,1,Regular
15165,373,1,975.5,0,At Risk
15166,468,1,167.16,0,At Risk
15167,321,5,1659.67,0,At Risk
15168,26,1,106.56,1,Regular
15169,382,2,569.22,0,At Risk
15170,407,1,81.15,0,At Risk
15171,331,1,1289.5,0,At Risk
15172,9,5,1624.05,1,Regular
15173,381,7,1494.6,0,At Risk
15174,323,2,481.46,0,At Risk
15175,72,1,224.14,1,Regular
15176,668,1,988.0400000000001,0,At Risk
15177,426,1,948.9300000000001,0,At Risk
15178,260,1,40.5,0,At Risk
15179,18,13,7491.92,1,Regular
15180,367,3,904.4300000000001,0,At Risk
15181,66,5,1200.2,1,Regular
15182,154,11,2998.952,1,Regular
15183,548,3,639.93,0,At Risk
15184,29,4,689.95,1,Regular
15185,70,1,310.62,1,Regular
15186,14,5,1403.2,1,Regular
15187,2,16,4777.18,1,Regular
15188,725,1,310.43,0,At Risk
15189,1,46,17524.38,1,Regular
15190,434,1,834.4399999999999,0,At Risk
15191,463,3,588.05,0,At Risk
15192,120,5,1981.39,1,Regular
15193,61,1,499.32,1,Regular
15194,3,28,12427.69,1,Regular
15195,3,1,3861.0,1,Regular
15196,433,2,316.25,0,At Risk
15197,11,6,1877.51,1,Regular
15198,92,5,571.35,1,Regular
15199,59,10,3122.4,1,Regular
15200,495,1,549.0500000000001,0,At Risk
15201,87,7,1842.95,1,Regular
15202,420,3,6001.49,0,At Risk
15203,26,15,4400.18,1,Regular
15204,357,1,316.58,0,At Risk
15205,85,2,653.24,1,Regular
15206,10,4,420.3,1,Regular
15207,416,3,683.92,0,At Risk
15208,1,6,970.52,1,Regular
15209,730,1,178.98000000000002,0,At Risk
15210,225,3,1176.19,1,Regular
15211,60,2,1277.48,1,Regular
15212,241,2,208.28,1,Regular
15213,319,2,328.35,0,At Risk
15214,2,8,1661.44,1,Regular
15215,47,7,2422.4300000000003,1,Regular
15216,88,2,486.09000000000003,1,Regular
15217,563,1,426.24,0,At Risk
15218,11,22,11516.57,1,Regular
15219,176,2,685.45,1,Regular
15220,52,6,1778.96,1,Regular
15221,366,4,2465.45,0,At Risk
15222,319,11,3550.91,0,At Risk
15223,226,5,1417.95,1,Regular
15224,358,5,871.36,0,At Risk
15225,234,1,409.40000000000003,1,Regular
15226,311,1,154.41,0,At Risk
15227,37,9,2488.4900000000002,1,Regular
15228,66,6,5580.27,1,Regular
15229,586,1,160.5,0,At Risk
15230,239,2,429.6,1,Regular
15231,621,1,250.26000000000002,0,At Risk
15232,113,2,612.06,1,Regular
15233,401,1,59.400000000000006,0,At Risk
15234,277,1,197.0,0,At Risk
15235,218,16,2937.81,1,Regular
15236,299,1,321.05,0,At Risk
15237,2,4,1412.32,1,Regular
15238,29,3,1071.99,1,Regular
15239,10,2,780.59,1,Regular
15240,45,12,4459.9800000000005,1,Regular
15241,67,11,3050.16,1,Regular
15242,422,1,302.04,0,At Risk
15243,74,2,927.28,1,Regular
15244,65,3,912.08,1,Regular
15245,134,8,4610.84,1,Regular
15246,238,3,780.4,1,Regular
15247,122,3,976.06,1,Regular
15248,411,3,1893.93,0,At Risk
15249,32,18,9266.0,1,Regular
15250,641,1,60.0,0,At Risk
15251,9,21,20324.54,1,Regular
15252,36,5,2103.41,1,Regular
15253,16,8,2055.09,1,Regular
15254,127,3,1088.35,1,Regular
15255,67,9,3729.42,1,Regular
15256,149,2,170.4,1,Regular
15257,283,2,685.9,0,At Risk
15258,169,2,623.16,1,Regular
15259,513,4,1182.3799999999999,0,At Risk
15260,100,25,9188.23,1,Regular
15261,135,4,1508.0,1,Regular
15262,324,3,418.82,0,At Risk
15263,107,1,156.51,1,Regular
15264,64,2,848.4,1,Regular
15265,151,4,3345.64,1,Regular
15266,338,5,852.21,0,At Risk
15267,22,5,1717.36,1,Regular
15268,479,3,961.9000000000001,0,At Risk
15269,24,3,1225.3600000000001,1,Regular
15270,16,21,8524.86,1,Regular
15271,7,24,4709.54,1,Regular
15272,57,6,2085.48,1,Regular
15273,600,1,228.96,0,At Risk
15274,4,2,716.57,1,Regular
15275,38,1,615.14,1,Regular
15276,66,4,649.53,1,Regular
15277,47,2,476.34000000000003,1,Regular
15278,562,4,496.16,0,At Risk
15279,355,5,1580.54,0,At Risk
15280,172,3,406.21999999999997,1,Regular
15281,59,16,8543.57,1,Regular
15282,570,1,348.59,0,At Risk
15283,390,3,148.32999999999998,0,At Risk
15284,500,1,24.75,0,At Risk
15285,408,1,94.92,0,At Risk
15286,50,1,240.55,1,Regular
15287,22,5,856.03,1,Regular
15288,43,10,3883.13,1,Regular
15289,29,5,1593.09,1,Regular
15290,5,26,10496.28,1,Regular
15291,26,40,13846.56,1,Regular
15292,201,1,180.94,1,Regular
15293,666,1,247.5,0,At Risk
15294,411,1,233.35,0,At Risk
15295,654,1,217.23999999999998,0,At Risk
15296,51,12,10342.83,1,Regular
15297,10,3,641.94,1,Regular
15298,2,23,9459.37,1,Regular
15299,67,10,7991.54,1,Regular
15300,64,1,496.44,1,Regular
15301,51,17,7603.4400000000005,1,Regular
15302,730,1,308.0,0,At Risk
15303,290,3,1224.18,0,At Risk
15304,61,9,919.55,1,Regular
15305,555,1,93.6,0,At Risk
15306,64,9,3484.73,1,Regular
15307,96,1,205.3,1,Regular
15308,274,1,310.47,0,At Risk
15309,611,4,797.96,0,At Risk
15310,479,1,1634.64,0,At Risk
15311,1,208,116771.16,2,VIP
15312,75,12,2930.19,1,Regular
15313,110,1,52.0,1,Regular
15314,199,3,820.45,1,Regular
15315,64,2,570.5,1,Regular
15316,327,1,165.0,0,At Risk
15317,677,1,129.75,0,At Risk
15318,4,1,312.62,1,Regular
15319,284,1,204.5,0,At Risk
15320,44,1,267.13,1,Regular
15321,71,12,6709.7300000000005,1,Regular
15322,86,2,1390.86,1,Regular
15323,563,3,434.6,0,At Risk
15324,701,1,140.22000000000003,0,At Risk
15325,104,8,1602.01,1,Regular
15326,334,5,1700.52,0,At Risk
15327,53,1,208.75,1,Regular
15328,408,1,107.24,0,At Risk
15329,39,11,2984.33,1,Regular
15330,32,2,714.9599999999999,1,Regular
15331,500,3,767.91,0,At Risk
15332,366,6,6553.74,0,At Risk
15333,208,1,1028.56,1,Regular
15334,157,3,351.67,1,Regular
15335,54,1,173.97,1,Regular
15336,402,1,240.5,0,At Risk
15337,411,1,373.02,0,At Risk
15338,677,1,283.43,0,At Risk
15339,66,7,1827.84,1,Regular
15340,562,1,105.5,0,At Risk
15341,81,2,2402.72,1,Regular
15342,130,1,406.09000000000003,1,Regular
15343,87,1,364.5,1,Regular
15344,1,3,563.94,1,Regular
15345,46,1,393.54,1,Regular
15346,333,3,596.12,0,At Risk
15347,366,4,1363.6,0,At Risk
15348,72,1,158.04,1,Regular
15349,158,2,473.81,1,Regular
15350,373,2,663.25,0,At Risk
15351,12,10,3738.29,1,Regular
15352,549,1,114.95,0,At Risk
15353,255,7,3175.95,1,Regular
15354,603,3,284.4,0,At Risk
15355,29,2,277.05,1,Regular
15356,31,13,3464.95,1,Regular
15358,5,42,17050.41,1,Regular
15359,663,8,181.35,0,At Risk
15360,40,1,427.93,1,Regular
15361,362,4,689.07,0,At Risk
15362,449,2,613.08,0,At Risk
15363,373,2,1004.11,0,At Risk
15364,96,2,913.19,1,Regular
15365,26,13,4557.13,1,Regular
15366,75,7,2389.08,1,Regular
15367,57,11,5081.33,1,Regular
15368,21,2,722.74,1,Regular
15369,492,11,6251.26,0,At Risk
15370,41,8,3739.01,1,Regular
15371,662,1,59.400000000000006,0,At Risk
15372,137,8,6017.0599999999995,1,Regular
15373,8,17,3421.39,1,Regular
15374,129,2,307.32,1,Regular
15375,690,1,60.959999999999994,0,At Risk
15376,40,3,1233.3600000000001,1,Regular
15377,383,4,1211.75,0,At Risk
15378,463,2,246.5,0,At Risk
15379,169,8,4877.84,1,Regular
15380,9,11,3479.06,1,Regular
15381,214,5,1890.57,1,Regular
15382,15,12,13733.550000000001,1,Regular
15384,170,4,2027.79,1,Regular
15385,40,3,942.08,1,Regular
15386,186,1,394.14,1,Regular
15387,492,1,468.65,0,At Risk
15388,270,1,140.54,0,At Risk
15389,172,5,2733.8,1,Regular
15390,396,2,1216.66,0,At Risk
15391,584,1,289.87,0,At Risk
15392,5,7,2911.62,1,Regular
15393,16,5,891.34,1,Regular
15394,10,11,5286.8,1,Regular
15395,326,1,107.45,0,At Risk
15396,113,2,796.38,1,Regular
15397,290,1,94.0,0,At Risk
15398,16,2,1345.53,1,Regular
15399,1,3,815.77,1,Regular
15400,92,8,1302.3,1,Regular
15401,452,2,216.95,0,At Risk
15402,149,6,1830.54,1,Regular
15403,492,2,170.88,0,At Risk
15404,376,1,257.06,0,At Risk
15405,189,2,659.84,1,Regular
15406,31,4,975.87,1,Regular
15407,34,4,1056.44,1,Regular
15408,264,1,267.18,0,At Risk
15409,721,1,131.25,0,At Risk
15410,84,10,4685.72,1,Regular
15411,26,4,1358.88,1,Regular
15412,171,1,190.53,1,Regular
15413,692,5,6798.72,0,At Risk
15414,10,3,774.9000000000001,1,Regular
15415,313,1,572.8100000000001,0,At Risk
15416,65,7,4572.82,1,Regular
15417,85,1,508.8,1,Regular
15418,425,2,452.32,0,At Risk
15419,25,1,135.86,1,Regular
15420,434,6,743.0,0,At Risk
15421,59,10,3805.34,1,Regular
15422,323,7,1619.97,0,At Risk
15423,38,3,266.89,1,Regular
15424,254,3,597.78,1,Regular
15425,400,4,1944.57,0,At Risk
15426,19,9,2615.39,1,Regular
15427,33,3,1483.14,1,Regular
15428,15,4,762.75,1,Regular
15429,27,2,397.35,1,Regular
15430,468,2,954.75,0,At Risk
15431,503,1,153.24,0,At Risk
15432,23,2,320.76,1,Regular
15433,214,2,533.3,1,Regular
15434,8,11,2567.06,1,Regular
15435,22,1,149.29,1,Regular
15436,12,3,1122.53,1,Regular
15437,262,2,393.45,0,At Risk
15438,131,1,156.57999999999998,1,Regular
15439,405,4,1269.05,0,At Risk
15440,55,3,383.68,1,Regular
15441,396,3,1254.21,0,At Risk
15442,249,1,594.0,1,Regular
15443,2,14,5175.93,1,Regular
15444,9,2,1418.26,1,Regular
15445,264,2,284.5,0,At Risk
15446,377,3,406.95,0,At Risk
15447,331,5,492.88,0,At Risk
15448,313,2,788.8100000000001,0,At Risk
15449,26,3,974.52,1,Regular
15450,30,1,429.84,1,Regular
15451,434,2,233.21,0,At Risk
15452,30,6,1799.1100000000001,1,Regular
15453,2,7,1388.37,1,Regular
15454,362,2,307.69,0,At Risk
15455,598,1,38.25,0,At Risk
15456,283,10,2119.27,0,At Risk
15457,262,1,237.07,0,At Risk
15458,25,2,370.44,1,Regular
15459,417,2,202.83,0,At Risk
15460,354,1,216.76,0,At Risk
15461,461,2,429.7,0,At Risk
15462,94,4,737.05,1,Regular
15463,29,1,126.14,1,Regular
15464,338,1,1048.85,0,At Risk
15465,20,32,12655.65,1,Regular
15466,85,4,1571.01,1,Regular
15467,9,3,524.88,1,Regular
15468,51,3,1430.48,1,Regular
15469,50,3,874.25,1,Regular
15470,576,1,63.419999999999995,0,At Risk
15471,2,3,1316.56,1,Regular
15472,113,1,371.56,1,Regular
15473,14,8,2046.0,1,Regular
15474,596,1,163.1,0,At Risk
15475,77,1,454.11,1,Regular
15476,380,4,2209.98,0,At Risk
15477,650,1,368.4,0,At Risk
15478,40,3,2024.98,1,Regular
15479,733,1,147.4,0,At Risk
15480,116,5,6279.0,1,Regular
15481,401,1,1993.34,0,At Risk
15482,16,19,14592.56,1,Regular
15483,161,10,862.2,1,Regular
15484,1,6,4656.0,1,Regular
15485,30,7,5771.51,1,Regular
15486,527,1,102.0,0,At Risk
15487,680,1,231.32,0,At Risk
15488,93,5,431.92,1,Regular
15489,23,8,2419.61,1,Regular
15490,430,1,217.6,0,At Risk
15491,95,6,3100.09,1,Regular
15492,28,2,659.46,1,Regular
15493,33,9,4314.9800000000005,1,Regular
15494,21,5,3780.05,1,Regular
15495,379,1,246.5,0,At Risk
15496,631,1,146.14,0,At Risk
15497,18,9,8657.39,1,Regular
15498,3,44,26039.58,1,Regular
15499,724,1,161.6,0,At Risk
15500,8,4,1131.56,1,Regular
15501,405,2,402.5,0,At Risk
15502,16,14,13993.47,1,Regular
15503,363,2,267.15,0,At Risk
15504,81,4,423.85,1,Regular
15505,53,5,3610.96,1,Regular
15506,23,6,2040.03,1,Regular
15507,172,1,492.36,1,Regular
15508,189,6,1000.27,1,Regular
15509,380,1,166.51,0,At Risk
15510,331,1,250.0,0,At Risk
15511,12,5,909.23,1,Regular
15512,156,4,331.58,1,Regular
15513,33,35,27750.55,1,Regular
15514,12,18,6598.55,1,Regular
15515,387,1,171.81,0,At Risk
15516,45,3,62.43,1,Regular
15517,233,1,267.03,1,Regular
15518,64,15,4218.94,1,Regular
15519,383,2,344.61,0,At Risk
15520,2,1,343.5,1,Regular
15521,40,16,7106.69,1,Regular
15522,33,2,398.84,1,Regular
15523,84,16,17359.99,1,Regular
15524,25,2,591.4,1,Regular
15525,2,4,1295.7,1,Regular
15526,33,2,148.44,1,Regular
15527,19,23,5575.64,1,Regular
15528,254,1,229.33,0,At Risk
15529,23,12,5111.95,1,Regular
15530,22,5,1813.72,1,Regular
15531,8,2,2007.44,1,Regular
15532,25,10,3771.9,1,Regular
15533,19,3,807.57,1,Regular
15534,726,1,162.25,0,At Risk
15535,173,6,1087.82,1,Regular
15536,409,1,259.09,0,At Risk
15537,163,1,110.92,1,Regular
15538,538,6,3358.4,0,At Risk
15539,7,1,538.46,1,Regular
15540,11,2,460.68,1,Regular
15541,114,1,85.13000000000001,1,Regular
15542,512,3,918.45,0,At Risk
15543,288,2,242.84,0,At Risk
15544,9,20,8162.43,1,Regular
15545,54,2,428.05,1,Regular
15546,607,2,1079.1000000000001,0,At Risk
15547,7,26,10154.39,1,Regular
15548,596,1,158.09,0,At Risk
15549,77,8,2345.96,1,Regular
15550,4,12,2218.8,1,Regular
15551,37,7,1710.08,1,Regular
15552,217,2,252.52,1,Regular
15553,60,1,437.23,1,Regular
15554,278,1,217.2,0,At Risk
15555,12,36,12112.35,1,Regular
15556,24,1,279.77,1,Regular
15557,29,1,473.65000000000003,1,Regular
15558,639,1,214.13,0,At Risk
15559,568,1,1109.4,0,At Risk
15560,398,2,153.52,0,At Risk
15561,12,8,1934.3899999999999,1,Regular
15562,352,3,673.3800000000001,0,At Risk
15563,22,7,2867.0,1,Regular
15564,463,2,70.74000000000001,0,At Risk
15565,50,2,173.16000000000003,1,Regular
15566,393,2,227.87,0,At Risk
15567,19,1,186.01,1,Regular
15568,3,3,758.29,1,Regular
15569,104,10,3586.35,1,Regular
15570,7,25,9311.04,1,Regular
15571,12,14,4051.63,1,Regular
15572,5,10,4068.67,1,Regular
15573,32,5,1207.18,1,Regular
15574,178,6,1518.7,1,Regular
15575,620,1,30.1,0,At Risk
15576,38,1,940.67,1,Regular
15577,151,5,397.98,1,Regular
15578,162,1,127.1,1,Regular
15579,69,5,1302.5,1,Regular
15580,377,8,1381.19,0,At Risk
15581,121,38,7794.59,1,Regular
15582,25,3,682.9100000000001,1,Regular
15583,376,1,107.86,0,At Risk
15584,24,6,1277.5,1,Regular
15585,177,1,455.3,1,Regular
15586,593,3,1139.1000000000001,0,At Risk
15587,50,7,1522.08,1,Regular
15588,678,1,579.6,0,At Risk
15589,256,3,478.53,1,Regular
15590,382,5,1496.6,0,At Risk
15591,583,3,217.9,0,At Risk
15592,47,1,388.58,1,Regular
15593,71,1,199.8,1,Regular
15594,16,5,1771.78,1,Regular
15595,488,1,357.59999999999997,0,At Risk
15596,101,9,3130.04,1,Regular
15597,35,2,563.37,1,Regular
15598,53,2,548.02,1,Regular
15599,27,3,1250.06,1,Regular
15600,428,4,1199.31,0,At Risk
15601,11,30,14960.12,1,Regular
15602,8,16,3230.51,1,Regular
15603,79,2,88.48,1,Regular
15604,52,1,216.39000000000001,1,Regular
15605,36,9,1936.8,1,Regular
15606,61,17,5230.99,1,Regular
15607,337,9,1708.97,0,At Risk
15608,28,5,1785.98,1,Regular
15609,184,1,298.48,1,Regular
15610,52,1,112.46000000000001,1,Regular
15611,10,26,2997.28,1,Regular
15612,36,2,195.15,1,Regular
15613,610,1,433.71999999999997,0,At Risk
15614,438,4,3147.36,0,At Risk
15615,10,47,21373.97,1,Regular
15616,438,1,317.11,0,At Risk
15617,396,3,828.5500000000001,0,At Risk
15618,33,4,776.851,1,Regular
15619,11,1,336.4,1,Regular
15620,57,4,1942.36,1,Regular
15621,4,4,1293.03,1,Regular
15622,43,17,7852.610000000001,1,Regular
15623,141,8,2437.05,1,Regular
15624,117,4,588.13,1,Regular
15625,104,9,3236.4,1,Regular
15626,75,3,1067.52,1,Regular
15627,457,2,566.9,0,At Risk
15628,5,17,5652.26,1,Regular
15629,450,4,2240.9,0,At Risk
15630,45,3,1481.4,1,Regular
15631,642,1,596.67,0,At Risk
15632,16,8,3285.31,1,Regular
15633,509,13,4352.46,0,At Risk
15634,17,2,554.65,1,Regular
15635,396,1,100.35,0,At Risk
15636,90,4,1444.58,1,Regular
15637,53,5,797.59,1,Regular
15638,379,6,2265.2,0,At Risk
15639,134,3,1065.08,1,Regular
15640,4,29,23957.58,1,Regular
15641,105,12,5345.55,1,Regular
15642,730,1,105.78,0,At Risk
15643,192,3,664.0,1,Regular
15644,166,4,813.0,1,Regular
15645,19,3,1055.17,1,Regular
15646,158,5,974.61,1,Regular
15647,415,1,169.0,0,At Risk
15648,204,2,657.35,1,Regular
15649,336,4,2170.35,0,At Risk
15650,522,2,553.88,0,At Risk
15651,37,5,1259.06,1,Regular
15652,91,5,1420.34,1,Regular
15653,93,2,877.44,1,Regular
15654,9,2,922.53,1,Regular
15655,243,1,560.6700000000001,1,Regular
15656,45,4,748.5,1,Regular
15657,23,1,30.0,1,Regular
15658,190,8,2423.4700000000003,1,Regular
15659,44,3,532.49,1,Regular
15660,25,15,2812.9900000000002,1,Regular
15661,317,8,1215.95,0,At Risk
15662,661,2,283.73,0,At Risk
15663,106,1,138.14,1,Regular
15664,51,4,1254.03,1,Regular
15665,168,5,4015.12,1,Regular
15666,472,2,632.94,0,At Risk
15667,40,1,301.32000000000005,1,Regular
15668,218,1,76.32000000000001,1,Regular
15669,40,4,684.34,1,Regular
15670,297,2,325.2,0,At Risk
15671,19,7,2657.13,1,Regular
15672,725,1,45.300000000000004,0,At Risk
15673,88,9,6414.79,1,Regular
15674,73,13,6948.2300000000005,1,Regular
15675,81,4,542.04,1,Regular
15676,19,3,3435.76,1,Regular
15677,49,3,1305.6299999999999,1,Regular
15678,53,3,1893.89,1,Regular
15679,24,4,781.28,1,Regular
15680,9,10,4507.58,1,Regular
15681,25,14,2989.7000000000003,1,Regular
15682,599,2,318.24,0,At Risk
15683,117,2,524.54,1,Regular
15684,547,3,173.95,0,At Risk
15685,450,1,55.980000000000004,0,At Risk
15686,420,1,90.0,0,At Risk
15687,9,9,2993.1,1,Regular
15688,419,1,190.57,0,At Risk
15689,120,3,521.03,1,Regular
15690,4,2,239.76,1,Regular
15691,252,4,571.3,1,Regular
15692,28,1,191.04,1,Regular
15693,659,1,37.5,0,At Risk
15694,1,24,10810.81,1,Regular
15695,267,4,1131.04,0,At Risk
15696,33,13,3906.57,1,Regular
15697,690,1,246.75,0,At Risk
15698,624,1,46.2,0,At Risk
15699,18,1,309.65,1,Regular
15700,172,2,696.68,1,Regular
15701,2,4,1542.14,1,Regular
15702,476,2,140.39,0,At Risk
15703,265,1,211.5,0,At Risk
15704,140,6,3817.96,1,Regular
15705,201,1,143.1,1,Regular
15706,64,4,1060.56,1,Regular
15707,35,4,945.58,1,Regular
15708,41,9,4378.72,1,Regular
15709,284,2,327.85,0,At Risk
15710,417,1,898.87,0,At Risk
15711,557,2,420.25,0,At Risk
15712,9,12,3472.41,1,Regular
15713,143,4,1010.79,1,Regular
15714,12,5,784.8100000000001,1,Regular
15715,556,5,658.02,0,At Risk
15716,146,11,3056.81,1,Regular
15717,234,5,607.0,1,Regular
15718,540,1,293.79,0,At Risk
15719,33,31,10223.06,1,Regular
15720,24,2,741.92,1,Regular
15721,12,1,507.08000000000004,1,Regular
15722,36,11,5258.1,1,Regular
15723,365,4,947.65,0,At Risk
15724,201,3,310.85,1,Regular
15725,15,1,415.25,1,Regular
15726,390,1,321.91,0,At Risk
15727,17,15,9445.51,1,Regular
15728,380,2,544.6,0,At Risk
15729,213,3,192.55,1,Regular
15730,66,5,1726.58,1,Regular
15731,554,1,125.3,0,At Risk
15732,212,10,1682.07,1,Regular
15733,283,1,162.3,0,At Risk
15734,115,4,2263.3,1,Regular
15735,421,1,327.68,0,At Risk
15736,435,2,1815.72,0,At Risk
15737,15,8,1205.1200000000001,1,Regular
15738,19,41,13372.97,1,Regular
15739,66,1,449.12,1,Regular
15740,49,1,154.88,1,Regular
15741,458,2,208.62,0,At Risk
15742,619,1,156.87,0,At Risk
15743,16,4,784.46,1,Regular
15744,78,1,34.8,1,Regular
15745,19,4,1094.5900000000001,1,Regular
15746,134,1,196.88,1,Regular
15747,13,9,2562.61,1,Regular
15748,40,3,614.76,1,Regular
15749,235,3,44534.3,1,Regular
15750,3,18,6797.191,1,Regular
15751,461,11,1380.44,0,At Risk
15752,40,9,4207.54,1,Regular
15753,305,1,79.2,0,At Risk
15754,51,9,3037.61,1,Regular
15755,10,17,5993.12,1,Regular
15756,61,4,532.96,1,Regular
15757,66,6,2940.36,1,Regular
15758,25,1,205.25,1,Regular
15759,218,7,830.9300000000001,1,Regular
15760,631,2,13916.34,0,At Risk
15761,443,1,143.05,0,At Risk
15762,65,2,583.75,1,Regular
15763,32,2,1086.92,1,Regular
15764,88,8,4503.08,1,Regular
15765,667,1,370.63,0,At Risk
15766,64,3,831.0600000000001,1,Regular
15768,116,34,15601.09,1,Regular
15769,7,46,88704.32,2,VIP
15770,613,1,321.45,0,At Risk
15771,604,3,1006.54,0,At Risk
15772,418,1,280.88,0,At Risk
15773,6,2,774.52,1,Regular
15774,69,6,1329.94,1,Regular
15775,245,2,150.5,1,Regular
15776,133,1,241.62,1,Regular
15777,241,7,1762.6100000000001,1,Regular
15778,431,1,307.95000000000005,0,At Risk
15779,463,2,124.08000000000001,0,At Risk
15780,184,3,475.28000000000003,1,Regular
15781,25,3,345.46000000000004,1,Regular
15782,10,4,4014.1,1,Regular
15783,11,1,246.3,1,Regular
15784,468,2,848.33,0,At Risk
15785,33,16,5969.93,1,Regular
15786,46,5,8514.82,1,Regular
15787,26,3,948.05,1,Regular
15788,509,1,221.83,0,At Risk
15789,358,6,1962.01,0,At Risk
15790,10,1,220.85,1,Regular
15791,44,5,3608.34,1,Regular
15792,400,2,933.84,0,At Risk
15793,15,8,2399.57,1,Regular
15794,736,2,777.0,0,At Risk
15795,150,8,1979.8700000000001,1,Regular
15796,1,17,5175.83,1,Regular
15797,113,6,2821.08,1,Regular
15798,493,3,1535.37,0,At Risk
15799,76,4,1424.29,1,Regular
15800,107,7,1242.58,1,Regular
15801,46,3,1063.95,1,Regular
15802,143,1,451.42,1,Regular
15803,51,4,1929.66,1,Regular
15804,1,13,4206.39,1,Regular
15805,23,30,10189.23,1,Regular
15806,46,3,784.58,1,Regular
15807,50,5,1817.52,1,Regular
15808,306,21,18409.93,1,Regular
15809,36,7,1274.44,1,Regular
15810,79,8,2999.04,1,Regular
15811,22,7,3890.52,1,Regular
15812,107,12,5201.47,1,Regular
15813,208,2,1303.9099999999999,1,Regular
15814,17,6,2634.44,1,Regular
15815,64,5,2100.6,1,Regular
15816,542,2,144.15,0,At Risk
15817,421,3,2766.4,0,At Risk
15818,588,1,340.5,0,At Risk
15819,49,10,3934.79,1,Regular
15820,320,1,206.98,0,At Risk
15821,44,2,570.96,1,Regular
15822,3,6,1840.06,1,Regular
15823,372,3,3897.17,0,At Risk
15824,453,2,890.94,0,At Risk
15825,172,1,532.94,1,Regular
15826,56,4,2598.28,1,Regular
15827,73,28,3794.07,1,Regular
15828,375,1,1108.82,0,At Risk
15829,99,2,636.14,1,Regular
15830,38,1,576.0,1,Regular
15831,58,3,801.76,1,Regular
15832,254,1,836.79,0,At Risk
15833,738,1,80.4,0,At Risk
15834,70,7,3772.99,1,Regular
15835,44,4,954.09,1,Regular
15836,50,1,137.37,1,Regular
15837,65,2,777.01,1,Regular
15838,11,34,74163.0,1,Regular
15839,33,3,1048.49,1,Regular
15840,59,2,355.56,1,Regular
15841,73,9,2742.41,1,Regular
15842,393,2,548.8000000000001,0,At Risk
15843,304,1,118.95,0,At Risk
15844,46,1,130.73999999999998,1,Regular
15845,18,11,4426.28,1,Regular
15846,385,1,107.01,0,At Risk
15847,38,5,822.57,1,Regular
15848,622,1,139.94,0,At Risk
15850,19,6,1058.72,1,Regular
15851,527,1,109.73,0,At Risk
15852,187,3,257.26,1,Regular
15853,52,1,110.8,1,Regular
15854,4,21,5583.81,1,Regular
15855,137,6,1052.72,1,Regular
15856,4,52,34220.340000000004,1,Regular
15857,19,2,570.48,1,Regular
15858,16,13,3960.37,1,Regular
15859,432,1,438.46,0,At Risk
15860,41,17,2505.21,1,Regular
15861,12,12,4401.79,1,Regular
15862,8,13,2928.29,1,Regular
15863,26,5,358.7,1,Regular
15864,22,7,2180.76,1,Regular
15865,41,5,2248.92,1,Regular
15866,101,1,230.53,1,Regular
15867,5,31,9063.95,1,Regular
15868,583,1,94.53,0,At Risk
15869,277,3,323.65999999999997,0,At Risk
15870,33,4,862.61,1,Regular
15871,437,1,33.099999999999994,0,At Risk
15872,15,4,795.68,1,Regular
15873,500,4,313.91999999999996,0,At Risk
15874,64,21,11284.76,1,Regular
15875,646,1,111.72,0,At Risk
15876,409,2,1449.14,0,At Risk
15877,2,2,493.28,1,Regular
15878,562,2,330.77,0,At Risk
15879,404,4,1157.3,0,At Risk
15880,369,1,686.56,0,At Risk
15881,312,5,501.39,0,At Risk
15882,199,8,1495.98,1,Regular
15883,2,2,396.48,1,Regular
15884,432,2,249.70000000000002,0,At Risk
15885,93,15,1951.82,1,Regular
15886,60,4,1052.8700000000001,1,Regular
15887,407,3,1027.15,0,At Risk
15888,81,3,429.16,1,Regular
15889,157,8,1806.28,1,Regular
15890,395,5,535.65,0,At Risk
15891,227,1,524.52,1,Regular
15892,669,1,128.2,0,At Risk
15893,482,1,305.28000000000003,0,At Risk
15894,253,2,420.29,1,Regular
15895,150,1,179.17,1,Regular
15897,194,2,222.05,1,Regular
15898,1,25,5596.31,1,Regular
15899,369,1,112.5,0,At Risk
15900,24,4,900.4,1,Regular
15901,17,7,703.22,1,Regular
15902,380,1,145.01,0,At Risk
15903,10,12,8939.84,1,Regular
15904,8,1,164.68,1,Regular
15905,543,1,114.69,0,At Risk
15906,20,10,2555.64,1,Regular
15907,4,3,967.45,1,Regular
15908,491,2,764.57,0,At Risk
15909,174,1,191.94,1,Regular
15910,1,15,2681.8,1,Regular
15911,624,8,1702.34,0,At Risk
15912,178,9,1074.7,1,Regular
15913,534,1,6.300000000000001,0,At Risk
15914,378,2,205.99,0,At Risk
15915,402,1,429.21,0,At Risk
15916,16,13,3427.17,1,Regular
15917,248,5,560.63,1,Regular
15918,191,3,582.88,1,Regular
15919,20,2,910.61,1,Regular
15920,154,9,571.64,1,Regular
15921,173,4,802.11,1,Regular
15922,373,1,739.0,0,At Risk
15923,373,1,254.16,0,At Risk
15924,731,1,102.82,0,At Risk
15925,194,1,207.15,1,Regular
15926,542,1,134.44,0,At Risk
15927,647,1,123.39000000000001,0,At Risk
15928,656,1,293.53,0,At Risk
15929,644,1,594.0,0,At Risk
15930,67,1,426.63,1,Regular
15931,428,1,239.9,0,At Risk
15932,4,8,2495.87,1,Regular
15933,21,3,1107.46,1,Regular
15934,418,2,2190.66,0,At Risk
15935,239,2,416.86,1,Regular
15936,379,2,282.79,0,At Risk
15937,64,1,145.35000000000002,1,Regular
15938,112,9,734.8100000000001,1,Regular
15939,90,16,9060.39,1,Regular
15940,311,1,35.8,0,At Risk
15941,637,1,405.0,0,At Risk
15942,134,1,337.44,1,Regular
15943,650,2,271.28999999999996,0,At Risk
15944,277,4,2164.24,0,At Risk
15945,365,4,827.27,0,At Risk
15946,503,3,2304.18,0,At Risk
15947,83,1,1708.24,1,Regular
15948,8,3,1509.0900000000001,1,Regular
15949,17,2,364.72,1,Regular
15950,32,10,7180.71,1,Regular
15951,9,3,1013.1700000000001,1,Regular
15952,34,4,806.57,1,Regular
15953,15,18,3669.5499999999997,1,Regular
15954,589,1,190.75,0,At Risk
15955,24,22,8658.36,1,Regular
15956,551,2,617.6,0,At Risk
15957,32,3,930.1,1,Regular
15958,74,4,492.99,1,Regular
15959,682,3,579.49,0,At Risk
15960,374,4,410.95,0,At Risk
15961,379,1,451.28999999999996,0,At Risk
15962,449,1,295.83,0,At Risk
15963,20,2,470.76,1,Regular
15964,663,1,272.96000000000004,0,At Risk
15965,17,13,3013.09,1,Regular
15966,451,1,426.53,0,At Risk
15967,23,12,3041.6,1,Regular
15968,388,1,418.05,0,At Risk
15969,3,5,1127.05,1,Regular
15970,304,2,1017.3199999999999,0,At Risk
15971,18,18,5902.83,1,Regular
15972,456,5,1810.27,0,At Risk
15973,367,3,988.44,0,At Risk
15974,39,7,3442.15,1,Regular
15975,84,1,371.01,1,Regular
15976,165,6,1746.64,1,Regular
15977,17,2,1054.73,1,Regular
15978,77,3,3279.42,1,Regular
15979,603,1,329.21999999999997,0,At Risk
15980,89,7,6593.68,1,Regular
15981,25,21,9362.77,1,Regular
15982,605,1,324.51,0,At Risk
15983,22,8,3958.82,1,Regular
15984,3,30,8759.32,1,Regular
15985,123,7,2715.28,1,Regular
15986,30,2,354.42,1,Regular
15987,12,8,1682.13,1,Regular
15988,19,3,770.09,1,Regular
15989,376,2,372.51,0,At Risk
15990,44,7,2010.05,1,Regular
15991,534,1,150.55,0,At Risk
15992,4,3,896.6,1,Regular
15993,9,7,2797.57,1,Regular
15994,55,3,1202.18,1,Regular
15995,414,1,696.19,0,At Risk
15996,88,7,1686.9,1,Regular
15998,37,16,8308.34,1,Regular
15999,736,1,20.4,0,At Risk
16000,3,3,12393.7,1,Regular
16001,381,1,583.39,0,At Risk
16002,625,1,169.21,0,At Risk
16003,30,10,5613.83,1,Regular
16004,475,5,2146.39,0,At Risk
16005,12,10,2436.22,1,Regular
16006,211,2,347.17,1,Regular
16007,48,7,3075.14,1,Regular
16008,24,15,5384.13,1,Regular
16009,22,4,992.71,1,Regular
16010,246,11,1724.06,1,Regular
16011,8,29,5880.46,1,Regular
16012,35,5,2989.79,1,Regular
16013,4,84,57446.44,2,VIP
16014,38,5,1130.27,1,Regular
16015,4,3,705.39,1,Regular
16016,3,11,2533.94,1,Regular
16017,47,5,1553.83,1,Regular
16018,39,4,698.13,1,Regular
16019,47,27,17465.85,1,Regular
16020,17,3,851.01,1,Regular
16021,395,2,532.25,0,At Risk
16022,260,1,628.28,0,At Risk
16023,46,3,719.81,1,Regular
16024,12,3,484.2,1,Regular
16025,30,1,439.65999999999997,1,Regular
16026,43,1,236.09,1,Regular
16027,92,15,2048.36,1,Regular
16028,596,1,82.2,0,At Risk
16029,39,107,122209.14,2,VIP
16030,310,1,331.24,0,At Risk
16031,92,2,548.94,1,Regular
16032,456,6,1970.45,0,At Risk
16033,6,27,10836.13,1,Regular
16034,196,6,928.72,1,Regular
16035,560,1,217.73,0,At Risk
16036,87,4,2556.84,1,Regular
16037,270,5,1509.3400000000001,0,At Risk
16038,8,3,471.78,1,Regular
16039,424,2,456.4,0,At Risk
16040,65,7,2416.9,1,Regular
16041,31,3,3166.4,1,Regular
16042,22,8,2265.12,1,Regular
16043,38,8,1856.5900000000001,1,Regular
16044,435,1,340.84000000000003,0,At Risk
16045,120,8,3434.93,1,Regular
16046,562,1,235.78,0,At Risk
16047,682,1,107.14,0,At Risk
16048,373,4,1075.23,0,At Risk
16049,40,6,1899.68,1,Regular
16050,174,3,300.7,1,Regular
16051,682,1,188.44,0,At Risk
16052,54,1,362.06,1,Regular
16053,33,6,3634.84,1,Regular
16054,145,4,2111.88,1,Regular
16055,221,1,134.8,1,Regular
16056,45,1,664.85,1,Regular
16057,16,10,3854.85,1,Regular
16058,406,1,62.7,0,At Risk
16059,66,12,3217.77,1,Regular
16060,401,3,541.95,0,At Risk
16061,431,1,89.65,0,At Risk
16062,10,8,2863.45,1,Regular
16063,260,1,335.32,0,At Risk
16064,725,1,111.0,0,At Risk
16065,365,8,2382.62,0,At Risk
16066,17,5,1521.87,1,Regular
16067,563,3,3395.29,0,At Risk
16068,594,1,122.93,0,At Risk
16069,418,1,457.7,0,At Risk
16070,22,2,852.15,1,Regular
16071,45,4,1076.8,1,Regular
16072,288,4,4328.89,0,At Risk
16073,297,1,122.4,0,At Risk
16074,390,1,265.25,0,At Risk
16075,503,2,736.9300000000001,0,At Risk
16076,3,10,2234.73,1,Regular
16077,626,1,2300.4,0,At Risk
16078,284,2,362.99,0,At Risk
16079,17,3,1352.0,1,Regular
16080,82,4,602.5600000000001,1,Regular
16081,56,8,4460.18,1,Regular
16082,670,1,106.75,0,At Risk
16083,101,4,2351.42,1,Regular
16084,299,1,436.18,0,At Risk
16085,23,12,2343.53,1,Regular
16086,59,10,2864.9900000000002,1,Regular
16087,389,5,1739.92,0,At Risk
16088,576,2,1437.43,0,At Risk
16089,386,2,271.44,0,At Risk
16090,624,1,205.91,0,At Risk
16091,155,2,315.06,1,Regular
16092,115,6,1587.94,1,Regular
16093,107,1,17.0,1,Regular
16094,12,11,3695.56,1,Regular
16095,456,1,447.05,0,At Risk
16096,264,4,1584.97,0,At Risk
16097,240,1,185.04999999999998,1,Regular
16098,88,14,4448.1,1,Regular
16099,50,7,1573.2,1,Regular
16100,463,1,582.64,0,At Risk
16101,71,4,3229.16,1,Regular
16102,42,3,1842.14,1,Regular
16103,7,22,6191.71,1,Regular
16104,62,9,2778.61,1,Regular
16105,249,5,2386.19,1,Regular
16106,66,1,108.38,1,Regular
16107,18,7,3204.1600000000003,1,Regular
16108,85,4,2235.92,1,Regular
16109,219,3,939.48,1,Regular
16110,45,4,1819.27,1,Regular
16111,428,1,562.48,0,At Risk
16112,143,4,195.74,1,Regular
16113,183,1,161.38,1,Regular
16114,171,1,135.75000000000003,1,Regular
16115,10,12,2575.14,1,Regular
16116,212,1,612.78,1,Regular
16117,190,3,654.4,1,Regular
16118,653,1,4376.25,0,At Risk
16119,8,8,1720.81,1,Regular
16120,59,6,3056.91,1,Regular
16121,57,5,1477.09,1,Regular
16122,73,6,1001.34,1,Regular
16123,52,1,307.78000000000003,1,Regular
16124,317,4,1772.49,0,At Risk
16125,367,14,4587.65,0,At Risk
16126,29,15,14646.800000000001,1,Regular
16127,39,2,801.3100000000001,1,Regular
16128,18,11,3801.05,1,Regular
16129,407,3,1396.05,0,At Risk
16130,422,4,987.48,0,At Risk
16131,52,12,9957.42,1,Regular
16132,544,2,664.1999999999999,0,At Risk
16133,4,56,22992.26,1,Regular
16134,22,5,2145.34,1,Regular
16135,263,2,819.45,0,At Risk
16136,60,4,946.8000000000001,1,Regular
16137,680,1,422.7,0,At Risk
16138,379,3,910.35,0,At Risk
16139,19,5,1111.15,1,Regular
16140,66,3,1557.6000000000001,1,Regular
16141,88,2,955.94,1,Regular
16142,250,1,535.34,1,Regular
16143,3,12,4910.83,1,Regular
16144,247,1,175.2,1,Regular
16145,9,19,6805.4400000000005,1,Regular
16146,157,4,946.38,1,Regular
16147,134,5,2398.91,1,Regular
16148,296,2,386.62,0,At Risk
16149,5,3,422.21999999999997,1,Regular
16150,43,10,4395.59,1,Regular
16152,269,1,1829.04,0,At Risk
16153,50,11,5133.49,1,Regular
16155,382,5,796.9,0,At Risk
16156,9,20,6218.18,1,Regular
16157,16,3,656.69,1,Regular
16158,522,9,628.32,0,At Risk
16159,282,4,1232.79,0,At Risk
16160,65,2,1025.44,1,Regular
16161,2,43,12831.8,1,Regular
16162,252,1,37.4,0,At Risk
16163,232,6,2849.58,1,Regular
16164,17,3,822.48,1,Regular
16165,505,1,79.9,0,At Risk
16166,428,2,435.83,0,At Risk
16167,414,5,1386.12,0,At Risk
16168,11,66,10636.47,1,Regular
16169,8,4,1822.97,1,Regular
16170,51,20,6869.0,1,Regular
16171,59,1,73.19999999999999,1,Regular
16172,95,8,1884.55,1,Regular
16173,16,6,1418.32,1,Regular
16174,126,7,2246.75,1,Regular
16175,94,7,1836.44,1,Regular
16176,421,4,2052.69,0,At Risk
16177,50,8,2247.31,1,Regular
16178,138,2,612.6,1,Regular
16179,61,1,215.83,1,Regular
16180,100,13,16249.87,1,Regular
16181,73,1,305.54,1,Regular
16182,72,9,9971.65,1,Regular
16183,67,4,1077.81,1,Regular
16184,64,6,1158.79,1,Regular
16185,17,3,644.72,1,Regular
16186,23,26,9026.11,1,Regular
16187,32,15,6911.4400000000005,1,Regular
16188,45,5,1087.66,1,Regular
16189,16,2,215.48,1,Regular
16190,40,8,2723.55,1,Regular
16191,3,24,15688.02,1,Regular
16192,736,1,351.3,0,At Risk
16193,237,2,630.4300000000001,1,Regular
16194,375,1,308.6,0,At Risk
16195,723,1,323.25,0,At Risk
16196,489,1,93.3,0,At Risk
16197,469,9,2016.71,0,At Risk
16198,75,2,1030.0410000000002,1,Regular
16199,392,7,942.75,0,At Risk
16200,4,12,5643.45,1,Regular
16201,3,5,2112.12,1,Regular
16202,361,9,2501.9900000000002,0,At Risk
16203,59,6,1114.54,1,Regular
16204,23,3,944.24,1,Regular
16205,31,7,1830.61,1,Regular
16206,55,13,2602.32,1,Regular
16207,25,1,394.38,1,Regular
16208,45,10,3440.4500000000003,1,Regular
16209,89,9,4146.78,1,Regular
16210,2,35,38489.51,1,Regular
16211,89,3,1090.59,1,Regular
16212,19,4,1293.71,1,Regular
16213,79,1,159.0,1,Regular
16214,171,4,2038.25,1,Regular
16215,81,1,242.35,1,Regular
16216,267,1,914.9300000000001,0,At Risk
16217,235,2,304.25,1,Regular
16218,30,13,4439.97,1,Regular
16219,501,1,40.8,0,At Risk
16221,37,9,2235.5099999999998,1,Regular
16222,318,2,1345.22,0,At Risk
16223,375,2,1102.3500000000001,0,At Risk
16224,57,5,1616.54,1,Regular
16225,45,15,2867.41,1,Regular
16226,203,5,672.17,1,Regular
16227,225,3,1027.22,1,Regular
16228,385,3,890.81,0,At Risk
16229,87,6,2867.86,1,Regular
16230,190,2,542.03,1,Regular
16231,379,4,1078.22,0,At Risk
16232,44,7,2712.97,1,Regular
16233,71,9,1965.71,1,Regular
16234,476,3,333.18,0,At Risk
16235,41,9,2053.71,1,Regular
16236,78,1,432.2,1,Regular
16237,437,1,136.65,0,At Risk
16238,423,1,63.66,0,At Risk
16239,57,6,1492.2,1,Regular
16240,24,2,3718.8,1,Regular
16241,10,16,4329.31,1,Regular
16242,8,14,7474.400000000001,1,Regular
16243,34,2,409.1,1,Regular
16244,212,2,2579.38,1,Regular
16245,24,3,1413.66,1,Regular
16246,460,2,827.25,0,At Risk
16247,170,1,114.56,1,Regular
16248,62,1,152.94,1,Regular
16249,53,5,1800.07,1,Regular
16250,261,3,791.38,0,At Risk
16251,512,1,128.31,0,At Risk
16252,383,1,295.09000000000003,0,At Risk
16253,67,7,7310.15,1,Regular
16254,378,3,985.14,0,At Risk
16255,17,15,4906.8,1,Regular
16256,267,3,1629.37,0,At Risk
16257,177,1,46.95,1,Regular
16258,45,15,11942.52,1,Regular
16259,410,3,361.94,0,At Risk
16260,51,1,1035.45,1,Regular
16261,17,6,1059.45,1,Regular
16262,378,1,755.15,0,At Risk
16263,423,1,351.01,0,At Risk
16264,438,2,837.53,0,At Risk
16265,9,12,6935.17,1,Regular
16266,74,14,1757.95,1,Regular
16267,591,1,186.66,0,At Risk
16268,71,2,667.65,1,Regular
16269,438,1,717.57,0,At Risk
16270,353,1,1141.24,0,At Risk
16271,3,10,3463.02,1,Regular
16272,117,1,411.7,1,Regular
16273,648,2,336.03999999999996,0,At Risk
16274,373,1,715.9,0,At Risk
16275,197,3,2151.11,1,Regular
16276,177,3,2629.3900000000003,1,Regular
16277,734,1,188.69,0,At Risk
16278,100,3,1117.84,1,Regular
16279,21,9,5705.08,1,Regular
16280,725,1,238.05,0,At Risk
16281,72,3,3424.02,1,Regular
16282,340,3,1307.5800000000002,0,At Risk
16283,6,8,4403.82,1,Regular
16284,31,3,1029.77,1,Regular
16285,646,1,176.9,0,At Risk
16286,477,2,328.95,0,At Risk
16287,170,5,1006.98,1,Regular
16288,470,1,129.85,0,At Risk
16289,462,1,136.31,0,At Risk
16290,465,4,2069.3,0,At Risk
16291,682,1,117.72,0,At Risk
16292,122,5,1253.76,1,Regular
16293,22,15,4657.95,1,Regular
16294,477,1,126.05000000000001,0,At Risk
16295,10,4,1328.55,1,Regular
16296,626,4,1313.67,0,At Risk
16297,269,1,301.9,0,At Risk
16298,23,7,1085.7,1,Regular
16299,477,1,193.65,0,At Risk
16300,430,3,1392.43,0,At Risk
16301,737,1,107.33,0,At Risk
16302,127,1,233.22,1,Regular
16303,26,7,7928.27,1,Regular
16304,695,1,381.66,0,At Risk
16305,139,1,361.22,1,Regular
16306,214,7,1192.82,1,Regular
16307,429,3,1194.92,0,At Risk
16308,38,7,5120.0,1,Regular
16309,106,2,706.57,1,Regular
16310,414,2,460.08,0,At Risk
16311,18,2,616.26,1,Regular
16312,432,1,171.15,0,At Risk
16313,3,2,274.15000000000003,1,Regular
16314,390,3,1491.4,0,At Risk
16315,331,2,402.71,0,At Risk
16316,64,13,5744.91,1,Regular
16317,120,5,2192.51,1,Regular
16318,35,1,328.15000000000003,1,Regular
16319,218,1,404.40000000000003,1,Regular
16320,172,6,5628.99,1,Regular
16321,72,7,604.5500000000001,1,Regular
16322,1,2,326.75,1,Regular
16323,196,2,353.66,1,Regular
16324,128,3,428.68,1,Regular
16325,47,12,3597.5,1,Regular
16326,6,24,4826.99,1,Regular
16327,14,16,10731.34,1,Regular
16328,563,1,310.83,0,At Risk
16329,428,4,1703.07,0,At Risk
16330,18,7,634.33,1,Regular
16331,432,6,2037.7,0,At Risk
16332,28,11,2010.41,1,Regular
16333,8,22,26626.8,1,Regular
16334,492,1,277.48,0,At Risk
16335,552,7,2774.0,0,At Risk
16336,421,4,3517.69,0,At Risk
16337,37,1,151.05,1,Regular
16338,157,1,214.8,1,Regular
16339,284,1,109.95,0,At Risk
16340,107,3,1526.06,1,Regular
16341,25,7,3850.79,1,Regular
16342,75,4,322.41,1,Regular
16343,16,3,687.0699999999999,1,Regular
16344,158,4,842.42,1,Regular
16345,44,2,1198.74,1,Regular
16346,385,1,224.51,0,At Risk
16347,11,11,3509.41,1,Regular
16348,32,8,1798.22,1,Regular
16349,291,1,53.5,0,At Risk
16350,21,9,2253.89,1,Regular
16351,333,13,3330.03,0,At Risk
16352,18,2,494.44,1,Regular
16353,4,38,9999.460000000001,1,Regular
16354,63,5,1129.51,1,Regular
16355,375,1,416.35,0,At Risk
16356,198,6,415.87,1,Regular
16357,33,4,868.37,1,Regular
16358,1,5,2919.65,1,Regular
16359,7,16,2697.75,1,Regular
16360,5,6,3512.53,1,Regular
16361,10,4,896.66,1,Regular
16362,32,6,946.94,1,Regular
16363,53,1,109.36000000000001,1,Regular
16364,12,2,707.04,1,Regular
16365,18,15,3307.2,1,Regular
16366,19,4,1548.13,1,Regular
16367,37,3,1362.4,1,Regular
16368,2,3,640.21,1,Regular
16369,18,7,2664.81,1,Regular
16370,82,4,1320.56,1,Regular
16371,449,1,157.2,0,At Risk
16372,33,5,1328.61,1,Regular
16373,382,2,309.49,0,At Risk
16374,66,5,1771.45,1,Regular
16375,470,2,104.0,0,At Risk
16376,9,2,987.01,1,Regular
16377,267,2,1308.48,0,At Risk
16378,247,3,362.95,1,Regular
16379,4,4,2157.4,1,Regular
16380,61,1,1780.59,1,Regular
16381,396,2,258.7,0,At Risk
16382,408,2,353.1,0,At Risk
16383,75,7,2974.84,1,Regular
16384,90,4,1358.95,1,Regular
16385,60,5,1030.61,1,Regular
16386,29,3,1102.59,1,Regular
16387,323,5,918.55,0,At Risk
16388,654,1,186.05,0,At Risk
16389,53,4,1382.0700000000002,1,Regular
16390,537,3,467.5,0,At Risk
16391,401,4,1103.61,0,At Risk
16392,270,3,763.05,0,At Risk
16393,2,23,5561.66,1,Regular
16394,57,5,1555.34,1,Regular
16395,61,14,3537.85,1,Regular
16396,476,1,137.8,0,At Risk
16397,628,1,127.88,0,At Risk
16398,154,2,1705.8,1,Regular
16399,19,3,641.82,1,Regular
16400,95,9,3159.44,1,Regular
16401,1,23,6849.15,1,Regular
16402,265,2,511.4,0,At Risk
16403,312,1,177.5,0,At Risk
16404,70,1,443.05,1,Regular
16405,302,2,167.25,0,At Risk
16406,19,3,552.68,1,Regular
16407,13,14,2821.65,1,Regular
16408,591,1,231.93,0,At Risk
16409,36,12,5709.04,1,Regular
16410,734,1,130.32,0,At Risk
16411,19,4,910.1899999999999,1,Regular
16412,54,5,647.23,1,Regular
16413,57,2,528.98,1,Regular
16414,22,5,559.71,1,Regular
16415,44,3,719.44,1,Regular
16416,27,9,2972.88,1,Regular
16417,493,1,35.7,0,At Risk
16418,45,5,1101.94,1,Regular
16419,113,8,1487.42,1,Regular
16420,396,1,75.0,0,At Risk
16421,376,3,526.27,0,At Risk
16422,17,109,63651.47,2,VIP
16423,25,1,346.12,1,Regular
16424,191,2,443.06,1,Regular
16425,302,1,302.7,0,At Risk
16426,2,10,1908.25,1,Regular
16427,263,2,241.06,0,At Risk
16428,414,3,660.28,0,At Risk
16429,106,1,284.55,1,Regular
16430,57,7,1117.94,1,Regular
16431,213,3,642.81,1,Regular
16432,64,1,287.40000000000003,1,Regular
16433,28,2,384.52,1,Regular
16434,29,12,2741.74,1,Regular
16435,512,3,1011.5699999999999,0,At Risk
16436,668,3,329.34,0,At Risk
16437,381,2,301.25,0,At Risk
16438,6,5,798.35,1,Regular
16439,722,1,310.70000000000005,0,At Risk
16440,8,6,3856.97,1,Regular
16441,67,5,1034.43,1,Regular
16442,2,5,899.47,1,Regular
16443,521,1,162.24,0,At Risk
16444,46,17,3656.58,1,Regular
16445,34,4,602.73,1,Regular
16446,1,2,168472.5,2,VIP
16447,136,3,775.14,1,Regular
16448,198,2,367.87,1,Regular
16449,198,2,707.69,1,Regular
16450,150,3,1505.73,1,Regular
16451,88,3,1013.15,1,Regular
16452,631,2,332.17,0,At Risk
16453,531,2,251.71,0,At Risk
16454,45,4,30.950000000000003,1,Regular
16455,64,11,4384.37,1,Regular
16456,99,13,6862.91,1,Regular
16457,218,1,208.36,1,Regular
16458,3,30,5715.34,1,Regular
16459,730,1,71.78999999999999,0,At Risk
16460,28,3,814.72,1,Regular
16461,178,3,1615.22,1,Regular
16462,74,3,136.0,1,Regular
16463,21,4,1422.4,1,Regular
16464,20,3,1314.68,1,Regular
16465,421,2,746.24,0,At Risk
16466,34,15,3838.59,1,Regular
16467,509,7,2869.16,0,At Risk
16468,74,3,787.52,1,Regular
16469,24,5,828.91,1,Regular
16470,52,11,2458.6,1,Regular
16471,275,4,1189.98,0,At Risk
16472,434,2,789.6,0,At Risk
16473,165,4,470.83,1,Regular
16474,7,7,1871.5,1,Regular
16475,88,4,544.3,1,Regular
16476,432,1,350.35,0,At Risk
16477,64,11,4320.02,1,Regular
16478,25,3,331.0,1,Regular
16479,10,2,300.83,1,Regular
16480,76,1,769.29,1,Regular
16481,682,1,453.38,0,At Risk
16482,16,1,220.62,1,Regular
16483,192,1,139.35,1,Regular
16484,174,2,404.3,1,Regular
16485,77,5,2294.68,1,Regular
16486,538,1,134.36,0,At Risk
16487,577,2,209.4,0,At Risk
16488,33,3,498.8,1,Regular
16489,380,2,303.7,0,At Risk
16490,436,1,205.41000000000003,0,At Risk
16491,47,2,1533.16,1,Regular
16492,541,1,385.56,0,At Risk
16493,80,7,2132.09,1,Regular
16494,297,1,826.53,0,At Risk
16495,3,3,684.41,1,Regular
16496,9,6,2330.77,1,Regular
16497,50,23,6695.28,1,Regular
16498,161,2,100.97,1,Regular
16499,360,8,2578.34,0,At Risk
16500,5,9,843.9100000000001,1,Regular
16501,383,1,1237.23,0,At Risk
16502,620,2,266.5,0,At Risk
16503,107,11,3614.34,1,Regular
16504,25,1,484.38,1,Regular
16505,32,1,777.6,1,Regular
16506,20,2,90.30000000000001,1,Regular
16507,572,1,152.76,0,At Risk
16508,630,1,248.8,0,At Risk
16509,297,1,363.70000000000005,0,At Risk
16510,372,6,2100.0,0,At Risk
16511,22,6,1819.02,1,Regular
16513,5,4,874.59,1,Regular
16515,52,10,3216.3,1,Regular
16516,30,1,101.69999999999999,1,Regular
16517,277,1,162.70000000000002,0,At Risk
16518,61,4,959.37,1,Regular
16519,25,4,556.26,1,Regular
16520,186,6,2482.62,1,Regular
16521,415,3,1148.01,0,At Risk
16522,436,2,433.36,0,At Risk
16523,2,28,11916.33,1,Regular
16524,446,2,308.14,0,At Risk
16525,2,48,24582.64,1,Regular
16526,172,2,717.21,1,Regular
16527,81,2,1272.44,1,Regular
16528,4,1,244.41,1,Regular
16529,190,4,2012.0,1,Regular
16530,668,1,48.35,0,At Risk
16531,22,11,2298.33,1,Regular
16532,18,5,8756.64,1,Regular
16533,19,3,1095.56,1,Regular
16534,642,1,635.9,0,At Risk
16535,5,3,1001.59,1,Regular
16536,110,1,548.97,1,Regular
16537,641,1,23.35,0,At Risk
16538,541,3,399.62,0,At Risk
16539,3,10,3732.01,1,Regular
16540,414,1,226.70000000000002,0,At Risk
16541,735,1,424.03,0,At Risk
16542,54,2,257.32,1,Regular
16543,592,1,292.21,0,At Risk
16544,520,4,376.70000000000005,0,At Risk
16545,165,2,689.8199999999999,1,Regular
16546,291,5,5606.47,0,At Risk
16547,546,1,111.71,0,At Risk
16548,599,1,30.15,0,At Risk
16549,10,34,13182.19,1,Regular
16550,109,18,9435.13,1,Regular
16551,96,7,2237.12,1,Regular
16552,243,2,475.02,1,Regular
16553,163,33,16644.01,1,Regular
16554,42,8,2841.7200000000003,1,Regular
16555,35,6,1915.68,1,Regular
16556,67,17,8012.58,1,Regular
16557,24,2,281.85,1,Regular
16558,1,38,13873.51,1,Regular
16559,397,1,185.20000000000002,0,At Risk
16560,27,8,3048.38,1,Regular
16561,6,2,511.12,1,Regular
16562,477,1,223.86,0,At Risk
16563,54,6,4422.76,1,Regular
16564,569,1,87.80000000000001,0,At Risk
16565,364,4,773.05,0,At Risk
16566,15,5,614.66,1,Regular
16567,194,2,865.6,1,Regular
16568,428,2,1020.9,0,At Risk
16569,3,5,1455.23,1,Regular
16570,15,20,7434.31,1,Regular
16571,27,10,4248.74,1,Regular
16572,127,3,1009.6,1,Regular
16573,85,2,663.61,1,Regular
16574,71,3,1301.78,1,Regular
16576,420,2,540.87,0,At Risk
16577,667,1,380.0,0,At Risk
16578,626,1,156.6,0,At Risk
16579,426,1,295.05,0,At Risk
16581,183,1,105.84,1,Regular
16582,113,1,313.62,1,Regular
16583,374,2,531.4,0,At Risk
16584,80,5,3163.67,1,Regular
16585,594,2,341.59000000000003,0,At Risk
16586,249,3,1462.78,1,Regular
16587,232,1,225.15,1,Regular
16588,386,4,1361.28,0,At Risk
16589,71,4,612.36,1,Regular
16590,401,2,605.9,0,At Risk
16591,69,1,213.5,1,Regular
16592,4,28,7807.91,1,Regular
16593,51,8,1071.14,1,Regular
16594,75,1,181.09,1,Regular
16595,61,5,1810.18,1,Regular
16596,16,4,579.63,1,Regular
16597,4,1,90.04,1,Regular
16598,286,1,145.05,0,At Risk
16599,386,1,172.8,0,At Risk
16600,4,13,2153.41,1,Regular
16601,41,3,684.25,1,Regular
16602,36,2,763.33,1,Regular
16603,75,2,482.47,1,Regular
16604,563,2,432.45000000000005,0,At Risk
16605,724,1,60.48,0,At Risk
16606,404,2,357.66,0,At Risk
16607,18,25,5706.87,1,Regular
16608,454,2,1288.72,0,At Risk
16609,15,7,5493.46,1,Regular
16610,219,1,75.66,1,Regular
16611,186,6,1785.13,1,Regular
16612,33,9,3245.4300000000003,1,Regular
16613,70,1,618.59,1,Regular
16614,183,3,1179.79,1,Regular
16615,626,1,291.5,0,At Risk
16616,15,2,500.42,1,Regular
16617,236,1,151.85,1,Regular
16618,31,5,2647.59,1,Regular
16619,264,4,1938.3300000000002,0,At Risk
16620,4,6,1758.93,1,Regular
16621,52,4,813.48,1,Regular
16622,544,1,225.4,0,At Risk
16623,246,4,1015.24,1,Regular
16624,81,2,810.57,1,Regular
16625,275,5,1654.03,0,At Risk
16626,1,17,4413.1,1,Regular
16627,79,1,322.8,1,Regular
16628,30,7,2318.1,1,Regular
16629,74,2,417.73,1,Regular
16630,407,1,106.80000000000001,0,At Risk
16631,482,7,1892.52,0,At Risk
16632,486,2,406.4,0,At Risk
16633,17,6,2883.1,1,Regular
16634,223,6,1814.6100000000001,1,Regular
16635,407,1,473.0,0,At Risk
16636,438,4,3802.04,0,At Risk
16637,32,4,1154.47,1,Regular
16638,23,15,2430.53,1,Regular
16639,31,4,1747.98,1,Regular
16640,398,1,179.4,0,At Risk
16641,106,2,554.5,1,Regular
16642,5,3,1077.45,1,Regular
16643,246,2,923.11,1,Regular
16644,178,2,833.78,1,Regular
16645,736,1,160.39,0,At Risk
16646,449,1,678.8,0,At Risk
16647,170,4,541.9,1,Regular
16648,43,3,672.8,1,Regular
16649,520,1,306.58,0,At Risk
16650,72,7,1916.11,1,Regular
16651,587,1,136.2,0,At Risk
16652,59,16,17550.39,1,Regular
16653,16,2,1212.66,1,Regular
16654,141,8,1711.47,1,Regular
16655,18,13,6548.37,1,Regular
16656,22,30,16833.170000000002,1,Regular
16657,10,4,933.62,1,Regular
16658,368,6,814.07,0,At Risk
16659,189,1,39.12,1,Regular
16660,16,7,1879.55,1,Regular
16661,540,4,986.63,0,At Risk
16662,394,1,163.8,0,At Risk
16663,729,1,165.0,0,At Risk
16664,569,1,109.2,0,At Risk
16665,362,1,135.4,0,At Risk
16666,19,2,225.94,1,Regular
16667,68,2,570.13,1,Regular
16668,15,13,862.42,1,Regular
16669,24,3,1374.87,1,Regular
16670,17,20,8030.150000000001,1,Regular
16671,28,3,1692.27,1,Regular
16672,2,20,8134.9400000000005,1,Regular
16673,679,1,188.83,0,At Risk
16674,55,2,319.61,1,Regular
16675,442,2,608.86,0,At Risk
16676,34,6,2361.9,1,Regular
16677,411,2,880.62,0,At Risk
16678,3,12,3109.99,1,Regular
16679,366,3,793.06,0,At Risk
16680,43,3,821.45,1,Regular
16681,73,7,1921.8400000000001,1,Regular
16682,5,5,1028.0,1,Regular
16683,534,1,320.25,0,At Risk
16684,4,55,147142.77,2,VIP
16685,61,2,324.24,1,Regular
16686,47,16,5070.92,1,Regular
16687,391,1,157.63,0,At Risk
16688,1,4,1260.8600000000001,1,Regular
16689,76,2,422.6,1,Regular
16690,72,4,353.03000000000003,1,Regular
16691,418,2,178.83,0,At Risk
16692,256,4,1914.6999999999998,1,Regular
16693,69,5,1199.46,1,Regular
16694,723,1,98.30000000000001,0,At Risk
16695,562,2,193.15,0,At Risk
16696,135,4,657.9,1,Regular
16697,241,1,112.75,1,Regular
16698,227,2,1998.0,1,Regular
16699,380,7,994.6,0,At Risk
16700,9,25,9167.710000000001,1,Regular
16701,9,26,9916.73,1,Regular
16702,415,4,1110.83,0,At Risk
16704,618,2,695.66,0,At Risk
16705,1,42,43515.051,1,Regular
16706,37,3,531.35,1,Regular
16707,400,4,551.11,0,At Risk
16708,46,1,656.63,1,Regular
16709,85,14,9087.460000000001,1,Regular
16710,19,22,6349.09,1,Regular
16711,3,9,2868.48,1,Regular
16712,9,13,4266.99,1,Regular
16713,19,32,14560.69,1,Regular
16714,219,4,1529.8,1,Regular
16715,78,2,625.52,1,Regular
16716,267,3,2149.6800000000003,0,At Risk
16717,24,14,6986.2300000000005,1,Regular
16718,369,5,3647.53,0,At Risk
16719,15,14,3973.3,1,Regular
16720,26,3,795.48,1,Regular
16721,262,1,292.47,0,At Risk
16722,17,22,8989.08,1,Regular
16723,91,4,1301.63,1,Regular
16724,405,1,147.35,0,At Risk
16725,302,14,1882.11,0,At Risk
16726,26,7,2088.41,1,Regular
16727,364,4,1437.42,0,At Risk
16728,46,4,1054.67,1,Regular
16729,38,21,7239.92,1,Regular
16730,52,3,743.11,1,Regular
16731,648,1,174.05,0,At Risk
16732,32,4,4387.64,1,Regular
16733,530,1,259.68,0,At Risk
16734,52,3,650.51,1,Regular
16735,79,14,6270.56,1,Regular
16736,506,5,2956.56,0,At Risk
16737,53,2,835.2,1,Regular
16738,298,1,3.75,0,At Risk
16739,177,2,786.4300000000001,1,Regular
16740,395,1,236.81,0,At Risk
16741,625,1,173.06,0,At Risk
16742,47,14,2852.61,1,Regular
16743,29,14,4253.26,1,Regular
16744,11,7,1304.76,1,Regular
16745,87,17,7194.3,1,Regular
16746,5,42,18066.4,1,Regular
16747,38,2,836.0600000000001,1,Regular
16748,18,14,3637.33,1,Regular
16749,591,2,4387.08,0,At Risk
16750,45,5,623.93,1,Regular
16751,31,1,1764.72,1,Regular
16752,373,1,415.0,0,At Risk
16753,58,1,223.92000000000002,1,Regular
16754,372,29,67502.47,1,Regular
16755,114,7,2900.58,1,Regular
16756,215,7,1312.3700000000001,1,Regular
16757,319,2,270.48,0,At Risk
16758,65,1,369.34000000000003,1,Regular
16759,8,3,789.79,1,Regular
16760,430,1,228.0,0,At Risk
16761,97,1,316.62,1,Regular
16762,20,3,1501.38,1,Regular
16763,199,2,964.6999999999999,1,Regular
16764,4,13,2799.25,1,Regular
16765,294,2,454.75,0,At Risk
16766,273,2,1145.6,0,At Risk
16767,31,15,8073.8,1,Regular
16768,48,9,1708.1200000000001,1,Regular
16769,260,4,1141.75,1,Regular
16770,58,9,1932.13,1,Regular
16771,33,10,3967.6,1,Regular
16772,423,3,3723.55,0,At Risk
16773,57,3,421.24,1,Regular
16774,68,8,1594.45,1,Regular
16775,10,16,3056.89,1,Regular
16776,60,2,619.85,1,Regular
16777,80,5,1307.76,1,Regular
16778,74,2,245.94,1,Regular
16779,2,53,33268.24,1,Regular
16780,100,3,605.55,1,Regular
16781,372,2,934.25,0,At Risk
16782,10,38,10438.41,1,Regular
16783,437,1,391.95,0,At Risk
16784,20,5,896.53,1,Regular
16785,410,1,533.78,0,At Risk
16786,394,1,51.84,0,At Risk
16787,398,4,1035.43,0,At Risk
16788,123,5,1950.3,1,Regular
16789,8,1,80.80000000000001,1,Regular
16790,4,6,1545.6200000000001,1,Regular
16791,29,15,4038.69,1,Regular
16792,282,5,623.46,0,At Risk
16793,57,1,243.84,1,Regular
16794,1,15,2090.91,1,Regular
16795,365,3,2492.39,0,At Risk
16796,89,1,305.62,1,Regular
16797,393,5,1827.77,0,At Risk
16798,554,3,848.71,0,At Risk
16799,432,2,495.98,0,At Risk
16800,11,1,1201.49,1,Regular
16801,163,4,1619.73,1,Regular
16802,679,2,582.61,0,At Risk
16803,65,1,332.3,1,Regular
16804,23,3,536.99,1,Regular
16805,174,5,1097.24,1,Regular
16806,103,4,801.49,1,Regular
16807,143,6,2123.88,1,Regular
16808,99,2,288.42,1,Regular
16809,23,9,1727.43,1,Regular
16810,192,2,842.04,1,Regular
16811,5,2,547.07,1,Regular
16812,361,4,2392.0,0,At Risk
16813,8,10,1692.98,1,Regular
16814,14,36,12499.710000000001,1,Regular
16815,454,2,410.97,0,At Risk
16816,103,4,417.06,1,Regular
16817,3,13,2804.9,1,Regular
16818,11,11,3349.57,1,Regular
16819,465,2,182.59,0,At Risk
16820,96,1,497.61,1,Regular
16821,382,1,113.35,0,At Risk
16822,686,1,181.39,0,At Risk
16823,227,7,2260.09,1,Regular
16824,16,3,686.24,1,Regular
16825,39,5,1826.89,1,Regular
16826,51,1,341.7,1,Regular
16827,393,5,392.13,0,At Risk
16828,93,2,128.5,1,Regular
16829,157,2,513.32,1,Regular
16830,39,4,1207.5,1,Regular
16831,565,1,91.8,0,At Risk
16832,184,5,417.61,1,Regular
16833,1,6,2409.04,1,Regular
16834,228,2,898.96,1,Regular
16835,128,6,1538.41,1,Regular
16836,40,4,782.37,1,Regular
16837,31,11,3170.98,1,Regular
16838,197,4,1159.6100000000001,1,Regular
16839,9,44,22310.49,1,Regular
16840,603,2,139.85,0,At Risk
16841,37,12,4006.06,1,Regular
16842,101,3,1264.19,1,Regular
16843,43,35,19571.43,1,Regular
16844,563,2,614.34,0,At Risk
16845,618,1,253.88,0,At Risk
16846,50,3,842.41,1,Regular
16847,43,2,614.89,1,Regular
16848,53,4,1411.62,1,Regular
16849,187,1,124.57,1,Regular
16850,334,1,332.41,0,At Risk
16851,4,3,342.45,1,Regular
16852,10,2,144.91,1,Regular
16854,417,2,1408.96,0,At Risk
16855,24,2,328.40000000000003,1,Regular
16856,15,3,358.49,1,Regular
16857,443,1,352.8,0,At Risk
16858,369,10,4668.28,0,At Risk
16859,145,7,1932.41,1,Regular
16860,453,3,1610.62,0,At Risk
16861,60,5,946.59,1,Regular
16862,547,4,662.33,0,At Risk
16863,31,3,998.52,1,Regular
16864,434,2,409.25,0,At Risk
16865,402,1,130.95,0,At Risk
16866,141,3,207.74,1,Regular
16867,690,1,76.74000000000001,0,At Risk
16868,394,3,393.39,0,At Risk
16869,23,4,825.4200000000001,1,Regular
16870,469,1,450.16,0,At Risk
16871,22,6,2812.34,1,Regular
16872,77,6,1213.13,1,Regular
16873,5,12,14617.39,1,Regular
16874,379,1,217.74,0,At Risk
16875,67,11,4234.53,1,Regular
16876,404,1,136.01,0,At Risk
16877,12,6,853.72,1,Regular
16878,84,1,13.3,1,Regular
16880,31,8,1840.86,1,Regular
16881,67,1,432.0,1,Regular
16882,67,3,705.12,1,Regular
16883,187,19,2396.59,1,Regular
16884,38,4,1073.92,1,Regular
16885,15,4,710.74,1,Regular
16886,456,1,134.0,0,At Risk
16887,35,3,660.72,1,Regular
16888,401,3,437.15,0,At Risk
16889,195,6,2530.9,1,Regular
16890,477,3,285.41,0,At Risk
16891,2,11,2056.82,1,Regular
16892,1,7,762.1,1,Regular
16893,367,2,401.77,0,At Risk
16894,502,3,1324.06,0,At Risk
16895,65,5,1121.42,1,Regular
16896,555,1,103.95,0,At Risk
16897,299,2,289.78,0,At Risk
16898,26,5,1016.37,1,Regular
16899,8,8,1721.02,1,Regular
16900,17,3,887.11,1,Regular
16901,729,1,204.26,0,At Risk
16902,116,1,1706.88,1,Regular
16903,29,3,1062.28,1,Regular
16904,4,21,5132.37,1,Regular
16905,5,17,5034.15,1,Regular
16906,82,7,1448.8,1,Regular
16907,29,9,1707.9,1,Regular
16908,722,1,252.59,0,At Risk
16909,72,1,379.14,1,Regular
16910,4,8,1510.06,1,Regular
16911,636,2,255.25,0,At Risk
16912,29,15,4480.31,1,Regular
16913,290,3,423.91,0,At Risk
16914,36,1,208.46,1,Regular
16915,9,11,1543.18,1,Regular
16916,24,4,1123.4,1,Regular
16917,277,2,1857.83,0,At Risk
16918,50,16,3213.29,1,Regular
16919,156,24,5125.91,1,Regular
16920,411,1,355.45,0,At Risk
16921,61,3,446.67,1,Regular
16922,573,1,611.08,0,At Risk
16923,12,32,13378.36,1,Regular
16924,21,3,846.75,1,Regular
16925,540,1,125.65,0,At Risk
16926,371,5,1421.35,0,At Risk
16927,116,3,543.05,1,Regular
16928,80,29,4113.23,1,Regular
16929,4,7,1295.39,1,Regular
16930,26,3,380.55,1,Regular
16931,5,23,5233.62,1,Regular
16932,53,3,440.71,1,Regular
16933,1,9,3181.25,1,Regular
16934,55,6,2110.9900000000002,1,Regular
16935,382,3,535.1,0,At Risk
16936,26,2,551.17,1,Regular
16937,499,1,202.1,0,At Risk
16938,9,9,7043.18,1,Regular
16939,489,3,449.0,0,At Risk
16940,52,8,6427.66,1,Regular
16941,612,1,33.0,0,At Risk
16942,13,9,1920.59,1,Regular
16943,212,5,1299.49,1,Regular
16944,610,1,101.36,0,At Risk
16945,22,33,8548.16,1,Regular
16946,383,5,1222.04,0,At Risk
16947,236,5,955.21,1,Regular
16948,139,7,868.77,1,Regular
16949,4,6,1286.27,1,Regular
16950,57,10,3784.37,1,Regular
16951,135,3,1277.75,1,Regular
16952,109,5,798.78,1,Regular
16953,30,1,20.8,1,Regular
16954,1,20,6081.88,1,Regular
16955,185,6,1309.41,1,Regular
16956,18,1,308.74,1,Regular
16957,239,2,416.64,1,Regular
16958,435,1,809.44,0,At Risk
16959,87,1,117.35000000000001,1,Regular
16960,39,8,2043.43,1,Regular
16961,116,3,794.56,1,Regular
16962,410,1,251.04,0,At Risk
16963,187,1,110.55000000000001,1,Regular
16964,733,2,207.85,0,At Risk
16965,227,1,201.19,1,Regular
16966,8,7,2154.97,1,Regular
16967,189,1,319.02,1,Regular
16968,4,2,439.43,1,Regular
16969,39,3,650.41,1,Regular
16970,626,1,71.4,0,At Risk
16971,38,1,357.21,1,Regular
16972,383,2,786.25,0,At Risk
16973,386,1,127.0,0,At Risk
16974,523,2,365.5,0,At Risk
16975,423,3,926.12,0,At Risk
16976,267,1,251.51999999999998,0,At Risk
16977,395,4,496.0,0,At Risk
16978,78,3,768.88,1,Regular
16979,4,9,2859.74,1,Regular
16980,255,3,1473.33,1,Regular
16982,61,1,384.06,1,Regular
16983,13,11,3710.2200000000003,1,Regular
16984,88,9,10754.8,1,Regular
16985,17,23,10923.16,1,Regular
16986,30,11,4888.75,1,Regular
16987,3,11,2535.9,1,Regular
16988,5,2,382.67,1,Regular
16989,7,6,1133.25,1,Regular
16990,219,2,344.0,1,Regular
16991,421,1,1041.21,0,At Risk
16992,11,13,5476.5,1,Regular
16993,464,2,1950.95,0,At Risk
16996,30,9,2123.61,1,Regular
16997,288,3,702.0,0,At Risk
16998,150,5,402.0,1,Regular
16999,23,2,484.82,1,Regular
17000,396,2,406.3,0,At Risk
17001,1,19,6640.8,1,Regular
17002,86,7,2571.55,1,Regular
17003,402,4,830.16,0,At Risk
17004,46,4,2425.16,1,Regular
17005,471,2,742.36,0,At Risk
17006,5,8,1636.32,1,Regular
17007,51,7,1120.1000000000001,1,Regular
17008,429,1,81.36,0,At Risk
17009,551,1,242.06,0,At Risk
17010,18,1,195.36,1,Regular
17011,30,3,671.7,1,Regular
17012,725,1,384.16,0,At Risk
17014,8,3,586.33,1,Regular
17015,29,3,1842.56,1,Regular
17016,577,1,552.4,0,At Risk
17017,3,29,14110.61,1,Regular
17018,41,6,2287.7,1,Regular
17019,11,11,4012.2,1,Regular
17020,542,2,935.62,0,At Risk
17021,442,6,1182.22,0,At Risk
17022,31,2,260.0,1,Regular
17023,417,3,800.1800000000001,0,At Risk
17024,45,3,95.85,1,Regular
17025,61,5,1510.64,1,Regular
17026,185,3,208.98000000000002,1,Regular
17027,79,9,1327.11,1,Regular
17028,581,3,1593.83,0,At Risk
17029,111,7,2137.3,1,Regular
17030,64,1,146.87,1,Regular
17031,12,6,2773.85,1,Regular
17032,548,8,3004.6,0,At Risk
17033,86,4,1332.79,1,Regular
17034,16,5,1283.92,1,Regular
17035,246,4,613.59,1,Regular
17036,383,1,176.9,0,At Risk
17037,88,1,1267.32,1,Regular
17038,30,2,743.17,1,Regular
17039,604,1,1954.99,0,At Risk
17040,138,2,463.25,1,Regular
17041,27,6,1686.28,1,Regular
17042,3,5,1044.38,1,Regular
17043,32,8,2616.55,1,Regular
17044,25,12,11962.300000000001,1,Regular
17045,113,5,827.6800000000001,1,Regular
17046,157,5,1906.07,1,Regular
17047,85,6,2289.23,1,Regular
17048,118,7,2071.68,1,Regular
17049,3,19,9947.48,1,Regular
17050,96,11,4691.79,1,Regular
17051,194,4,714.39,1,Regular
17052,28,1,413.75,1,Regular
17053,131,1,498.48,1,Regular
17054,28,5,1356.33,1,Regular
17055,446,1,239.55,0,At Risk
17056,738,1,128.60000000000002,0,At Risk
17057,596,1,294.74,0,At Risk
17058,82,3,1179.89,1,Regular
17059,30,9,5602.53,1,Regular
17060,266,1,234.24,0,At Risk
17061,74,11,5232.2300000000005,1,Regular
17062,314,6,1208.22,0,At Risk
17063,21,13,3638.53,1,Regular
17064,59,3,859.35,1,Regular
17065,638,2,194.7,0,At Risk
17066,726,1,228.34,0,At Risk
17067,725,3,454.54,0,At Risk
17068,12,47,9161.08,1,Regular
17069,28,14,5794.28,1,Regular
17070,114,2,445.32,1,Regular
17071,28,13,3801.2000000000003,1,Regular
17072,625,1,282.05,0,At Risk
17073,18,4,1446.09,1,Regular
17074,563,1,203.05,0,At Risk
17075,18,10,2241.73,1,Regular
17076,36,6,1242.75,1,Regular
17077,578,1,306.0,0,At Risk
17078,36,2,378.2,1,Regular
17079,78,1,118.80000000000001,1,Regular
17080,22,7,957.53,1,Regular
17081,25,6,964.39,1,Regular
17082,33,6,4732.03,1,Regular
17083,109,9,4049.79,1,Regular
17084,35,3,5202.97,1,Regular
17085,123,28,7891.41,1,Regular
17086,7,6,2050.08,1,Regular
17087,738,1,221.53,0,At Risk
17088,28,4,1991.01,1,Regular
17089,386,1,128.45,0,At Risk
17090,4,13,3149.48,1,Regular
17091,3,19,7811.1,1,Regular
17092,50,11,5594.96,1,Regular
17093,593,1,235.88,0,At Risk
17094,322,2,402.20000000000005,0,At Risk
17095,23,7,2572.25,1,Regular
17096,15,11,3759.1800000000003,1,Regular
17097,2,9,1340.45,1,Regular
17098,382,3,591.07,0,At Risk
17099,533,1,582.17,0,At Risk
17100,18,2,971.74,1,Regular
17101,10,7,2507.05,1,Regular
17102,262,1,25.5,0,At Risk
17103,722,1,424.3,0,At Risk
17104,424,1,474.03000000000003,0,At Risk
17105,159,2,665.78,1,Regular
17106,389,1,491.23,0,At Risk
17107,33,10,16075.42,1,Regular
17108,664,1,174.95,0,At Risk
17109,29,8,1295.46,1,Regular
17110,165,3,510.7,1,Regular
17111,47,2,476.58,1,Regular
17112,503,1,205.17000000000002,0,At Risk
17113,574,6,2322.59,0,At Risk
17114,6,8,808.62,1,Regular
17115,8,7,2761.4900000000002,1,Regular
17116,648,1,389.78,0,At Risk
17117,288,1,116.2,0,At Risk
17118,318,1,157.02,0,At Risk
17119,3,2,606.91,1,Regular
17120,233,1,307.46,1,Regular
17121,403,1,314.74,0,At Risk
17122,119,4,570.5,1,Regular
17123,162,3,977.1700000000001,1,Regular
17124,185,1,298.89,1,Regular
17125,50,1,259.35,1,Regular
17126,152,9,2070.44,1,Regular
17127,429,5,1155.0300000000002,0,At Risk
17128,335,1,157.09,0,At Risk
17129,520,1,31.85,0,At Risk
17131,5,5,2463.17,1,Regular
17132,452,2,1272.8,0,At Risk
17133,16,12,14622.33,1,Regular
17134,107,3,637.1,1,Regular
17135,16,10,1954.16,1,Regular
17136,662,1,231.68,0,At Risk
17137,416,6,1133.63,0,At Risk
17138,276,7,4417.27,0,At Risk
17139,16,25,19584.46,1,Regular
17140,247,1,465.32,1,Regular
17141,418,4,754.33,0,At Risk
17142,239,4,1283.75,1,Regular
17143,417,2,924.11,0,At Risk
17144,1,2,984.57,1,Regular
17145,513,4,3120.91,0,At Risk
17146,106,13,5860.24,1,Regular
17147,23,9,3199.95,1,Regular
17148,52,1,124.88,1,Regular
17149,451,1,143.10000000000002,0,At Risk
17150,377,6,1375.65,0,At Risk
17151,735,1,231.90000000000003,0,At Risk
17152,195,4,2016.5,1,Regular
17153,24,1,213.78,1,Regular
17154,75,1,329.34,1,Regular
17155,18,7,892.46,1,Regular
17156,492,1,591.87,0,At Risk
17157,8,19,5151.900000000001,1,Regular
17158,32,5,1980.0,1,Regular
17159,22,5,2099.59,1,Regular
17160,31,17,10209.16,1,Regular
17161,444,1,856.01,0,At Risk
17162,29,10,1715.46,1,Regular
17163,22,4,699.78,1,Regular
17164,33,7,2467.35,1,Regular
17165,284,6,1794.32,0,At Risk
17166,39,2,206.34,1,Regular
17167,380,3,867.11,0,At Risk
17168,499,1,400.2,0,At Risk
17169,58,3,1156.73,1,Regular
17170,374,2,178.68,0,At Risk
17171,289,2,384.59000000000003,0,At Risk
17172,79,3,956.5699999999999,1,Regular
17173,5,8,3766.6,1,Regular
17174,218,1,59.9,1,Regular
17175,44,4,1443.69,1,Regular
17176,202,3,902.3199999999999,1,Regular
17177,505,1,119.5,0,At Risk
17178,731,1,436.71000000000004,0,At Risk
17179,178,6,1507.26,1,Regular
17180,56,11,2256.98,1,Regular
17181,57,3,465.37,1,Regular
17182,423,2,321.3,0,At Risk
17183,8,6,3347.31,1,Regular
17184,569,2,198.41000000000003,0,At Risk
17185,592,3,229.46,0,At Risk
17186,47,2,144.0,1,Regular
17187,227,2,467.71,1,Regular
17188,11,13,4592.93,1,Regular
17189,106,5,957.63,1,Regular
17190,59,7,1743.04,1,Regular
17191,28,15,4836.05,1,Regular
17192,536,1,77.83,0,At Risk
17193,36,9,2310.04,1,Regular
17194,274,3,812.5,0,At Risk
17195,655,1,562.98,0,At Risk
17196,428,1,352.9,0,At Risk
17197,30,1,1013.01,1,Regular
17198,24,3,1213.88,1,Regular
17199,582,1,145.12,0,At Risk
17200,387,4,356.71,0,At Risk
17201,54,4,1242.04,1,Regular
17202,421,1,160.65,0,At Risk
17203,36,10,5575.88,1,Regular
17204,175,9,5504.6900000000005,1,Regular
17205,54,3,999.35,1,Regular
17206,53,1,204.24,1,Regular
17207,652,1,303.21999999999997,0,At Risk
17208,396,1,115.35,0,At Risk
17209,649,3,611.6,0,At Risk
17210,393,1,253.37,0,At Risk
17211,27,13,4046.65,1,Regular
17212,253,3,794.41,1,Regular
17213,40,13,5182.3,1,Regular
17214,60,6,1069.1200000000001,1,Regular
17215,464,1,186.15,0,At Risk
17216,554,1,65.05,0,At Risk
17217,234,2,218.0,1,Regular
17218,4,18,4192.68,1,Regular
17219,32,2,259.13,1,Regular
17220,24,21,4481.75,1,Regular
17221,7,5,978.52,1,Regular
17222,65,6,1605.01,1,Regular
17223,310,3,873.53,0,At Risk
17224,501,1,100.86000000000001,0,At Risk
17225,582,1,131.15,0,At Risk
17226,309,3,900.12,0,At Risk
17227,19,12,2022.03,1,Regular
17228,16,13,3177.24,1,Regular
17229,96,2,318.76,1,Regular
17230,264,18,9924.95,1,Regular
17231,12,25,7197.04,1,Regular
17232,3,2,421.52,1,Regular
17233,35,3,560.86,1,Regular
17234,183,1,149.89,1,Regular
17235,25,8,1904.88,1,Regular
17236,13,12,1929.26,1,Regular
17237,11,4,1002.08,1,Regular
17238,3,32,7783.1,1,Regular
17239,313,4,1189.45,0,At Risk
17240,596,1,130.60000000000002,0,At Risk
17241,385,12,2744.14,0,At Risk
17242,108,5,2889.2799999999997,1,Regular
17243,1,69,20889.86,1,Regular
17244,53,5,1826.04,1,Regular
17245,205,2,371.63,1,Regular
17246,547,2,38.92,0,At Risk
17247,15,1,282.19,1,Regular
17248,120,2,546.16,1,Regular
17249,429,1,68.03,0,At Risk
17250,4,2,384.52,1,Regular
17251,363,3,812.4300000000001,0,At Risk
17252,117,2,353.86,1,Regular
17253,18,1,178.26,1,Regular
17254,5,3,470.73,1,Regular
17255,41,4,799.13,1,Regular
17256,107,5,498.93,1,Regular
17257,436,2,192.73,0,At Risk
17258,397,2,417.3,0,At Risk
17259,148,6,1889.34,1,Regular
17260,411,1,120.95,0,At Risk
17261,510,1,230.44,0,At Risk
17262,52,11,2757.62,1,Regular
17263,208,1,63.440000000000005,1,Regular
17264,424,1,279.59,0,At Risk
17265,139,2,562.9,1,Regular
17266,2,5,517.73,1,Regular
17267,127,2,317.62,1,Regular
17268,108,11,1733.8899999999999,1,Regular
17269,386,1,537.46,0,At Risk
17270,469,2,604.4,0,At Risk
17271,736,1,210.39,0,At Risk
17272,42,4,2148.63,1,Regular
17273,424,1,141.12,0,At Risk
17274,35,2,577.38,1,Regular
17275,383,1,114.52,0,At Risk
17276,402,1,508.39,0,At Risk
17277,228,2,1065.3500000000001,1,Regular
17278,241,2,271.24,1,Regular
17279,58,1,187.82999999999998,1,Regular
17280,438,1,118.86,0,At Risk
17281,374,6,797.85,0,At Risk
17282,130,5,2339.66,1,Regular
17283,379,1,188.46,0,At Risk
17284,60,8,2793.16,1,Regular
17285,628,2,428.34,0,At Risk
17286,22,3,395.48,1,Regular
17287,26,21,4111.96,1,Regular
17288,9,11,2499.98,1,Regular
17289,32,9,2079.39,1,Regular
17290,4,8,1501.44,1,Regular
17291,308,1,550.8000000000001,0,At Risk
17292,472,2,271.75,0,At Risk
17293,8,17,3774.23,1,Regular
17294,669,2,467.79,0,At Risk
17295,29,3,556.95,1,Regular
17296,730,1,338.13,0,At Risk
17297,17,1,131.78,1,Regular
17298,101,5,957.5600000000001,1,Regular
17299,12,6,1016.08,1,Regular
17300,391,2,393.64,0,At Risk
17301,21,2,330.43,1,Regular
17302,15,5,1135.63,1,Regular
17303,361,1,250.04,0,At Risk
17304,534,1,111.5,0,At Risk
17305,649,1,2135.46,0,At Risk
17306,11,21,9782.35,1,Regular
17307,395,11,3999.8900000000003,0,At Risk
17308,393,2,4511.76,0,At Risk
17309,95,3,330.59,1,Regular
17310,387,2,1025.1,0,At Risk
17311,78,6,3566.56,1,Regular
17312,139,3,644.3,1,Regular
17313,31,1,2328.84,1,Regular
17314,25,17,4904.43,1,Regular
17315,2,43,9650.6,1,Regular
17316,420,1,124.45,0,At Risk
17317,46,3,2600.34,1,Regular
17318,725,1,164.28,0,At Risk
17319,669,1,29.099999999999998,0,At Risk
17320,100,6,2895.77,1,Regular
17321,8,6,1741.18,1,Regular
17322,376,5,922.59,0,At Risk
17323,15,12,1565.59,1,Regular
17324,18,12,2301.87,1,Regular
17325,280,3,609.5699999999999,0,At Risk
17326,408,2,321.95,0,At Risk
17327,410,2,152.35,0,At Risk
17328,673,1,104.7,0,At Risk
17329,14,5,1004.4300000000001,1,Regular
17330,23,4,423.8,1,Regular
17331,124,1,175.2,1,Regular
17332,528,5,838.27,0,At Risk
17333,86,1,494.25,1,Regular
17334,302,3,635.1500000000001,0,At Risk
17335,384,2,508.0,0,At Risk
17336,472,1,81.12,0,At Risk
17337,151,4,2027.8700000000001,1,Regular
17338,17,17,12142.57,1,Regular
17339,94,3,362.36,1,Regular
17340,30,18,22404.82,1,Regular
17341,157,5,1889.83,1,Regular
17342,380,4,1227.54,0,At Risk
17343,355,6,1259.94,0,At Risk
17344,46,2,468.11,1,Regular
17345,15,10,1604.68,1,Regular
17346,4,26,5323.0,1,Regular
17347,86,1,228.96,1,Regular
17348,15,9,2476.41,1,Regular
17349,179,5,852.25,1,Regular
17350,8,7,1906.041,1,Regular
17351,36,12,1988.23,1,Regular
17352,696,1,36.25,0,At Risk
17353,129,4,3242.0,1,Regular
17354,51,4,3143.46,1,Regular
17355,386,1,285.11,0,At Risk
17356,312,5,946.47,0,At Risk
17357,24,2,388.14,1,Regular
17358,303,5,866.05,0,At Risk
17359,11,2,284.46,1,Regular
17360,17,6,1231.3799999999999,1,Regular
17361,49,5,880.64,1,Regular
17362,239,7,1024.04,1,Regular
17363,395,3,940.86,0,At Risk
17364,1,28,12070.42,1,Regular
17365,13,15,8224.98,1,Regular
17366,432,2,1096.24,0,At Risk
17367,238,1,168.4,1,Regular
17368,23,14,2826.14,1,Regular
17369,456,1,979.2,0,At Risk
17370,73,4,446.18,1,Regular
17371,17,6,662.55,1,Regular
17372,41,28,4377.56,1,Regular
17373,40,7,1167.5,1,Regular
17374,219,3,727.11,1,Regular
17375,199,4,660.55,1,Regular
17376,71,4,453.64,1,Regular
17377,24,78,18319.41,2,VIP
17378,374,1,10.95,0,At Risk
17379,11,1,404.66,1,Regular
17380,434,3,645.0,0,At Risk
17381,9,38,40002.37,1,Regular
17382,65,8,902.28,1,Regular
17383,4,2,309.99,1,Regular
17384,19,3,507.55,1,Regular
17385,15,1,261.11,1,Regular
17386,8,7,2812.77,1,Regular
17387,20,2,784.11,1,Regular
17388,78,11,2691.57,1,Regular
17389,1,61,57224.68,2,VIP
17390,421,1,149.3,0,At Risk
17391,164,2,508.8,1,Regular
17392,307,3,626.56,0,At Risk
17393,411,2,381.15000000000003,0,At Risk
17394,219,1,203.86999999999998,1,Regular
17395,508,1,97.5,0,At Risk
17396,39,14,8807.1,1,Regular
17397,22,3,1233.18,1,Regular
17398,115,3,653.38,1,Regular
17400,126,8,4677.05,1,Regular
17401,541,1,114.85,0,At Risk
17402,5,23,5096.18,1,Regular
17403,36,2,400.57,1,Regular
17404,4,23,47781.12,1,Regular
17405,1,3,1031.41,1,Regular
17406,333,13,4905.05,0,At Risk
17407,412,1,552.9,0,At Risk
17408,163,3,316.09000000000003,1,Regular
17409,185,10,7793.51,1,Regular
17410,16,5,1214.72,1,Regular
17411,12,5,1425.38,1,Regular
17412,3,16,4417.52,1,Regular
17413,405,2,560.14,0,At Risk
17414,44,6,2249.52,1,Regular
17415,80,1,507.84,1,Regular
17416,30,22,17298.45,1,Regular
17417,549,1,164.18,0,At Risk
17418,42,3,670.0600000000001,1,Regular
17419,11,18,6500.52,1,Regular
17420,50,6,1084.43,1,Regular
17421,386,3,1059.41,0,At Risk
17422,16,11,3594.76,1,Regular
17423,46,3,1118.95,1,Regular
17425,19,2,759.1700000000001,1,Regular
17426,8,13,8077.77,1,Regular
17427,72,1,100.8,1,Regular
17428,1,45,31819.760000000002,1,Regular
17429,128,5,1357.46,1,Regular
17430,33,4,735.17,1,Regular
17431,313,1,403.3,0,At Risk
17432,18,9,1751.39,1,Regular
17433,88,2,569.96,1,Regular
17434,2,7,2373.82,1,Regular
17435,411,1,331.35,0,At Risk
17436,2,5,534.0600000000001,1,Regular
17437,530,1,373.17,0,At Risk
17438,254,5,1422.77,1,Regular
17439,656,1,325.74,0,At Risk
17440,157,4,323.58,1,Regular
17441,732,1,293.35,0,At Risk
17442,37,15,4620.3,1,Regular
17443,220,1,534.24,1,Regular
17444,148,3,2940.04,1,Regular
17446,177,2,120.89999999999999,1,Regular
17447,40,2,541.53,1,Regular
17448,497,46,14556.970000000001,0,At Risk
17449,2,13,4951.15,1,Regular
17450,8,51,246973.09,2,VIP
17451,1,7,1721.4,1,Regular
17453,18,2,486.72,1,Regular
17454,192,10,1547.94,1,Regular
17455,204,1,131.7,1,Regular
17456,365,2,1225.42,0,At Risk
17457,127,14,5984.81,1,Regular
17458,15,2,529.58,1,Regular
17459,43,2,657.3,1,Regular
17460,94,16,2228.27,1,Regular
17461,23,3,757.46,1,Regular
17462,60,2,675.69,1,Regular
17463,16,7,2557.91,1,Regular
17464,158,3,1000.94,1,Regular
17465,426,7,2542.79,0,At Risk
17466,10,2,763.28,1,Regular
17467,395,1,102.6,0,At Risk
17468,10,3,194.8,1,Regular
17469,16,17,5051.25,1,Regular
17470,45,11,2804.87,1,Regular
17471,475,1,321.65000000000003,0,At Risk
17472,191,4,935.1,1,Regular
17473,409,2,607.0,0,At Risk
17474,600,1,1047.0,0,At Risk
17475,79,1,194.37,1,Regular
17476,396,2,489.86,0,At Risk
17477,613,2,1144.3,0,At Risk
17478,408,2,1272.8000000000002,0,At Risk
17479,633,1,389.26000000000005,0,At Risk
17480,78,2,902.03,1,Regular
17481,4,4,1255.59,1,Regular
17482,487,2,778.19,0,At Risk
17483,65,4,591.73,1,Regular
17484,576,2,209.57,0,At Risk
17486,261,1,396.87,0,At Risk
17487,728,1,160.55,0,At Risk
17488,641,1,336.5,0,At Risk
17489,59,2,376.64,1,Regular
17490,1,9,2750.5,1,Regular
17491,1,17,5981.07,1,Regular
17492,248,3,1122.42,1,Regular
17493,385,1,100.91,0,At Risk
17494,502,1,54.7,0,At Risk
17495,8,3,806.72,1,Regular
17496,359,4,1412.89,0,At Risk
17497,390,2,287.25,0,At Risk
17498,76,1,272.21999999999997,1,Regular
17499,290,2,1341.3899999999999,0,At Risk
17500,17,3,1138.0,1,Regular
17501,221,2,288.6,1,Regular
17502,9,4,689.1,1,Regular
17503,3,2,558.96,1,Regular
17504,206,18,9565.12,1,Regular
17505,162,5,2435.48,1,Regular
17506,76,1,302.2,1,Regular
17507,262,2,605.58,0,At Risk
17508,281,8,4579.23,0,At Risk
17509,58,8,6115.14,1,Regular
17510,25,2,514.56,1,Regular
17511,3,60,175603.55,2,VIP
17512,29,18,5467.820000000001,1,Regular
17513,72,3,1158.8,1,Regular
17514,128,2,542.83,1,Regular
17515,31,9,1617.46,1,Regular
17516,15,6,957.55,1,Regular
17517,309,1,153.94,0,At Risk
17518,426,2,329.42,0,At Risk
17519,17,15,5109.47,1,Regular
17520,54,1,546.81,1,Regular
17521,30,5,1278.06,1,Regular
17522,2,5,1070.71,1,Regular
17523,11,4,652.74,1,Regular
17524,361,3,539.14,0,At Risk
17525,360,3,1161.9,0,At Risk
17526,5,12,4166.04,1,Regular
17527,54,4,939.37,1,Regular
17528,1,8,3628.5,1,Regular
17529,610,2,1240.25,0,At Risk
17530,1,12,3141.51,1,Regular
17531,190,3,1266.82,1,Regular
17532,386,1,65.34,0,At Risk
17533,435,1,34.8,0,At Risk
17534,54,5,1668.83,1,Regular
17535,280,1,164.4,0,At Risk
17536,177,3,364.83,1,Regular
17537,30,2,897.62,1,Regular
17538,26,1,98.42,1,Regular
17539,618,4,1226.57,0,At Risk
17540,25,6,1590.6000000000001,1,Regular
17541,510,1,124.46,0,At Risk
17542,270,3,341.7,0,At Risk
17543,550,1,120.05,0,At Risk
17544,390,3,960.69,0,At Risk
17545,43,6,1448.54,1,Regular
17547,376,2,727.85,0,At Risk
17548,234,4,731.26,1,Regular
17549,24,2,148.86,1,Regular
17550,197,9,2547.64,1,Regular
17551,359,1,306.84,0,At Risk
17552,60,12,3085.29,1,Regular
17553,130,4,3757.6,1,Regular
17554,1,5,1952.45,1,Regular
17555,20,5,1057.74,1,Regular
17556,206,2,300.67,1,Regular
17557,14,4,575.46,1,Regular
17558,393,1,259.17,0,At Risk
17559,513,1,167.62,0,At Risk
17560,95,8,1895.8,1,Regular
17561,19,4,722.34,1,Regular
17562,14,7,1122.38,1,Regular
17563,578,2,392.38,0,At Risk
17564,24,3,454.01,1,Regular
17565,587,1,131.83,0,At Risk
17566,8,2,901.21,1,Regular
17567,7,9,5356.03,1,Regular
17568,633,1,382.79,0,At Risk
17569,332,1,344.14,0,At Risk
17570,382,1,100.0,0,At Risk
17571,50,5,1703.75,1,Regular
17572,71,10,723.0100000000001,1,Regular
17573,29,3,380.6,1,Regular
17574,243,1,185.65,1,Regular
17575,667,1,171.7,0,At Risk
17576,8,41,9056.81,1,Regular
17577,645,2,348.75,0,At Risk
17578,218,7,1047.33,1,Regular
17579,5,4,753.28,1,Regular
17580,253,5,545.27,1,Regular
17581,1,43,18757.75,1,Regular
17582,236,5,1450.7,1,Regular
17583,560,1,135.95,0,At Risk
17584,7,6,5309.42,1,Regular
17585,109,7,2093.3,1,Regular
17586,619,1,167.4,0,At Risk
17587,628,1,181.66,0,At Risk
17588,100,7,2939.55,1,Regular
17589,60,18,14049.87,1,Regular
17590,2,3,1479.22,1,Regular
17591,73,8,2776.67,1,Regular
17592,739,1,148.3,0,At Risk
17593,4,11,8095.8,1,Regular
17594,85,4,2497.88,1,Regular
17595,12,2,388.79,1,Regular
17596,23,13,4920.67,1,Regular
17597,214,5,3484.09,1,Regular
17598,381,1,409.98,0,At Risk
17599,478,1,52.05,0,At Risk
17600,18,1,161.67000000000002,1,Regular
17601,239,2,421.48,1,Regular
17602,2,14,7451.13,1,Regular
17603,78,4,1793.48,1,Regular
17604,217,6,945.9300000000001,1,Regular
17605,590,1,160.75,0,At Risk
17606,737,1,87.30000000000001,0,At Risk
17607,376,1,333.81,0,At Risk
17608,33,4,498.53,1,Regular
17609,41,11,1894.34,1,Regular
17610,540,5,1529.49,0,At Risk
17611,7,28,8371.98,1,Regular
17612,53,18,5394.86,1,Regular
17613,23,14,4559.150000000001,1,Regular
17614,57,1,390.07,1,Regular
17615,130,6,733.2,1,Regular
17616,174,4,1060.8,1,Regular
17617,559,1,395.33,0,At Risk
17618,6,11,4073.2400000000002,1,Regular
17619,312,1,218.52,0,At Risk
17620,60,1,81.44,1,Regular
17621,21,6,3175.12,1,Regular
17622,598,2,1130.21,0,At Risk
17623,33,7,2383.67,1,Regular
17624,15,4,1568.63,1,Regular
17625,18,8,6067.8,1,Regular
17626,603,1,254.0,0,At Risk
17627,479,1,296.36,0,At Risk
17628,81,1,75.75,1,Regular
17629,6,10,2455.52,1,Regular
17630,170,2,503.6,1,Regular
17631,2,7,998.49,1,Regular
17633,31,7,2057.39,1,Regular
17634,36,9,2361.9700000000003,1,Regular
17635,424,3,1265.58,0,At Risk
17636,19,1,285.56,1,Regular
17637,31,2,547.0600000000001,1,Regular
17638,647,2,842.4000000000001,0,At Risk
17639,276,6,615.17,0,At Risk
17640,87,6,3168.94,1,Regular
17642,120,5,1824.49,1,Regular
17643,373,2,541.25,0,At Risk
17644,1,20,6028.6,1,Regular
17646,219,12,4149.79,1,Regular
17647,65,3,331.65999999999997,1,Regular
17648,61,5,2216.37,1,Regular
17649,138,3,1578.89,1,Regular
17650,21,1,166.07999999999998,1,Regular
17651,12,16,5703.52,1,Regular
17652,25,12,4867.72,1,Regular
17653,37,4,1207.56,1,Regular
17654,277,1,117.55,0,At Risk
17655,11,9,3652.48,1,Regular
17656,73,5,1674.69,1,Regular
17657,430,1,126.0,0,At Risk
17658,26,2,595.42,1,Regular
17659,17,14,3834.79,1,Regular
17660,141,2,359.47,1,Regular
17662,662,2,412.92,0,At Risk
17663,26,17,5175.83,1,Regular
17664,19,4,1166.23,1,Regular
17665,493,1,563.1,0,At Risk
17666,4,5,2047.8,1,Regular
17667,66,9,3950.7,1,Regular
17668,1,2,347.75,1,Regular
17669,43,10,6142.35,1,Regular
17670,228,1,205.7,1,Regular
17671,16,5,2403.34,1,Regular
17672,50,7,5778.63,1,Regular
17673,2,13,4233.58,1,Regular
17674,74,2,851.7,1,Regular
17675,1,70,38259.6,2,VIP
17676,4,10,2765.84,1,Regular
17677,2,54,36692.91,1,Regular
17678,264,2,599.76,0,At Risk
17679,53,7,3577.61,1,Regular
17680,24,3,497.45000000000005,1,Regular
17681,597,5,731.2,0,At Risk
17682,10,11,4456.78,1,Regular
17683,386,3,819.01,0,At Risk
17684,44,1,239.41,1,Regular
17685,17,12,5943.17,1,Regular
17686,7,9,8296.81,1,Regular
17687,421,1,432.68,0,At Risk
17688,394,1,304.2,0,At Risk
17689,388,2,317.08,0,At Risk
17690,30,20,7448.1,1,Regular
17691,358,4,780.0500000000001,0,At Risk
17692,127,12,2975.8,1,Regular
17693,137,1,200.47,1,Regular
17694,142,3,1695.97,1,Regular
17695,132,5,1746.04,1,Regular
17696,38,27,7679.59,1,Regular
17697,236,1,338.95,1,Regular
17698,261,1,154.95,0,At Risk
17699,477,2,442.0,0,At Risk
17700,17,14,6679.97,1,Regular
17701,253,1,417.95,0,At Risk
17702,30,6,3144.04,1,Regular
17703,35,4,1094.84,1,Regular
17704,169,2,885.19,1,Regular
17705,3,11,2083.9,1,Regular
17706,4,31,20749.98,1,Regular
17707,185,8,609.3,1,Regular
17708,188,4,887.9300000000001,1,Regular
17709,170,5,671.01,1,Regular
17710,424,1,293.5,0,At Risk
17711,11,2,385.1,1,Regular
17712,45,1,522.91,1,Regular
17713,382,4,1198.09,0,At Risk
17714,321,5,1410.18,0,At Risk
17715,201,2,489.59999999999997,1,Regular
17716,23,24,15956.970000000001,1,Regular
17717,421,1,376.92,0,At Risk
17718,232,2,439.18,1,Regular
17719,38,15,5396.04,1,Regular
17720,26,10,2768.91,1,Regular
17721,659,1,307.21000000000004,0,At Risk
17722,96,5,4430.36,1,Regular
17723,127,7,3378.4000000000005,1,Regular
17724,71,3,1033.0,1,Regular
17725,16,11,3439.08,1,Regular
17726,395,7,1092.06,0,At Risk
17727,15,1,1060.25,1,Regular
17728,4,5,4238.76,1,Regular
17729,596,1,438.65000000000003,0,At Risk
17730,3,20,7773.8,1,Regular
17731,79,6,1708.99,1,Regular
17732,373,8,2470.39,0,At Risk
17733,39,2,692.19,1,Regular
17734,54,6,1442.32,1,Regular
17735,2,26,17244.93,1,Regular
17736,9,3,377.44,1,Regular
17737,9,2,168.24,1,Regular
17738,19,13,4183.56,1,Regular
17739,12,18,7730.59,1,Regular
17740,389,6,426.90000000000003,0,At Risk
17741,407,2,101.1,0,At Risk
17742,113,11,2098.48,1,Regular
17743,448,1,229.2,0,At Risk
17744,4,7,2649.14,1,Regular
17745,478,2,600.34,0,At Risk
17746,240,4,904.1800000000001,1,Regular
17747,113,1,71.4,1,Regular
17748,527,1,358.15,0,At Risk
17749,178,3,1026.18,1,Regular
17750,5,9,1797.57,1,Regular
17751,421,1,157.85999999999999,0,At Risk
17752,359,1,80.64,0,At Risk
17753,464,4,390.56,0,At Risk
17754,1,13,4577.53,1,Regular
17756,376,3,733.7,0,At Risk
17757,1,56,9422.45,1,Regular
17758,19,12,5012.53,1,Regular
17759,17,5,1276.91,1,Regular
17760,22,6,918.93,1,Regular
17761,33,1,712.78,1,Regular
17762,456,1,129.75,0,At Risk
17763,263,4,86.15,0,At Risk
17764,51,5,1623.64,1,Regular
17765,159,4,530.8,1,Regular
17766,381,2,299.61,0,At Risk
17767,15,2,413.05,1,Regular
17768,8,7,3509.51,1,Regular
17769,13,17,7103.08,1,Regular
17770,199,5,1143.27,1,Regular
17771,57,4,387.41,1,Regular
17772,11,3,384.77,1,Regular
17773,514,2,585.27,0,At Risk
17774,97,9,3328.05,1,Regular
17775,255,1,56.4,0,At Risk
17776,387,2,338.56,0,At Risk
17777,25,3,665.86,1,Regular
17778,662,1,197.70000000000002,0,At Risk
17779,21,3,658.57,1,Regular
17780,667,3,352.91,0,At Risk
17781,159,2,188.02,1,Regular
17782,383,2,679.02,0,At Risk
17783,72,3,379.91,1,Regular
17784,550,1,112.86,0,At Risk
17785,53,3,403.38,1,Regular
17786,85,2,278.74,1,Regular
17787,153,4,2601.4700000000003,1,Regular
17788,74,2,1117.9,1,Regular
17789,281,2,397.15,0,At Risk
17790,27,20,2783.61,1,Regular
17791,30,1,106.1,1,Regular
17792,467,2,370.05,0,At Risk
17793,25,1,323.04,1,Regular
17794,687,2,147.3,0,At Risk
17795,180,2,350.39,1,Regular
17796,40,7,1361.99,1,Regular
17797,22,8,1985.8700000000001,1,Regular
17798,582,1,183.09,0,At Risk
17799,22,20,6341.89,1,Regular
17800,37,9,1199.01,1,Regular
17801,451,3,798.33,0,At Risk
17802,82,10,5053.12,1,Regular
17803,392,1,184.66,0,At Risk
17804,376,3,385.23,0,At Risk
17805,74,2,927.03,1,Regular
17806,11,1,546.04,1,Regular
17807,395,3,437.87,0,At Risk
17808,549,4,262.64,0,At Risk
17809,16,20,11337.39,1,Regular
17810,669,2,374.81,0,At Risk
17811,4,47,9609.8,1,Regular
17812,13,7,1165.89,1,Regular
17813,14,5,1770.88,1,Regular
17814,375,2,1617.32,0,At Risk
17815,393,1,591.96,0,At Risk
17816,37,6,112.32,1,Regular
17817,4,6,807.85,1,Regular
17818,738,1,130.18,0,At Risk
17819,72,12,6612.52,1,Regular
17820,374,1,183.56,0,At Risk
17821,406,1,334.62,0,At Risk
17822,420,5,2188.5,0,At Risk
17823,421,2,494.25,0,At Risk
17824,51,1,298.4,1,Regular
17825,599,4,731.96,0,At Risk
17826,374,1,134.59,0,At Risk
17827,5,6,2388.05,1,Regular
17828,23,4,1820.09,1,Regular
17829,299,5,4756.74,0,At Risk
17830,2,3,398.7,1,Regular
17831,33,1,35.400000000000006,1,Regular
17832,50,1,155.37,1,Regular
17833,723,1,342.36,0,At Risk
17834,415,2,730.47,0,At Risk
17835,3,3,350.64,1,Regular
17836,47,1,110.21000000000001,1,Regular
17837,42,8,1593.38,1,Regular
17838,27,13,6722.900000000001,1,Regular
17839,42,1,338.8,1,Regular
17840,444,1,185.72,0,At Risk
17841,2,211,70884.07,2,VIP
17842,602,1,430.69,0,At Risk
17843,303,2,326.23,0,At Risk
17844,107,1,51.559999999999995,1,Regular
17845,555,4,598.19,0,At Risk
17846,85,1,2033.1,1,Regular
17847,516,2,129.69,0,At Risk
17848,81,30,3650.9,1,Regular
17849,218,8,1063.76,1,Regular
17850,372,155,56600.08,2,VIP
17851,422,6,1563.34,0,At Risk
17852,12,5,663.21,1,Regular
17853,407,3,1608.19,0,At Risk
17854,185,6,1071.45,1,Regular
17855,373,1,417.94,0,At Risk
17856,2,4,1418.03,1,Regular
17857,4,24,28682.24,1,Regular
17858,6,30,12797.65,1,Regular
17859,305,1,148.21,0,At Risk
17860,369,4,1015.54,0,At Risk
17861,3,18,5127.69,1,Regular
17862,324,4,1279.09,0,At Risk
17863,59,12,5745.2,1,Regular
17864,13,5,924.32,1,Regular
17865,31,46,26374.39,1,Regular
17866,143,3,1134.95,1,Regular
17867,30,15,1621.2800000000002,1,Regular
17868,386,1,234.65,0,At Risk
17869,107,7,1036.16,1,Regular
17870,2,13,3108.15,1,Regular
17871,205,5,1118.99,1,Regular
17872,382,1,235.87,0,At Risk
17873,80,18,6515.88,1,Regular
17874,185,6,683.46,1,Regular
17875,688,1,167.1,0,At Risk
17876,400,3,3424.02,0,At Risk
17877,170,1,237.61,1,Regular
17878,44,3,1412.33,1,Regular
17879,174,1,178.52,1,Regular
17880,365,3,824.9200000000001,0,At Risk
17881,304,1,133.35,0,At Risk
17882,379,2,313.46,0,At Risk
17883,3,7,995.85,1,Regular
17884,4,20,3072.89,1,Regular
17885,12,1,190.19,1,Regular
17886,32,6,1608.38,1,Regular
17887,129,1,111.35,1,Regular
17888,21,25,1820.44,1,Regular
17889,212,7,774.87,1,Regular
17890,323,2,602.09,0,At Risk
17891,162,1,203.85999999999999,1,Regular
17892,56,3,244.1,1,Regular
17893,225,1,112.25,1,Regular
17894,72,18,2453.38,1,Regular
17895,44,1,98.0,1,Regular
17896,23,1,256.32,1,Regular
17897,173,9,2585.0,1,Regular
17898,85,4,299.18,1,Regular
17899,159,1,155.8,1,Regular
17900,190,2,112.19999999999999,1,Regular
17901,29,3,260.08,1,Regular
17902,547,1,216.4,0,At Risk
17903,394,1,381.09000000000003,0,At Risk
17904,21,1,191.67000000000002,1,Regular
17905,71,13,2383.52,1,Regular
17906,247,1,72.9,1,Regular
17907,641,1,291.76,0,At Risk
17908,374,5,1411.54,0,At Risk
17909,737,1,132.55,0,At Risk
17910,726,1,261.7,0,At Risk
17911,9,1,366.23,1,Regular
17912,310,6,375.5,0,At Risk
17913,59,14,3479.64,1,Regular
17914,4,1,336.43,1,Regular
17915,551,1,242.13,0,At Risk
17916,629,2,43.87,0,At Risk
17917,45,3,341.28,1,Regular
17918,501,3,396.39,0,At Risk
17919,88,2,1840.3200000000002,1,Regular
17920,4,54,24516.46,1,Regular
17921,64,10,2423.5,1,Regular
17922,543,1,170.4,0,At Risk
17923,282,3,497.0,0,At Risk
17924,12,8,3536.7000000000003,1,Regular
17925,373,1,488.16,0,At Risk
17926,133,5,1035.49,1,Regular
17927,722,1,294.0,0,At Risk
17928,45,3,341.24,1,Regular
17929,11,12,3082.1,1,Regular
17930,36,13,4275.22,1,Regular
17931,134,14,3437.29,1,Regular
17932,29,3,1331.57,1,Regular
17933,632,1,114.69,0,At Risk
17934,52,3,1049.15,1,Regular
17935,138,7,686.14,1,Regular
17936,5,1,389.84,1,Regular
17937,9,7,4301.22,1,Regular
17938,420,1,144.29,0,At Risk
17939,160,1,99.14,1,Regular
17940,49,16,30393.19,1,Regular
17941,131,4,1433.28,1,Regular
17942,8,1,77.50000000000001,1,Regular
17944,423,1,75.41,0,At Risk
17945,697,3,360.35,0,At Risk
17946,233,2,149.57999999999998,1,Regular
17947,37,1,176.68,1,Regular
17948,147,1,358.56000000000006,1,Regular
17949,1,118,118628.08,2,VIP
17950,72,7,1432.81,1,Regular
17951,40,4,1636.0800000000002,1,Regular
17952,378,4,819.61,0,At Risk
17953,540,1,160.82,0,At Risk
17954,5,19,3966.05,1,Regular
17955,199,6,949.9,1,Regular
17956,249,1,12.75,1,Regular
17957,66,1,111.68,1,Regular
17958,117,2,973.88,1,Regular
17959,592,1,140.75,0,At Risk
17960,171,3,135.08,1,Regular
17961,21,100,2995.54,2,VIP
17962,142,4,687.42,1,Regular
17963,471,4,651.51,0,At Risk
17964,32,2,733.46,1,Regular
17965,38,29,7240.9800000000005,1,Regular
17966,38,10,1974.42,1,Regular
17967,372,2,357.29,0,At Risk
17968,374,4,888.04,0,At Risk
17969,166,20,2369.94,1,Regular
17970,211,1,582.59,1,Regular
17971,548,1,161.94,0,At Risk
17972,242,1,136.04,1,Regular
17973,52,1,337.04,1,Regular
17974,25,6,1858.06,1,Regular
17975,15,24,7028.83,1,Regular
17976,372,1,706.38,0,At Risk
17977,29,2,1565.63,1,Regular
17978,365,4,1461.76,0,At Risk
17979,36,4,757.71,1,Regular
17980,166,4,1033.42,1,Regular
17981,411,1,239.12,0,At Risk
17982,681,1,138.18,0,At Risk
17983,395,1,171.71,0,At Risk
17984,145,5,1191.27,1,Regular
17985,22,1,634.95,1,Regular
17986,56,1,20.8,1,Regular
17987,185,5,1003.64,1,Regular
17988,12,14,489.54,1,Regular
17989,379,1,228.83,0,At Risk
17990,237,6,1527.6100000000001,1,Regular
17991,225,3,320.55,1,Regular
17992,389,1,254.13,0,At Risk
17993,617,1,235.19,0,At Risk
17994,122,11,2313.32,1,Regular
17995,282,3,495.48,0,At Risk
17996,380,3,482.33,0,At Risk
17997,74,8,1970.67,1,Regular
17998,380,3,639.24,0,At Risk
17999,37,3,730.9,1,Regular
18000,564,1,124.25,0,At Risk
18001,12,6,953.84,1,Regular
18002,376,4,249.92,0,At Risk
18003,376,1,358.61,0,At Risk
18004,362,1,169.47,0,At Risk
18005,4,2,249.72,1,Regular
18006,23,4,997.86,1,Regular
18007,393,1,220.32,0,At Risk
18008,70,23,19787.13,1,Regular
18009,235,8,2155.83,1,Regular
18010,257,1,174.8,0,At Risk
18011,373,2,527.03,0,At Risk
18012,723,1,115.3,0,At Risk
18013,155,2,187.29,1,Regular
18014,28,1,166.42,1,Regular
18015,4,1,120.03,1,Regular
18016,32,7,1960.46,1,Regular
18017,81,4,688.0,1,Regular
18018,108,4,297.99,1,Regular
18019,52,1,38.45,1,Regular
18020,544,1,190.48000000000002,0,At Risk
18021,510,2,227.06,0,At Risk
18022,36,5,1651.79,1,Regular
18024,153,2,389.78,1,Regular
18025,380,6,1177.72,0,At Risk
18026,501,2,2074.07,0,At Risk
18027,99,1,115.31,1,Regular
18028,583,1,192.05,0,At Risk
18029,642,1,433.77,0,At Risk
18030,4,2,230.64999999999998,1,Regular
18031,379,1,462.1,0,At Risk
18032,334,1,73.5,0,At Risk
18033,65,1,97.97,1,Regular
18034,22,3,793.7,1,Regular
18035,36,5,1276.74,1,Regular
18036,32,11,1563.64,1,Regular
18037,154,15,167.42,1,Regular
18038,556,1,149.41,0,At Risk
18039,374,4,579.17,0,At Risk
18040,19,2,357.20000000000005,1,Regular
18041,12,38,8752.38,1,Regular
18042,54,2,281.15,1,Regular
18043,25,3,875.97,1,Regular
18044,4,18,3505.61,1,Regular
18045,45,1,189.4,1,Regular
18046,650,1,189.63,0,At Risk
18047,381,2,342.69,0,At Risk
18048,203,3,401.73,1,Regular
18049,437,2,556.52,0,At Risk
18050,359,2,412.06,0,At Risk
18051,634,7,2282.28,0,At Risk
18052,565,1,10877.18,0,At Risk
18053,71,3,571.07,1,Regular
18054,393,1,176.5,0,At Risk
18055,7,14,11195.57,1,Regular
18056,288,2,554.6,0,At Risk
18057,393,3,1203.56,0,At Risk
18058,10,3,774.06,1,Regular
18059,23,3,306.46,1,Regular
18060,408,2,1185.46,0,At Risk
18061,22,28,6488.97,1,Regular
18062,173,6,1632.67,1,Regular
18063,391,2,186.60000000000002,0,At Risk
18064,133,11,4495.03,1,Regular
18065,6,29,5866.63,1,Regular
18066,75,3,1440.4,1,Regular
18067,40,1,396.33,1,Regular
18068,289,1,101.7,0,At Risk
18069,26,11,4540.56,1,Regular
18070,669,1,314.1,0,At Risk
18071,258,6,1428.63,1,Regular
18072,186,1,247.44,1,Regular
18073,114,12,3877.5200000000004,1,Regular
18074,374,2,1509.04,0,At Risk
18075,23,20,5783.29,1,Regular
18076,380,1,151.49,0,At Risk
18077,8,18,4338.56,1,Regular
18078,217,4,844.6,1,Regular
18079,45,5,4242.75,1,Regular
18080,19,2,1231.5,1,Regular
18081,36,3,343.45,1,Regular
18082,26,1,703.37,1,Regular
18083,398,1,470.73,0,At Risk
18084,16,3,812.9300000000001,1,Regular
18085,330,4,1645.75,0,At Risk
18086,274,1,101.34,0,At Risk
18087,98,17,14761.52,1,Regular
18088,61,1,167.67000000000002,1,Regular
18089,447,1,428.45,0,At Risk
18090,422,1,349.4,0,At Risk
18091,593,1,360.85,0,At Risk
18092,2,18,16179.44,1,Regular
18093,93,8,4452.71,1,Regular
18094,82,13,6391.52,1,Regular
18095,313,5,2303.09,0,At Risk
18096,12,6,1805.28,1,Regular
18097,8,11,4663.32,1,Regular
18098,396,1,550.84,0,At Risk
18099,127,1,168.31,1,Regular
18100,550,1,451.56,0,At Risk
18101,11,5,629.16,1,Regular
18102,1,145,608821.65,3,Key Accounts (Wholesale/Bulk)
18103,549,1,105.8,0,At Risk
18104,37,1,754.64,1,Regular
18105,38,1,113.48000000000002,1,Regular
18106,330,6,1461.46,0,At Risk
18107,442,1,167.13,0,At Risk
18108,254,3,848.8100000000001,1,Regular
18109,2,38,9893.96,1,Regular
18110,20,2,435.43,1,Regular
18111,589,1,405.85,0,At Risk
18112,12,4,775.96,1,Regular
18113,369,1,152.64000000000001,0,At Risk
18114,290,1,220.1,0,At Risk
18115,698,1,9.700000000000001,0,At Risk
18116,68,13,2154.3,1,Regular
18117,26,1,320.71999999999997,1,Regular
18118,11,29,6733.22,1,Regular
18119,368,1,362.24,0,At Risk
18120,214,1,111.15,1,Regular
18121,149,2,673.1,1,Regular
18122,8,6,1826.21,1,Regular
18123,24,3,684.59,1,Regular
18124,472,1,111.53,0,At Risk
18125,30,4,1142.99,1,Regular
18126,61,1,206.83,1,Regular
18127,19,4,561.53,1,Regular
18128,537,1,420.04,0,At Risk
18129,243,1,112.55000000000001,1,Regular
18130,15,3,1059.39,1,Regular
18131,632,1,222.95999999999998,0,At Risk
18132,504,1,226.9,0,At Risk
18133,212,1,931.5,1,Regular
18134,598,2,445.0,0,At Risk
18135,29,10,1249.6200000000001,1,Regular
18136,63,5,1631.3600000000001,1,Regular
18137,551,2,145.99,0,At Risk
18138,295,1,152.65,0,At Risk
18139,18,6,8438.34,1,Regular
18140,474,1,536.41,0,At Risk
18141,402,2,882.47,0,At Risk
18142,157,2,1019.52,1,Regular
18143,117,2,1000.16,1,Regular
18144,8,19,5058.0,1,Regular
18145,13,11,5617.79,1,Regular
18146,141,2,160.35,1,Regular
18147,46,2,179.34,1,Regular
18148,647,1,114.10000000000001,0,At Risk
18149,51,7,1624.71,1,Regular
18150,32,3,566.58,1,Regular
18151,135,6,1879.44,1,Regular
18152,646,1,426.69,0,At Risk
18153,659,1,246.22,0,At Risk
18154,3,5,932.6,1,Regular
18155,75,3,371.62,1,Regular
18156,13,2,941.1700000000001,1,Regular
18157,571,1,215.35,0,At Risk
18158,9,2,453.4,1,Regular
18159,301,1,530.15,0,At Risk
18160,57,3,1003.88,1,Regular
18161,15,6,1803.1000000000001,1,Regular
18162,732,1,379.15999999999997,0,At Risk
18163,584,1,728.84,0,At Risk
18164,37,1,399.65,1,Regular
18165,177,1,302.46,1,Regular
18166,624,1,175.5,0,At Risk
18167,23,3,1384.8600000000001,1,Regular
18168,176,16,3770.27,1,Regular
18169,61,1,202.65,1,Regular
18170,33,9,2878.0,1,Regular
18171,59,9,2437.31,1,Regular
18172,15,52,17479.84,1,Regular
18173,87,5,2696.36,1,Regular
18174,7,2,162.5,1,Regular
18175,676,1,176.10000000000002,0,At Risk
18176,358,1,476.35,0,At Risk
18177,31,9,2216.87,1,Regular
18178,129,11,6103.74,1,Regular
18179,9,8,2547.55,1,Regular
18180,5,6,1843.75,1,Regular
18181,24,5,1205.94,1,Regular
18182,463,1,291.13,0,At Risk
18183,227,2,632.07,1,Regular
18184,15,1,49.8,1,Regular
18185,249,1,304.25,1,Regular
18186,723,1,329.58000000000004,0,At Risk
18187,632,1,724.89,0,At Risk
18188,15,6,3280.59,1,Regular
18189,78,3,1403.73,1,Regular
18190,192,5,745.62,1,Regular
18191,262,2,529.4,0,At Risk
18192,72,1,957.97,1,Regular
18193,165,3,1207.3500000000001,1,Regular
18194,82,6,4162.04,1,Regular
18195,387,1,101.16,0,At Risk
18196,95,4,1464.31,1,Regular
18197,576,1,230.1,0,At Risk
18198,4,17,5425.56,1,Regular
18199,684,1,344.75,0,At Risk
18200,106,1,163.8,1,Regular
18201,723,1,447.53000000000003,0,At Risk
18202,200,3,1396.99,1,Regular
18203,157,4,504.42,1,Regular
18204,71,3,1993.7,1,Regular
18205,36,2,517.36,1,Regular
18206,553,1,314.65999999999997,0,At Risk
18207,499,1,544.47,0,At Risk
18208,566,1,360.08,0,At Risk
18209,29,1,139.10000000000002,1,Regular
18210,2,7,2768.83,1,Regular
18211,26,5,600.07,1,Regular
18212,326,2,546.72,0,At Risk
18213,237,1,232.48000000000002,1,Regular
18214,531,4,1780.34,0,At Risk
18215,89,5,2247.4900000000002,1,Regular
18216,31,1,481.75,1,Regular
18217,29,4,945.04,1,Regular
18218,211,4,1142.0,1,Regular
18219,3,17,3562.89,1,Regular
18220,227,6,1921.76,1,Regular
18221,22,6,1424.94,1,Regular
18222,93,1,443.0,1,Regular
18223,5,26,14000.85,1,Regular
18224,264,1,158.95000000000002,0,At Risk
18225,3,26,13054.26,1,Regular
18226,44,26,11878.88,1,Regular
18227,218,2,388.75,1,Regular
18228,57,2,779.9,1,Regular
18229,12,28,10803.71,1,Regular
18230,9,9,4291.06,1,Regular
18231,192,28,6880.97,1,Regular
18232,82,4,592.97,1,Regular
18233,326,1,440.0,0,At Risk
18234,552,1,179.6,0,At Risk
18235,72,3,1796.48,1,Regular
18236,30,12,1795.3500000000001,1,Regular
18237,3,5,987.1,1,Regular
18238,515,1,270.92,0,At Risk
18239,219,6,2150.36,1,Regular
18240,46,1,422.58,1,Regular
18241,10,21,2986.9900000000002,1,Regular
18242,72,8,3605.21,1,Regular
18243,414,1,515.78,0,At Risk
18244,431,2,568.64,0,At Risk
18245,7,20,6324.9800000000005,1,Regular
18246,24,3,758.8199999999999,1,Regular
18247,415,3,839.73,0,At Risk
18248,123,2,804.02,1,Regular
18249,17,1,95.34,1,Regular
18250,310,1,349.27,0,At Risk
18251,87,9,26278.86,1,Regular
18252,51,7,1542.09,1,Regular
18253,643,1,317.88,0,At Risk
18254,581,1,267.9,0,At Risk
18255,89,2,303.15,1,Regular
18256,388,1,110.69999999999999,0,At Risk
18257,39,12,4600.15,1,Regular
18258,464,6,2059.67,0,At Risk
18259,25,7,4318.2,1,Regular
18260,173,23,9962.11,1,Regular
18261,43,2,324.24,1,Regular
18262,140,3,577.54,1,Regular
18263,26,3,1213.16,1,Regular
18264,499,1,603.25,0,At Risk
18265,72,2,801.51,1,Regular
18266,434,1,251.1,0,At Risk
18267,673,1,269.37,0,At Risk
18268,134,6,1490.23,1,Regular
18269,366,1,337.20000000000005,0,At Risk
18270,38,3,444.55,1,Regular
18271,610,2,680.85,0,At Risk
18272,3,9,4385.9800000000005,1,Regular
18273,2,4,357.0,1,Regular
18274,30,1,175.92,1,Regular
18275,578,2,741.85,0,At Risk
18276,44,6,1656.52,1,Regular
18277,58,5,1180.05,1,Regular
18278,74,2,414.20000000000005,1,Regular
18279,519,1,231.34,0,At Risk
18280,278,2,488.15000000000003,0,At Risk
18281,181,2,201.14,1,Regular
18282,8,2,178.05,1,Regular
18283,4,22,2736.65,1,Regular
18284,432,1,461.68,0,At Risk
18285,661,1,427.0,0,At Risk
18286,477,2,1296.43,0,At Risk
18287,43,7,4182.99,1,Regular
