Customer ID,Recency,Frequency,Monetary,Cluster,Segment,AvgOrderValue
12346,326,12,77556.46,1,Regular,6463.038333333334
12347,2,8,5633.32,1,Regular,704.165
12348,75,5,2019.4,1,Regular,403.88
12349,19,4,4428.6900000000005,1,Regular,1107.1725000000001
12350,310,1,334.40000000000003,0,At Risk,334.40000000000003
12351,375,1,300.93,0,At Risk,300.93
12352,36,10,2849.84,1,Regular,284.98400000000004
12353,204,2,406.76,1,Regular,203.38
12354,232,1,1079.4,1,Regular,1079.4
12355,214,2,947.61,1,Regular,473.805
12356,23,6,6373.68,1,Regular,1062.28
12357,33,3,18287.66,1,Regular,6095.886666666666
12358,2,5,3887.07,1,Regular,777.414
12359,58,10,8935.94,1,Regular,893.594
12360,52,8,4252.89,1,Regular,531.61125
12361,287,4,511.25,0,At Risk,127.8125
12362,3,11,5356.2300000000005,1,Regular,486.93000000000006
12363,110,2,552.0,1,Regular,276.0
12364,8,4,1313.1,1,Regular,328.275
12365,291,2,641.38,0,At Risk,320.69
12366,634,1,500.24,0,At Risk,500.24
12367,4,1,168.9,1,Regular,168.9
12368,628,1,917.7,0,At Risk,917.7
12369,413,3,1791.15,0,At Risk,597.0500000000001
12370,51,7,4320.31,1,Regular,617.1871428571429
12371,45,5,4067.38,1,Regular,813.476
12372,72,3,1298.04,1,Regular,432.68
12373,311,3,1127.65,0,At Risk,375.8833333333334
12374,25,4,2989.2200000000003,1,Regular,747.3050000000001
12375,11,2,457.5,1,Regular,228.75
12376,390,2,503.15,0,At Risk,251.575
12377,315,4,3426.32,0,At Risk,856.58
12378,130,2,5416.32,1,Regular,2708.16
12379,82,4,1620.22,1,Regular,405.055
12380,22,11,9676.3,1,Regular,879.6636363636363
12381,5,5,1845.31,1,Regular,369.062
12383,185,5,1850.56,1,Regular,370.11199999999997
12384,29,2,585.27,1,Regular,292.635
12385,379,1,1938.4,0,At Risk,1938.4
12386,338,2,660.8000000000001,0,At Risk,330.40000000000003
12387,415,1,143.94,0,At Risk,143.94
12388,16,8,3901.11,1,Regular,487.63875
12389,403,3,1433.33,0,At Risk,477.77666666666664
12390,80,1,549.84,1,Regular,549.84
12391,22,6,2773.42,1,Regular,462.2366666666667
12392,591,1,234.75000000000003,0,At Risk,234.75000000000003
12393,72,6,2399.45,1,Regular,399.9083333333333
12394,64,2,1272.48,1,Regular,636.24
12395,19,15,5067.27,1,Regular,337.81800000000004
12396,674,1,931.43,0,At Risk,931.43
12397,36,2,2409.9,1,Regular,1204.95
12398,46,1,1635.66,1,Regular,1635.66
12399,119,7,1962.3,1,Regular,280.3285714285714
12400,414,1,205.25,0,At Risk,205.25
12401,303,1,84.3,0,At Risk,84.3
12402,323,6,1256.9,0,At Risk,209.48333333333335
12403,50,2,1019.36,1,Regular,509.68
12404,682,1,63.24,0,At Risk,63.24
12405,149,1,1710.39,1,Regular,1710.39
12406,22,5,6390.36,1,Regular,1278.072
12407,50,5,1708.12,1,Regular,341.62399999999997
12408,33,8,4340.77,1,Regular,542.59625
12409,79,7,23419.29,1,Regular,3345.612857142857
12410,309,3,1013.71,0,At Risk,337.90333333333336
12411,410,1,346.9,0,At Risk,346.9
12412,75,6,2596.93,1,Regular,432.82166666666666
12413,67,4,999.45,1,Regular,249.8625
12414,217,6,952.41,1,Regular,158.73499999999999
12415,24,28,144458.37,2,VIP,5159.2275
12416,657,1,202.56,0,At Risk,202.56
12417,3,20,6816.91,1,Regular,340.8455
12418,113,4,2021.2,1,Regular,505.3
12419,386,2,503.01,0,At Risk,251.505
12420,64,1,600.39,1,Regular,600.39
12421,16,6,1098.6,1,Regular,183.1
12422,96,17,5231.8,1,Regular,307.7529411764706
12423,1,10,2622.39,1,Regular,262.239
12424,163,4,3340.03,1,Regular,835.0075
12425,78,2,1741.41,1,Regular,870.705
12426,195,2,1345.21,1,Regular,672.605
12427,22,3,1129.3,1,Regular,376.43333333333334
12428,26,9,7956.46,1,Regular,884.0511111111111
12429,9,8,7485.91,1,Regular,935.73875
12430,43,1,256.4,1,Regular,256.4
12431,36,27,10857.97,1,Regular,402.147037037037
12432,43,5,5059.32,1,Regular,1011.8639999999999
12433,1,10,20581.26,1,Regular,2058.1259999999997
12434,85,3,1103.43,1,Regular,367.81
12435,80,6,13925.93,1,Regular,2320.9883333333332
12436,100,1,509.01,1,Regular,509.01
12437,2,39,12683.4,1,Regular,325.2153846153846
12438,14,2,2906.85,1,Regular,1453.425
12439,683,2,1158.18,0,At Risk,579.09
12440,462,2,859.2,0,At Risk,429.6
12441,367,1,347.1,0,At Risk,347.1
12442,3,1,172.06,1,Regular,172.06
12443,732,1,485.31,0,At Risk,485.31
12444,21,5,5005.46,1,Regular,1001.092
12445,22,2,434.98,1,Regular,217.49
12446,58,1,1002.31,1,Regular,1002.31
12447,243,1,476.49,1,Regular,476.49
12448,44,1,449.45,1,Regular,449.45
12449,22,6,4835.89,1,Regular,805.9816666666667
12450,156,5,688.2,1,Regular,137.64000000000001
12451,11,8,12669.88,1,Regular,1583.735
12452,17,2,430.5700000000001,1,Regular,215.28500000000005
12453,134,1,707.09,1,Regular,707.09
12454,56,5,16679.78,1,Regular,3335.9559999999997
12455,73,10,5879.95,1,Regular,587.995
12456,44,3,3181.04,1,Regular,1060.3466666666666
12457,66,8,2995.91,1,Regular,374.48875
12458,71,4,1777.49,1,Regular,444.3725
12459,605,1,454.36,0,At Risk,454.36
12460,456,1,326.65,0,At Risk,326.65
12461,94,2,826.88,1,Regular,413.44
12462,19,2,1189.59,1,Regular,594.795
12463,53,4,1344.78,1,Regular,336.195
12464,10,8,1212.05,1,Regular,151.50625
12465,17,2,742.19,1,Regular,371.095
12466,682,1,56.73,0,At Risk,56.73
12467,423,1,132.8,0,At Risk,132.8
12468,188,5,3670.74,1,Regular,734.1479999999999
12469,523,2,3070.54,0,At Risk,1535.27
12470,690,1,211.95,0,At Risk,211.95
12471,2,79,39963.79,2,VIP,505.8707594936709
12472,32,19,17880.59,1,Regular,941.0836842105264
12473,29,5,3938.55,1,Regular,787.71
12474,17,31,12424.45,1,Regular,400.7887096774194
12475,54,2,1149.64,1,Regular,574.82
12476,16,23,14115.41,1,Regular,613.7134782608696
12477,23,9,20276.37,1,Regular,2252.93
12478,4,1,680.99,1,Regular,680.99
12479,11,1,527.2,1,Regular,527.2
12480,28,7,5464.85,1,Regular,780.6928571428572
12481,23,15,12361.39,1,Regular,824.0926666666667
12482,576,29,23691.4,0,At Risk,816.944827586207
12483,17,19,5120.58,1,Regular,269.5042105263158
12484,33,12,6370.15,1,Regular,530.8458333333333
12485,529,1,708.1,0,At Risk,708.1
12486,432,1,1037.28,0,At Risk,1037.28
12487,731,1,285.3,0,At Risk,285.3
12488,10,3,1298.66,1,Regular,432.8866666666667
12489,336,1,334.93,0,At Risk,334.93
12490,5,21,9823.64,1,Regular,467.79238095238094
12491,39,1,460.4,1,Regular,460.4
12492,63,3,715.21,1,Regular,238.40333333333334
12493,166,2,433.74,1,Regular,216.87
12494,16,9,1872.87,1,Regular,208.09666666666666
12495,641,1,357.4,0,At Risk,357.4
12496,620,2,54.09,0,At Risk,27.045
12497,82,3,6248.5,1,Regular,2082.8333333333335
12498,21,3,403.7000000000001,1,Regular,134.5666666666667
12499,560,1,393.72,0,At Risk,393.72
12500,23,19,5955.21,1,Regular,313.4321052631579
12501,337,1,2169.39,0,At Risk,2169.39
12502,96,5,3723.87,1,Regular,744.774
12503,584,1,1126.0,0,At Risk,1126.0
12504,18,4,779.05,1,Regular,194.7625
12505,409,1,955.2,0,At Risk,955.2
12506,233,1,73.5,1,Regular,73.5
12507,134,4,1844.06,1,Regular,461.015
12508,26,2,398.27,1,Regular,199.135
12509,284,1,176.5,0,At Risk,176.5
12510,143,9,5178.02,1,Regular,575.3355555555556
12511,429,1,3084.02,0,At Risk,3084.02
12512,66,2,138.03,1,Regular,69.015
12513,113,1,612.29,1,Regular,612.29
12514,267,2,1597.76,0,At Risk,798.88
12515,353,1,383.7,0,At Risk,383.7
12516,78,4,2648.62,1,Regular,662.155
12517,28,5,2502.84,1,Regular,500.56800000000004
12518,1,5,2056.89,1,Regular,411.378
12519,64,2,726.54,1,Regular,363.27
12520,79,5,2634.26,1,Regular,526.8520000000001
12521,143,1,599.68,1,Regular,599.68
12522,39,2,192.72,1,Regular,96.36
12523,19,23,4372.15,1,Regular,190.09347826086955
12524,9,17,11126.11,1,Regular,654.4770588235294
12525,498,3,973.73,0,At Risk,324.57666666666665
12526,1,3,1316.66,1,Regular,438.8866666666667
12527,82,5,735.51,1,Regular,147.102
12528,9,6,1933.48,1,Regular,322.24666666666667
12529,528,1,316.48,0,At Risk,316.48
12530,60,9,3759.26,1,Regular,417.6955555555556
12531,15,2,1933.2,1,Regular,966.6
12532,30,1,349.83000000000004,1,Regular,349.83000000000004
12533,628,2,1367.89,0,At Risk,683.945
12534,131,1,1089.18,1,Regular,1089.18
12535,92,2,716.35,1,Regular,358.175
12536,43,3,12601.830000000002,1,Regular,4200.610000000001
12537,409,1,732.94,0,At Risk,732.94
12538,29,2,640.45,1,Regular,320.225
12539,22,7,11214.75,1,Regular,1602.107142857143
12540,20,33,22254.49,1,Regular,674.3784848484848
12541,30,3,981.18,1,Regular,327.06
12542,484,2,481.88,0,At Risk,240.94
12543,448,1,980.25,0,At Risk,980.25
12544,36,1,372.7,1,Regular,372.7
12545,75,2,1000.39,1,Regular,500.195
12546,47,2,1161.5,1,Regular,580.75
12547,198,3,383.58,1,Regular,127.86
12548,166,1,95.2,1,Regular,95.2
12549,576,6,1575.68,0,At Risk,262.61333333333334
12550,79,1,964.83,1,Regular,964.83
12551,358,1,168.0,0,At Risk,168.0
12552,39,2,437.82,1,Regular,218.91
12553,8,12,4608.75,1,Regular,384.0625
12554,449,1,468.5,0,At Risk,468.5
12555,682,1,129.23,0,At Risk,129.23
12556,50,2,603.71,1,Regular,301.855
12557,16,8,18716.14,1,Regular,2339.5175
12558,8,1,269.96,1,Regular,269.96
12559,311,2,561.71,0,At Risk,280.855
12560,5,3,2134.01,1,Regular,711.3366666666667
12561,303,1,238.85,0,At Risk,238.85
12562,8,9,4966.92,1,Regular,551.88
12563,409,1,249.24,0,At Risk,249.24
12564,261,1,456.9,0,At Risk,456.9
12565,289,1,145.92000000000002,0,At Risk,145.92000000000002
12566,86,1,351.65,1,Regular,351.65
12567,23,15,13709.86,1,Regular,913.9906666666667
12568,645,1,70.0,0,At Risk,70.0
12569,2,32,4124.6900000000005,1,Regular,128.89656250000002
12570,682,1,77.52,0,At Risk,77.52
12571,40,2,519.61,1,Regular,259.805
12572,9,2,1020.42,1,Regular,510.21
12573,227,5,717.41,1,Regular,143.482
12574,316,1,218.45,0,At Risk,218.45
12575,457,2,622.82,0,At Risk,311.41
12576,36,8,2142.7200000000003,1,Regular,267.84000000000003
12577,35,8,1653.75,1,Regular,206.71875
12578,21,4,4642.45,1,Regular,1160.6125
12579,78,1,440.42,1,Regular,440.42
12580,247,2,1052.9,1,Regular,526.45
12581,40,1,197.71,1,Regular,197.71
12582,239,4,1980.4,1,Regular,495.1
12583,3,27,14447.44,1,Regular,535.0903703703704
12584,4,9,2338.15,1,Regular,259.7944444444445
12585,234,2,2040.1,1,Regular,1020.05
12586,17,4,2062.67,1,Regular,515.6675
12587,8,1,144.0,1,Regular,144.0
12588,39,4,958.78,1,Regular,239.695
12589,29,8,4695.66,1,Regular,586.9575
12590,211,2,9864.26,1,Regular,4932.13
12591,317,3,1352.15,0,At Risk,450.7166666666667
12592,92,5,2582.66,1,Regular,516.5319999999999
12593,109,3,418.1,1,Regular,139.36666666666667
12594,38,15,5090.110000000001,1,Regular,339.3406666666667
12595,505,1,299.02,0,At Risk,299.02
12596,51,2,618.27,1,Regular,309.135
12597,19,4,3811.22,1,Regular,952.805
12598,10,11,4534.09,1,Regular,412.19
12599,29,13,2296.72,1,Regular,176.67076923076922
12600,29,21,5043.92,1,Regular,240.18666666666667
12601,190,6,681.26,1,Regular,113.54333333333334
12602,59,1,153.12,1,Regular,153.12
12603,22,1,739.1999999999999,1,Regular,739.1999999999999
12604,79,2,254.18,1,Regular,127.09
12605,376,4,1232.95,0,At Risk,308.2375
12606,682,1,21.0,0,At Risk,21.0
12607,60,1,1579.51,1,Regular,1579.51
12608,405,1,415.79,0,At Risk,415.79
12609,78,9,3435.86,1,Regular,381.76222222222225
12610,23,5,2099.54,1,Regular,419.908
12611,52,1,1193.32,1,Regular,1193.32
12612,74,1,704.04,1,Regular,704.04
12613,57,10,6835.07,1,Regular,683.507
12614,278,1,315.6,0,At Risk,315.6
12615,2,8,5740.9800000000005,1,Regular,717.6225000000001
12616,95,3,1131.1,1,Regular,377.0333333333333
12617,29,1,355.53000000000003,1,Regular,355.53000000000003
12618,22,1,177.31,1,Regular,177.31
12619,16,10,3781.38,1,Regular,378.13800000000003
12620,15,3,1339.41,1,Regular,446.47
12621,2,35,24775.81,1,Regular,707.8802857142857
12622,232,1,180.1,1,Regular,180.1
12623,276,7,3747.84,0,At Risk,535.4057142857143
12624,106,2,641.13,1,Regular,320.565
12625,212,4,5164.88,1,Regular,1291.22
12626,23,9,6620.4800000000005,1,Regular,735.6088888888889
12627,11,7,4478.53,1,Regular,639.79
12628,4,3,786.46,1,Regular,262.15333333333336
12629,386,2,1558.22,0,At Risk,779.11
12630,10,2,1270.88,1,Regular,635.44
12631,57,6,3481.57,1,Regular,580.2616666666667
12632,521,2,804.88,0,At Risk,402.44
12633,59,7,5678.16,1,Regular,811.1657142857142
12634,536,2,490.0,0,At Risk,245.0
12635,90,4,2930.41,1,Regular,732.6025
12636,739,1,141.0,0,At Risk,141.0
12637,67,12,8340.31,1,Regular,695.0258333333333
12638,33,2,921.49,1,Regular,460.745
12639,239,3,1312.37,1,Regular,437.45666666666665
12640,24,3,1174.58,1,Regular,391.52666666666664
12641,115,1,185.9,1,Regular,185.9
12642,25,3,1013.26,1,Regular,337.75333333333333
12643,128,12,8350.42,1,Regular,695.8683333333333
12644,130,4,1918.49,1,Regular,479.6225
12645,34,8,3539.3,1,Regular,442.4125
12646,5,2,1346.97,1,Regular,673.485
12647,22,36,17924.35,1,Regular,497.89861111111105
12648,155,4,1112.0,1,Regular,278.0
12649,107,8,2294.65,1,Regular,286.83125
12650,3,1,314.44,1,Regular,314.44
12651,335,4,377.75,0,At Risk,94.4375
12652,331,2,1017.03,0,At Risk,508.515
12653,149,3,4160.83,1,Regular,1386.9433333333334
12654,11,5,601.98,1,Regular,120.396
12655,424,1,261.35,0,At Risk,261.35
12656,17,8,6407.83,1,Regular,800.97875
12657,11,4,1643.18,1,Regular,410.795
12658,19,1,686.05,1,Regular,686.05
12659,30,1,91.68,1,Regular,91.68
12660,11,1,245.1,1,Regular,245.1
12661,436,1,162.0,0,At Risk,162.0
12662,1,20,6988.02,1,Regular,349.401
12663,625,2,239.4,0,At Risk,119.7
12664,8,11,6070.04,1,Regular,551.8218181818182
12665,325,3,313.6,0,At Risk,104.53333333333335
12666,394,1,1248.42,0,At Risk,1248.42
12667,58,1,620.13,1,Regular,620.13
12668,12,10,11444.68,1,Regular,1144.468
12669,151,3,2744.03,1,Regular,914.6766666666667
12670,10,7,3760.29,1,Regular,537.1842857142857
12671,606,1,2622.481,0,At Risk,2622.481
12672,330,2,437.05,0,At Risk,218.525
12673,5,3,1230.02,1,Regular,410.00666666666666
12674,39,4,1970.6,1,Regular,492.65
12675,554,2,958.5,0,At Risk,479.25
12676,25,11,2843.09,1,Regular,258.4627272727273
12677,555,2,395.1,0,At Risk,197.55
12678,42,21,34281.18,1,Regular,1632.4371428571428
12679,59,4,1113.02,1,Regular,278.255
12680,1,4,880.81,1,Regular,220.2025
12681,15,45,30868.28,1,Regular,685.9617777777778
12682,4,52,24033.91,1,Regular,462.19057692307695
12683,4,21,12696.78,1,Regular,604.6085714285715
12684,8,7,2283.63,1,Regular,326.23285714285714
12685,28,6,2863.08,1,Regular,477.18
12686,372,1,178.28,0,At Risk,178.28
12687,481,2,2138.91,0,At Risk,1069.455
12688,114,1,4873.81,1,Regular,4873.81
12689,26,2,1247.61,1,Regular,623.805
12690,206,1,389.01,1,Regular,389.01
12691,28,7,1170.4,1,Regular,167.20000000000002
12692,637,1,110.95,0,At Risk,110.95
12693,127,7,1703.02,1,Regular,243.28857142857143
12694,70,3,1843.35,1,Regular,614.4499999999999
12695,7,7,1407.12,1,Regular,201.01714285714283
12696,435,2,851.91,0,At Risk,425.955
12697,29,3,957.59,1,Regular,319.19666666666666
12698,590,1,339.75,0,At Risk,339.75
12699,418,1,638.11,0,At Risk,638.11
12700,8,4,4939.99,1,Regular,1234.9975
12701,80,6,2446.41,1,Regular,407.73499999999996
12702,20,1,219.0,1,Regular,219.0
12703,71,4,1006.53,1,Regular,251.6325
12704,7,8,2340.84,1,Regular,292.605
12705,15,14,11762.1,1,Regular,840.15
12707,292,1,603.42,0,At Risk,603.42
12708,30,18,5314.1,1,Regular,295.2277777777778
12709,15,34,31093.34,1,Regular,914.51
12710,97,3,1149.02,1,Regular,383.00666666666666
12711,612,2,1339.05,0,At Risk,669.525
12712,29,21,7193.66,1,Regular,342.5552380952381
12713,1,1,848.55,1,Regular,848.55
12714,9,12,14093.71,1,Regular,1174.4758333333332
12715,106,1,353.86,1,Regular,353.86
12716,4,2,1053.49,1,Regular,526.745
12717,151,3,1308.91,1,Regular,436.30333333333334
12718,71,1,238.25,1,Regular,238.25
12719,5,2,644.95,1,Regular,322.475
12720,3,30,8260.67,1,Regular,275.35566666666665
12721,32,8,4013.08,1,Regular,501.635
12722,85,4,997.63,1,Regular,249.4075
12723,4,5,725.07,1,Regular,145.014
12724,5,7,2317.52,1,Regular,331.07428571428574
12725,371,4,2694.56,0,At Risk,673.64
12726,28,11,4014.6,1,Regular,364.96363636363634
12727,11,10,5679.53,1,Regular,567.953
12728,71,5,1070.17,1,Regular,214.03400000000002
12729,114,1,453.01,1,Regular,453.01
12730,522,1,829.25,0,At Risk,829.25
12731,24,17,25775.71,1,Regular,1516.2182352941177
12732,180,1,236.26,1,Regular,236.26
12733,234,4,2424.87,1,Regular,606.2175
12734,353,3,639.65,0,At Risk,213.21666666666667
12735,315,2,779.5699999999999,0,At Risk,389.78499999999997
12736,333,1,234.0,0,At Risk,234.0
12737,499,2,3710.5,0,At Risk,1855.25
12738,372,1,310.7,0,At Risk,310.7
12739,78,4,2726.73,1,Regular,681.6825
12740,64,1,427.6,1,Regular,427.6
12741,529,2,406.07,0,At Risk,203.035
12742,626,1,1201.52,0,At Risk,1201.52
12743,134,2,546.43,1,Regular,273.215
12744,52,11,25317.06,1,Regular,2301.550909090909
12745,487,3,925.41,0,At Risk,308.46999999999997
12746,541,1,254.55,0,At Risk,254.55
12747,2,26,9276.54,1,Regular,356.79
12748,1,336,56599.39,2,VIP,168.45056547619046
12749,4,9,6897.36,1,Regular,766.3733333333333
12750,129,1,275.88,1,Regular,275.88
12751,445,1,268.27,0,At Risk,268.27
12752,81,1,4366.78,1,Regular,4366.78
12753,23,6,21429.39,1,Regular,3571.565
12754,236,3,3010.74,1,Regular,1003.5799999999999
12755,281,11,9030.66,1,Regular,820.9690909090909
12756,87,1,112.08,1,Regular,112.08
12757,16,13,7857.1,1,Regular,604.3923076923077
12758,117,7,9903.24,1,Regular,1414.7485714285715
12759,52,8,5020.74,1,Regular,627.5925
12760,456,1,347.8,0,At Risk,347.8
12761,458,2,782.95,0,At Risk,391.475
12762,8,2,1898.52,1,Regular,949.26
12763,138,2,814.16,1,Regular,407.08
12764,317,1,1693.88,0,At Risk,1693.88
12765,472,6,1404.58,0,At Risk,234.09666666666666
12766,4,9,10068.28,1,Regular,1118.697777777778
12767,376,1,949.82,0,At Risk,949.82
12768,451,1,168.69,0,At Risk,168.69
12769,239,1,1143.6,1,Regular,1143.6
12770,211,2,3246.45,1,Regular,1623.225
12771,486,1,282.3,0,At Risk,282.3
12772,60,1,892.47,1,Regular,892.47
12773,564,1,124.25,0,At Risk,124.25
12774,536,1,98.7,0,At Risk,98.7
12775,17,7,1686.12,1,Regular,240.8742857142857
12776,668,1,55.5,0,At Risk,55.5
12777,458,1,519.45,0,At Risk,519.45
12778,20,9,1775.68,1,Regular,197.29777777777778
12779,38,14,6722.27,1,Regular,480.1621428571429
12780,599,1,337.4,0,At Risk,337.4
12781,64,2,826.74,1,Regular,413.37
12782,5,11,4618.24,1,Regular,419.84
12783,2,6,2225.91,1,Regular,370.98499999999996
12784,9,3,1804.75,1,Regular,601.5833333333334
12785,364,3,1100.4,0,At Risk,366.8
12786,610,1,728.5000000000001,0,At Risk,728.5000000000001
12787,10,4,862.1800000000001,1,Regular,215.54500000000002
12788,463,4,444.9,0,At Risk,111.225
12789,65,3,273.35,1,Regular,91.11666666666667
12790,192,2,591.85,1,Regular,295.925
12791,374,6,1056.11,0,At Risk,176.01833333333332
12792,257,2,827.01,0,At Risk,413.505
12793,335,3,1017.33,0,At Risk,339.11
12794,53,2,860.41,1,Regular,430.205
12795,19,1,430.48,1,Regular,430.48
12796,628,1,381.0,0,At Risk,381.0
12797,366,2,806.11,0,At Risk,403.055
12798,10,4,8510.93,1,Regular,2127.7325
12799,529,1,219.35,0,At Risk,219.35
12800,470,3,584.25,0,At Risk,194.75
12801,501,1,1071.82,0,At Risk,1071.82
12802,187,7,2416.42,1,Regular,345.20285714285717
12803,393,1,1092.81,0,At Risk,1092.81
12804,466,2,327.02,0,At Risk,163.51
12805,382,4,1434.95,0,At Risk,358.7375
12806,435,4,2878.96,0,At Risk,719.74
12807,383,1,330.35,0,At Risk,330.35
12808,37,5,906.1,1,Regular,181.22
12809,178,3,1755.94,1,Regular,585.3133333333334
12810,535,2,534.99,0,At Risk,267.495
12811,261,5,1033.9,1,Regular,206.78000000000003
12812,45,1,229.64,1,Regular,229.64
12813,502,3,1687.8,0,At Risk,562.6
12814,102,1,125.92,1,Regular,125.92
12815,148,2,1063.46,1,Regular,531.73
12816,96,2,572.2,1,Regular,286.1
12817,281,3,690.98,0,At Risk,230.32666666666668
12818,262,1,1542.08,0,At Risk,1542.08
12819,458,1,540.52,0,At Risk,540.52
12820,3,11,2689.52,1,Regular,244.50181818181818
12821,214,2,220.8,1,Regular,110.4
12822,71,2,948.88,1,Regular,474.44
12823,75,18,6501.5,1,Regular,361.19444444444446
12824,60,1,397.12,1,Regular,397.12
12825,521,2,518.63,0,At Risk,259.315
12826,3,12,2955.75,1,Regular,246.3125
12827,6,3,430.15,1,Regular,143.38333333333333
12828,3,6,1018.71,1,Regular,169.785
12829,337,3,385.3,0,At Risk,128.43333333333334
12830,38,6,6814.64,1,Regular,1135.7733333333333
12831,262,3,451.11,0,At Risk,150.37
12832,32,2,383.03,1,Regular,191.515
12833,145,1,417.38,1,Regular,417.38
12834,283,1,312.38,0,At Risk,312.38
12835,428,41,6043.31,0,At Risk,147.3978048780488
12836,59,15,6585.62,1,Regular,439.04133333333334
12837,173,2,688.41,1,Regular,344.205
12838,34,10,3398.48,1,Regular,339.848
12839,3,26,10071.73,1,Regular,387.37423076923073
12840,144,7,4041.97,1,Regular,577.4242857142857
12841,5,40,7540.68,1,Regular,188.517
12842,70,4,1917.99,1,Regular,479.4975
12843,66,30,6588.41,1,Regular,219.61366666666666
12844,29,4,648.6,1,Regular,162.15
12845,267,4,354.09000000000003,0,At Risk,88.52250000000001
12846,682,1,15.58,0,At Risk,15.58
12847,22,2,1636.9,1,Regular,818.45
12848,676,1,208.0,0,At Risk,208.0
12849,31,6,3090.56,1,Regular,515.0933333333334
12850,446,1,330.0,0,At Risk,330.0
12851,97,2,284.13,1,Regular,142.065
12852,295,1,311.55,0,At Risk,311.55
12853,135,11,3907.5,1,Regular,355.22727272727275
12854,79,7,2994.02,1,Regular,427.71714285714285
12855,373,4,650.94,0,At Risk,162.735
12856,8,6,2179.93,1,Regular,363.32166666666666
12857,211,6,3688.0,1,Regular,614.6666666666666
12858,383,1,177.92,0,At Risk,177.92
12859,459,1,575.1,0,At Risk,575.1
12860,693,1,55.47,0,At Risk,55.47
12861,620,1,68.25,0,At Risk,68.25
12862,426,2,1008.32,0,At Risk,504.16
12863,52,6,2792.55,1,Regular,465.425
12864,138,2,299.57,1,Regular,149.785
12865,26,4,3323.4700000000003,1,Regular,830.8675000000001
12866,283,3,1227.35,0,At Risk,409.1166666666666
12867,26,13,7913.29,1,Regular,608.7146153846154
12868,186,8,2247.06,1,Regular,280.8825
12869,682,1,337.67,0,At Risk,337.67
12870,375,3,1676.95,0,At Risk,558.9833333333333
12871,84,3,744.02,1,Regular,248.00666666666666
12872,327,12,3685.49,0,At Risk,307.12416666666667
12873,282,3,2027.3,0,At Risk,675.7666666666667
12874,385,2,948.42,0,At Risk,474.21
12875,143,5,1356.9900000000002,1,Regular,271.398
12876,58,4,4081.79,1,Regular,1020.4475
12877,4,20,2955.17,1,Regular,147.7585
12878,236,2,854.99,1,Regular,427.495
12879,45,3,573.22,1,Regular,191.07333333333335
12880,382,2,640.13,0,At Risk,320.065
12881,276,1,298.0,0,At Risk,298.0
12882,9,2,1463.04,1,Regular,731.52
12883,25,4,703.47,1,Regular,175.8675
12884,88,1,309.05,1,Regular,309.05
12885,63,3,1175.22,1,Regular,391.74
12886,68,2,1378.4,1,Regular,689.2
12887,384,1,222.4,0,At Risk,222.4
12888,214,2,354.12,1,Regular,177.06
12889,381,4,385.46,0,At Risk,96.365
12890,24,2,717.27,1,Regular,358.635
12891,186,11,840.5,1,Regular,76.4090909090909
12892,397,1,263.38,0,At Risk,263.38
12893,31,1,188.14,1,Regular,188.14
12894,575,1,157.35,0,At Risk,157.35
12895,42,2,372.8,1,Regular,186.4
12897,205,4,514.25,1,Regular,128.5625
12898,464,2,310.96,0,At Risk,155.48
12899,414,1,366.4,0,At Risk,366.4
12900,422,1,340.33000000000004,0,At Risk,340.33000000000004
12901,9,28,17654.54,1,Regular,630.5192857142857
12902,265,1,138.68,0,At Risk,138.68
12903,429,1,833.5300000000001,0,At Risk,833.5300000000001
12904,18,2,509.58,1,Regular,254.79
12905,577,2,1018.42,0,At Risk,509.21
12906,12,5,2919.81,1,Regular,583.962
12907,396,2,508.91,0,At Risk,254.455
12908,176,5,1776.0,1,Regular,355.2
12909,40,8,3103.19,1,Regular,387.89875
12910,23,13,5796.52,1,Regular,445.8861538461539
12911,552,1,1680.47,0,At Risk,1680.47
12912,3,5,1662.3,1,Regular,332.46
12913,5,13,6700.86,1,Regular,515.4507692307692
12914,401,1,223.98,0,At Risk,223.98
12915,149,4,1174.75,1,Regular,293.6875
12916,139,7,4654.02,1,Regular,664.86
12917,128,6,4359.2,1,Regular,726.5333333333333
12918,626,1,10953.5,0,At Risk,10953.5
12919,8,6,1335.19,1,Regular,222.53166666666667
12920,17,4,488.09,1,Regular,122.0225
12921,9,74,35921.04,2,VIP,485.41945945945946
12922,161,1,405.38,1,Regular,405.38
12923,64,3,789.87,1,Regular,263.29
12924,88,12,2469.4,1,Regular,205.78333333333333
12925,5,3,729.33,1,Regular,243.11
12926,411,4,1548.46,0,At Risk,387.115
12927,395,1,197.31,0,At Risk,197.31
12928,35,12,4304.89,1,Regular,358.74083333333334
12929,312,1,117.85,0,At Risk,117.85
12930,78,2,415.8,1,Regular,207.9
12931,22,57,92347.34,2,VIP,1620.1287719298246
12932,539,8,1698.56,0,At Risk,212.32
12933,24,8,1687.03,1,Regular,210.87875
12934,737,1,181.65,0,At Risk,181.65
12935,2,15,4243.86,1,Regular,282.924
12936,17,4,1063.9,1,Regular,265.975
12937,15,9,3097.61,1,Regular,344.1788888888889
12938,26,1,114.14,1,Regular,114.14
12939,64,20,25264.8,1,Regular,1263.24
12940,55,2,913.54,1,Regular,456.77
12941,724,1,377.49,0,At Risk,377.49
12942,131,3,942.65,1,Regular,314.21666666666664
12943,558,2,496.5,0,At Risk,248.25
12944,36,2,604.51,1,Regular,302.255
12945,288,2,900.11,0,At Risk,450.055
12946,437,1,324.45,0,At Risk,324.45
12947,144,6,1908.03,1,Regular,318.005
12948,16,9,2317.43,1,Regular,257.4922222222222
12949,31,22,15526.7,1,Regular,705.7590909090909
12950,2,3,1843.0,1,Regular,614.3333333333334
12951,9,15,3213.7200000000003,1,Regular,214.24800000000002
12952,6,4,1387.79,1,Regular,346.9475
12953,10,2,828.8100000000001,1,Regular,414.40500000000003
12954,639,1,162.45,0,At Risk,162.45
12955,1,11,4757.16,1,Regular,432.4690909090909
12956,306,4,521.89,0,At Risk,130.4725
12957,10,13,8706.97,1,Regular,669.766923076923
12958,400,2,539.49,0,At Risk,269.745
12959,484,1,150.95,0,At Risk,150.95
12960,414,4,1322.0700000000002,0,At Risk,330.51750000000004
12961,379,1,211.99,0,At Risk,211.99
12962,7,2,266.39,1,Regular,133.195
12963,8,12,3601.59,1,Regular,300.1325
12964,437,1,132.24,0,At Risk,132.24
12965,89,1,771.91,1,Regular,771.91
12966,10,1,160.18,1,Regular,160.18
12967,358,3,4306.92,0,At Risk,1435.64
12968,112,1,135.95,1,Regular,135.95
12969,603,1,122.45,0,At Risk,122.45
12970,7,10,1524.97,1,Regular,152.497
12971,4,116,15972.79,2,VIP,137.6964655172414
12972,414,4,1161.2,0,At Risk,290.3
12973,414,1,385.55,0,At Risk,385.55
12974,198,2,408.95,1,Regular,204.475
12975,437,6,2100.09,0,At Risk,350.01500000000004
12976,212,8,3156.38,1,Regular,394.5475
12977,156,4,517.63,1,Regular,129.4075
12978,385,5,2502.82,0,At Risk,500.564
12979,729,1,517.7,0,At Risk,517.7
12980,158,21,16245.78,1,Regular,773.6085714285715
12981,30,2,372.22,1,Regular,186.11
12982,243,8,2744.81,1,Regular,343.10125
12983,598,1,490.08,0,At Risk,490.08
12984,19,1,97.5,1,Regular,97.5
12985,1,2,1239.38,1,Regular,619.69
12986,429,10,2729.84,0,At Risk,272.98400000000004
12987,74,5,1312.21,1,Regular,262.442
12988,292,1,535.32,0,At Risk,535.32
12989,3,33,13551.75,1,Regular,410.65909090909093
12990,31,7,955.5,1,Regular,136.5
12991,23,3,764.82,1,Regular,254.94000000000003
12992,725,1,93.35,0,At Risk,93.35
12993,23,8,1259.63,1,Regular,157.45375
12994,4,3,974.42,1,Regular,324.8066666666667
12995,85,1,211.32,1,Regular,211.32
12996,376,1,355.5,0,At Risk,355.5
12997,22,8,2110.91,1,Regular,263.86375
12998,493,3,920.08,0,At Risk,306.6933333333333
12999,196,3,455.88,1,Regular,151.96
13000,107,4,1032.5,1,Regular,258.125
13001,4,33,24172.1,1,Regular,732.4878787878788
13002,318,3,414.13,0,At Risk,138.04333333333332
13003,106,3,149.05,1,Regular,49.68333333333334
13004,12,36,11650.85,1,Regular,323.63472222222225
13005,174,4,999.68,1,Regular,249.92
13006,56,1,81.57,1,Regular,81.57
13007,580,1,175.25,0,At Risk,175.25
13008,323,3,612.13,0,At Risk,204.04333333333332
13009,673,1,234.0,0,At Risk,234.0
13010,374,2,330.12,0,At Risk,165.06
13011,372,1,101.1,0,At Risk,101.1
13012,9,11,2972.83,1,Regular,270.2572727272727
13013,1,29,12625.77,1,Regular,435.3713793103448
13014,11,11,5381.08,1,Regular,489.1890909090909
13015,53,11,6586.42,1,Regular,598.7654545454545
13016,73,3,789.89,1,Regular,263.2966666666667
13017,7,1,204.0,1,Regular,204.0
13018,16,35,9763.16,1,Regular,278.9474285714286
13019,379,6,1229.95,0,At Risk,204.99166666666667
13020,563,2,618.96,0,At Risk,309.48
13021,4,17,4887.24,1,Regular,287.48470588235296
13022,430,1,65.3,0,At Risk,65.3
13023,64,3,1449.03,1,Regular,483.01
13024,471,2,555.87,0,At Risk,277.935
13025,732,1,323.39,0,At Risk,323.39
13026,1,9,1733.08,1,Regular,192.56444444444443
13027,114,19,17335.2,1,Regular,912.3789473684211
13028,23,2,661.3199999999999,1,Regular,330.65999999999997
13029,31,5,1927.3,1,Regular,385.46
13030,11,2,1227.22,1,Regular,613.61
13031,407,5,3419.27,0,At Risk,683.854
13032,52,9,2843.55,1,Regular,315.95000000000005
13033,357,2,220.55,0,At Risk,110.275
13034,55,3,922.68,1,Regular,307.56
13035,74,3,1364.2,1,Regular,454.73333333333335
13036,685,1,307.1,0,At Risk,307.1
13037,138,12,3914.95,1,Regular,326.24583333333334
13038,80,3,908.46,1,Regular,302.82
13039,584,4,1010.73,0,At Risk,252.6825
13040,9,2,676.99,1,Regular,338.495
13041,451,4,799.13,0,At Risk,199.7825
13042,598,3,1556.54,0,At Risk,518.8466666666667
13043,273,1,516.42,0,At Risk,516.42
13044,291,11,4853.9,0,At Risk,441.26363636363635
13045,99,3,808.9200000000001,1,Regular,269.64000000000004
13046,31,3,949.25,1,Regular,316.4166666666667
13047,32,24,8795.16,1,Regular,366.465
13048,14,9,4084.21,1,Regular,453.80111111111114
13049,64,4,1408.24,1,Regular,352.06
13050,15,35,12344.53,1,Regular,352.70085714285716
13051,579,2,155.8,0,At Risk,77.9
13052,212,7,3168.53,1,Regular,452.6471428571429
13053,622,1,127.65,0,At Risk,127.65
13055,78,4,2321.11,1,Regular,580.2775
13056,551,1,209.48,0,At Risk,209.48
13057,530,3,722.09,0,At Risk,240.6966666666667
13058,25,3,271.40000000000003,1,Regular,90.46666666666668
13059,250,10,2303.17,1,Regular,230.317
13060,254,1,307.53000000000003,0,At Risk,307.53000000000003
13061,72,1,248.61,1,Regular,248.61
13062,191,1,346.98,1,Regular,346.98
13063,481,1,188.4,0,At Risk,188.4
13064,13,6,1680.74,1,Regular,280.12333333333333
13065,373,5,1260.91,0,At Risk,252.18200000000002
13066,24,2,470.8,1,Regular,235.4
13067,82,3,508.51,1,Regular,169.50333333333333
13068,10,2,344.0,1,Regular,172.0
13069,1,38,9683.13,1,Regular,254.81921052631577
13070,192,4,751.7,1,Regular,187.925
13071,612,1,129.22,0,At Risk,129.22
13072,267,1,177.15,0,At Risk,177.15
13073,411,2,418.08,0,At Risk,209.04
13074,511,4,1378.74,0,At Risk,344.685
13075,130,1,919.61,1,Regular,919.61
13076,458,1,135.4,0,At Risk,135.4
13077,1,11,3064.67,1,Regular,278.60636363636365
13078,3,57,29532.45,1,Regular,518.1131578947369
13079,4,6,419.18,1,Regular,69.86333333333333
13080,179,4,280.73,1,Regular,70.1825
13081,12,28,59205.15,1,Regular,2114.469642857143
13082,126,21,7335.75,1,Regular,349.32142857142856
13083,4,3,395.43,1,Regular,131.81
13084,492,1,122.4,0,At Risk,122.4
13085,158,8,2433.28,1,Regular,304.16
13086,383,1,439.33,0,At Risk,439.33
13087,726,1,313.64,0,At Risk,313.64
13088,417,1,236.11,0,At Risk,236.11
13089,3,203,116737.86,2,VIP,575.0633497536946
13090,9,24,14103.09,1,Regular,587.62875
13091,28,3,2321.82,1,Regular,773.94
13092,71,12,2140.28,1,Regular,178.35666666666668
13093,276,55,54943.65,2,VIP,998.9754545454546
13094,21,13,2433.1200000000003,1,Regular,187.16307692307694
13095,71,1,74.39999999999999,1,Regular,74.39999999999999
13096,394,1,419.7000000000001,0,At Risk,419.7000000000001
13097,33,28,13389.22,1,Regular,478.18642857142856
13098,1,28,28882.44,1,Regular,1031.5157142857142
13099,99,1,207.36,1,Regular,207.36
13101,234,4,695.4,1,Regular,173.85
13102,1,37,11696.92,1,Regular,316.132972972973
13103,40,3,709.64,1,Regular,236.54666666666665
13104,3,9,1709.1,1,Regular,189.89999999999998
13105,436,1,72.0,0,At Risk,72.0
13106,133,2,603.46,1,Regular,301.73
13107,44,9,5253.07,1,Regular,583.6744444444444
13108,373,2,1098.52,0,At Risk,549.26
13109,60,3,1134.03,1,Regular,378.01
13110,31,12,2957.4700000000003,1,Regular,246.45583333333335
13111,719,1,321.88000000000005,0,At Risk,321.88000000000005
13112,541,1,20.6,0,At Risk,20.6
13113,1,37,18625.73,1,Regular,503.3981081081081
13114,731,1,234.38,0,At Risk,234.38
13115,12,10,5494.7,1,Regular,549.47
13116,138,1,501.14,1,Regular,501.14
13117,22,18,2643.81,1,Regular,146.87833333333333
13118,20,9,2415.41,1,Regular,268.37888888888887
13119,669,1,134.9,0,At Risk,134.9
13120,239,1,30.6,1,Regular,30.6
13121,269,1,283.73,0,At Risk,283.73
13122,94,2,922.39,1,Regular,461.195
13123,473,2,506.75,0,At Risk,253.375
13124,90,4,4782.45,1,Regular,1195.6125
13125,524,1,158.57,0,At Risk,158.57
13126,5,13,3998.25,1,Regular,307.5576923076923
13127,78,1,259.17,1,Regular,259.17
13128,631,1,263.5,0,At Risk,263.5
13129,452,2,233.25,0,At Risk,116.625
13130,94,1,64.0,1,Regular,64.0
13131,23,7,3313.77,1,Regular,473.3957142857143
13132,262,1,77.3,0,At Risk,77.3
13133,274,3,200.45,0,At Risk,66.81666666666666
13134,86,6,2475.23,1,Regular,412.53833333333336
13135,197,2,3371.45,1,Regular,1685.725
13136,56,13,6274.56,1,Regular,482.65846153846155
13137,11,16,7712.7,1,Regular,482.04375
13138,22,7,1467.24,1,Regular,209.6057142857143
13139,16,8,8202.98,1,Regular,1025.3725
13140,108,5,1215.68,1,Regular,243.13600000000002
13141,85,17,7668.58,1,Regular,451.09294117647056
13142,19,1,307.09000000000003,1,Regular,307.09000000000003
13143,585,1,405.1,0,At Risk,405.1
13144,333,2,135.35,0,At Risk,67.675
13145,40,7,1423.52,1,Regular,203.35999999999999
13146,26,1,228.91,1,Regular,228.91
13147,10,4,712.8,1,Regular,178.2
13148,29,26,8621.81,1,Regular,331.6080769230769
13149,14,4,1676.06,1,Regular,419.015
13150,484,3,449.97,0,At Risk,149.99
13151,296,3,2580.74,0,At Risk,860.2466666666666
13152,417,7,2146.38,0,At Risk,306.6257142857143
13153,6,1,486.22,1,Regular,486.22
13154,399,3,1624.84,0,At Risk,541.6133333333333
13155,33,6,1750.18,1,Regular,291.69666666666666
13156,385,3,1586.54,0,At Risk,528.8466666666667
13157,49,9,5687.36,1,Regular,631.9288888888889
13158,95,5,1508.18,1,Regular,301.636
13159,9,4,1437.85,1,Regular,359.4625
13160,22,1,91.8,1,Regular,91.8
13161,313,2,478.88,0,At Risk,239.44
13162,122,16,9275.49,1,Regular,579.718125
13163,610,1,17.65,0,At Risk,17.65
13164,569,2,372.2,0,At Risk,186.1
13165,46,3,1451.16,1,Regular,483.72
13166,283,2,884.18,0,At Risk,442.09
13167,19,5,1125.15,1,Regular,225.03000000000003
13168,36,5,1875.31,1,Regular,375.062
13169,64,3,840.08,1,Regular,280.0266666666667
13170,27,1,116.01,1,Regular,116.01
13171,22,3,468.41,1,Regular,156.13666666666668
13172,400,1,69.6,0,At Risk,69.6
13173,4,11,2639.35,1,Regular,239.9409090909091
13174,16,12,9494.84,1,Regular,791.2366666666667
13175,582,2,831.45,0,At Risk,415.725
13176,46,1,492.84,1,Regular,492.84
13177,65,2,512.2,1,Regular,256.1
13178,26,21,14059.19,1,Regular,669.4852380952382
13179,619,1,572.3100000000001,0,At Risk,572.3100000000001
13180,607,1,86.10000000000001,0,At Risk,86.10000000000001
13181,381,1,359.69,0,At Risk,359.69
13182,45,1,121.18,1,Regular,121.18
13183,8,15,7036.18,1,Regular,469.07866666666666
13184,15,10,1701.29,1,Regular,170.129
13185,268,1,71.4,0,At Risk,71.4
13186,40,3,1575.89,1,Regular,525.2966666666667
13187,337,4,367.01,0,At Risk,91.7525
13188,11,1,114.6,1,Regular,114.6
13189,19,2,260.68,1,Regular,130.34
13190,544,3,570.66,0,At Risk,190.22
13191,658,1,164.69,0,At Risk,164.69
13192,95,6,2558.58,1,Regular,426.43
13193,61,1,117.88,1,Regular,117.88
13194,136,2,472.78,1,Regular,236.39
13195,414,1,172.38,0,At Risk,172.38
13196,11,7,3068.84,1,Regular,438.4057142857143
13197,610,1,373.0100000000001,0,At Risk,373.0100000000001
13198,10,8,4974.2300000000005,1,Regular,621.7787500000001
13199,4,67,16432.89,1,Regular,245.26701492537313
13200,19,4,870.09,1,Regular,217.5225
13201,502,4,1240.61,0,At Risk,310.1525
13202,394,7,1580.3,0,At Risk,225.75714285714284
13203,10,10,2648.25,1,Regular,264.825
13204,731,1,966.66,0,At Risk,966.66
13205,443,1,2803.2,0,At Risk,2803.2
13206,400,13,8377.32,0,At Risk,644.4092307692307
13207,15,4,535.86,1,Regular,133.965
13208,59,9,1988.5,1,Regular,220.94444444444446
13209,30,13,8509.51,1,Regular,654.5776923076924
13210,94,1,353.48,1,Regular,353.48
13211,10,10,2729.32,1,Regular,272.932
13212,20,3,788.08,1,Regular,262.6933333333333
13213,57,11,3851.52,1,Regular,350.1381818181818
13214,418,7,3264.23,0,At Risk,466.31857142857143
13215,402,1,81.6,0,At Risk,81.6
13216,268,1,333.74,0,At Risk,333.74
13217,122,4,666.48,1,Regular,166.62
13218,127,1,62.64,1,Regular,62.64
13219,618,1,76.23,0,At Risk,76.23
13220,78,5,1336.09,1,Regular,267.21799999999996
13221,240,2,847.41,1,Regular,423.705
13222,577,1,88.5,0,At Risk,88.5
13223,200,6,969.12,1,Regular,161.52
13224,60,2,2155.95,1,Regular,1077.975
13225,3,16,16260.07,1,Regular,1016.254375
13226,273,2,312.46,0,At Risk,156.23
13227,202,1,257.7,1,Regular,257.7
13228,81,1,358.0,1,Regular,358.0
13229,226,1,160.95,1,Regular,160.95
13230,4,30,6360.78,1,Regular,212.02599999999998
13232,13,7,1357.6,1,Regular,193.94285714285712
13233,74,4,1176.46,1,Regular,294.115
13234,673,2,356.95,0,At Risk,178.475
13235,212,1,1031.07,1,Regular,1031.07
13236,25,2,744.85,1,Regular,372.425
13237,388,1,643.0,0,At Risk,643.0
13238,17,6,1006.63,1,Regular,167.77166666666668
13239,262,5,1594.69,1,Regular,318.938
13240,96,8,1738.52,1,Regular,217.315
13241,412,1,115.58,0,At Risk,115.58
13242,112,7,699.4,1,Regular,99.91428571428571
13243,203,5,1278.04,1,Regular,255.608
13244,93,1,121.74,1,Regular,121.74
13245,51,2,989.22,1,Regular,494.61
13246,18,11,3387.43,1,Regular,307.9481818181818
13247,18,4,501.12,1,Regular,125.28
13248,125,2,465.68,1,Regular,232.84
13249,92,9,1608.9299999999998,1,Regular,178.76999999999998
13250,461,2,256.04,0,At Risk,128.02
13251,402,1,252.68,0,At Risk,252.68
13252,394,2,399.3,0,At Risk,199.65
13253,157,4,2951.11,1,Regular,737.7775
13254,376,1,51.41,0,At Risk,51.41
13255,9,3,904.46,1,Regular,301.4866666666667
13257,436,1,149.75,0,At Risk,149.75
13258,12,5,1035.18,1,Regular,207.036
13259,62,9,1433.38,1,Regular,159.26444444444445
13260,61,1,557.62,1,Regular,557.62
13261,269,2,944.1,0,At Risk,472.05
13262,263,3,573.45,0,At Risk,191.15
13263,1,39,8704.69,1,Regular,223.1971794871795
13264,443,1,722.5600000000001,0,At Risk,722.5600000000001
13265,53,5,2107.66,1,Regular,421.532
13266,11,19,6135.04,1,Regular,322.89684210526315
13267,3,36,9758.26,1,Regular,271.0627777777778
13268,18,11,3214.69,1,Regular,292.24454545454546
13269,1,28,8891.7,1,Regular,317.5607142857143
13270,366,1,1180.0,0,At Risk,1180.0
13271,37,1,217.38,1,Regular,217.38
13272,31,2,276.56,1,Regular,138.28
13273,113,1,138.98,1,Regular,138.98
13274,409,1,360.85,0,At Risk,360.85
13275,384,2,241.66,0,At Risk,120.83
13276,64,5,1939.26,1,Regular,387.852
13277,16,7,523.3,1,Regular,74.75714285714285
13278,41,4,1435.85,1,Regular,358.9625
13279,78,1,137.75,1,Regular,137.75
13280,122,7,2322.63,1,Regular,331.80428571428575
13281,439,1,350.85,0,At Risk,350.85
13282,18,4,1313.19,1,Regular,328.2975
13283,60,4,373.36,1,Regular,93.34
13284,331,1,201.19,0,At Risk,201.19
13285,23,6,3364.59,1,Regular,560.765
13286,600,1,734.91,0,At Risk,734.91
13287,603,3,781.59,0,At Risk,260.53000000000003
13288,443,5,927.61,0,At Risk,185.522
13289,724,1,307.95,0,At Risk,307.95
13290,438,1,208.63,0,At Risk,208.63
13291,156,11,3320.84,1,Regular,301.8945454545455
13292,39,5,994.51,1,Regular,198.902
13293,392,6,1192.94,0,At Risk,198.82333333333335
13294,190,3,1689.53,1,Regular,563.1766666666666
13295,360,4,1101.97,0,At Risk,275.4925
13296,137,6,792.51,1,Regular,132.085
13297,8,7,4368.62,1,Regular,624.0885714285714
13298,1,1,360.0,1,Regular,360.0
13299,268,3,1218.7,0,At Risk,406.23333333333335
13300,169,3,1285.51,1,Regular,428.50333333333333
13301,104,4,618.09,1,Regular,154.5225
13302,155,2,159.2,1,Regular,79.6
13303,400,1,61.72,0,At Risk,61.72
13304,351,4,1217.99,0,At Risk,304.4975
13305,4,16,3754.71,1,Regular,234.669375
13306,430,1,53.65,0,At Risk,53.65
13307,120,3,273.34,1,Regular,91.11333333333333
13308,23,4,1670.37,1,Regular,417.5925
13309,7,6,1706.37,1,Regular,284.395
13310,28,5,1541.2,1,Regular,308.24
13311,4,2,598.57,1,Regular,299.285
13312,451,1,124.75,0,At Risk,124.75
13313,22,12,3445.32,1,Regular,287.11
13314,2,3,775.94,1,Regular,258.6466666666667
13315,689,1,310.26000000000005,0,At Risk,310.26000000000005
13316,37,10,13191.57,1,Regular,1319.157
13317,66,19,6486.091,1,Regular,341.3732105263158
13318,1,3,640.76,1,Regular,213.58666666666667
13319,5,58,22082.5,1,Regular,380.73275862068965
13320,78,6,2228.1,1,Regular,371.34999999999997
13321,72,2,567.36,1,Regular,283.68
13322,17,1,199.48,1,Regular,199.48
13323,3,5,787.85,1,Regular,157.57
13324,36,18,10513.47,1,Regular,584.0816666666666
13325,82,1,675.3,1,Regular,675.3
13326,432,1,281.76,0,At Risk,281.76
13327,39,20,9879.48,1,Regular,493.974
13328,316,1,1308.48,0,At Risk,1308.48
13329,32,8,5112.97,1,Regular,639.12125
13330,93,6,2806.18,1,Regular,467.69666666666666
13331,402,1,262.4,0,At Risk,262.4
13332,14,1,350.90000000000003,1,Regular,350.90000000000003
13333,411,3,1015.74,0,At Risk,338.58
13334,82,5,6263.75,1,Regular,1252.75
13336,77,1,795.12,1,Regular,795.12
13337,546,1,1575.26,0,At Risk,1575.26
13338,158,4,2445.62,1,Regular,611.405
13339,201,1,860.12,1,Regular,860.12
13340,45,12,22100.56,1,Regular,1841.7133333333334
13341,261,1,775.85,0,At Risk,775.85
13343,178,1,353.43,1,Regular,353.43
13344,68,3,2543.7200000000003,1,Regular,847.9066666666668
13345,288,1,389.5,0,At Risk,389.5
13346,463,6,299.4,0,At Risk,49.9
13347,70,1,341.36,1,Regular,341.36
13348,64,1,233.76,1,Regular,233.76
13349,11,1,247.32,1,Regular,247.32
13350,16,2,979.12,1,Regular,489.56
13351,66,1,373.94,1,Regular,373.94
13352,60,1,397.98,1,Regular,397.98
13354,71,1,743.53,1,Regular,743.53
13355,122,1,674.7,1,Regular,674.7
13356,80,1,768.24,1,Regular,768.24
13357,257,5,3838.36,1,Regular,767.672
13358,269,1,439.03,0,At Risk,439.03
13359,64,2,1043.31,1,Regular,521.655
13360,432,4,1553.65,0,At Risk,388.4125
13361,472,2,1450.5,0,At Risk,725.25
13362,9,7,5394.07,1,Regular,770.5814285714285
13363,18,3,1723.86,1,Regular,574.62
13364,71,1,134.96,1,Regular,134.96
13365,34,2,2225.37,1,Regular,1112.685
13366,50,1,56.16,1,Regular,56.16
13367,432,1,510.2,0,At Risk,510.2
13368,257,4,1121.5,1,Regular,280.375
13369,366,1,616.5600000000001,0,At Risk,616.5600000000001
13370,372,1,1509.74,0,At Risk,1509.74
13371,505,2,2297.66,0,At Risk,1148.83
13372,90,1,378.64,1,Regular,378.64
13373,61,6,7587.19,1,Regular,1264.5316666666665
13374,415,2,422.8,0,At Risk,211.4
13375,89,2,1792.23,1,Regular,896.115
13376,99,3,1019.76,1,Regular,339.92
13377,397,2,1552.88,0,At Risk,776.44
13379,26,3,572.56,1,Regular,190.85333333333332
13380,433,1,62.4,0,At Risk,62.4
13381,32,12,8224.37,1,Regular,685.3641666666667
13382,281,5,1387.58,0,At Risk,277.51599999999996
13383,544,1,305.28000000000003,0,At Risk,305.28000000000003
13384,31,11,6680.83,1,Regular,607.3481818181818
13385,330,1,534.57,0,At Risk,534.57
13386,414,2,835.46,0,At Risk,417.73
13387,417,1,189.44,0,At Risk,189.44
13388,131,3,1185.65,1,Regular,395.2166666666667
13389,11,3,797.96,1,Regular,265.9866666666667
13390,75,1,544.08,1,Regular,544.08
13391,204,1,59.8,1,Regular,59.8
13392,677,1,91.14,0,At Risk,91.14
13393,584,4,1131.45,0,At Risk,282.8625
13394,2,19,6621.7,1,Regular,348.5105263157895
13395,185,3,1180.23,1,Regular,393.41
13396,29,2,1360.99,1,Regular,680.495
13397,73,10,3191.87,1,Regular,319.187
13398,192,2,670.34,1,Regular,335.17
13399,464,3,275.4,0,At Risk,91.8
13400,583,1,310.83,0,At Risk,310.83
13402,127,4,1535.13,1,Regular,383.7825
13403,18,3,229.5,1,Regular,76.5
13404,1,2,252.49,1,Regular,126.245
13405,74,6,1213.811,1,Regular,202.30183333333332
13406,427,2,568.92,0,At Risk,284.46
13407,579,3,2244.7,0,At Risk,748.2333333333332
13408,2,106,51733.462,2,VIP,488.0515283018868
13410,24,9,2201.96,1,Regular,244.66222222222223
13411,107,1,213.55,1,Regular,213.55
13412,620,1,487.35,0,At Risk,487.35
13413,640,6,429.44,0,At Risk,71.57333333333334
13414,134,6,2494.14,1,Regular,415.69
13415,473,4,800.67,0,At Risk,200.1675
13416,44,3,940.8,1,Regular,313.59999999999997
13417,5,6,1669.49,1,Regular,278.24833333333333
13418,12,31,12233.6,1,Regular,394.6322580645161
13419,64,1,221.06,1,Regular,221.06
13420,150,2,159.85,1,Regular,79.925
13421,40,8,4103.12,1,Regular,512.89
13422,64,1,2626.3,1,Regular,2626.3
13423,429,1,217.03,0,At Risk,217.03
13424,450,1,572.77,0,At Risk,572.77
13425,108,5,3403.63,1,Regular,680.726
13426,1,22,8167.38,1,Regular,371.24454545454546
13427,19,6,1006.53,1,Regular,167.755
13428,10,3,499.98,1,Regular,166.66
13429,11,4,1006.8,1,Regular,251.7
13430,19,2,679.45,1,Regular,339.725
13431,67,8,3316.24,1,Regular,414.53
13432,571,2,439.1,0,At Risk,219.55
13433,501,4,658.32,0,At Risk,164.58
13434,74,5,1666.86,1,Regular,333.37199999999996
13435,5,9,4475.2300000000005,1,Regular,497.24777777777786
13436,2,1,196.89,1,Regular,196.89
13437,14,7,3408.06,1,Regular,486.86571428571426
13438,547,1,46.5,0,At Risk,46.5
13439,255,3,986.61,1,Regular,328.87
13440,423,7,1295.25,0,At Risk,185.03571428571428
13441,92,2,720.9,1,Regular,360.45
13442,667,3,419.87,0,At Risk,139.95666666666668
13443,449,6,1280.16,0,At Risk,213.36
13444,374,2,631.68,0,At Risk,315.84
13445,626,1,241.9,0,At Risk,241.9
13446,430,11,3881.89,0,At Risk,352.8990909090909
13447,23,3,1129.14,1,Regular,376.38000000000005
13448,17,13,9240.87,1,Regular,710.8361538461539
13449,24,1,291.88,1,Regular,291.88
13450,27,13,4120.04,1,Regular,316.92615384615385
13451,26,11,7190.92,1,Regular,653.72
13452,259,3,729.8,0,At Risk,243.26666666666665
13453,166,3,781.69,1,Regular,260.56333333333333
13454,641,1,219.87,0,At Risk,219.87
13455,25,6,2905.93,1,Regular,484.32166666666666
13456,18,6,1766.72,1,Regular,294.4533333333333
13457,689,2,148.22,0,At Risk,74.11
13458,7,16,11959.27,1,Regular,747.454375
13459,625,2,1160.41,0,At Risk,580.205
13460,29,2,183.44,1,Regular,91.72
13461,39,6,4160.0,1,Regular,693.3333333333334
13462,253,5,1153.85,1,Regular,230.76999999999998
13464,58,6,3097.64,1,Regular,516.2733333333333
13465,446,2,931.12,0,At Risk,465.56
13466,184,5,1013.35,1,Regular,202.67000000000002
13467,11,2,1083.71,1,Regular,541.855
13468,2,72,13390.51,1,Regular,185.97930555555556
13469,653,1,82.4,0,At Risk,82.4
13470,99,2,165.0,1,Regular,82.5
13471,1,4,2531.58,1,Regular,632.895
13472,464,2,592.24,0,At Risk,296.12
13473,61,8,2657.76,1,Regular,332.22
13474,236,3,663.79,1,Regular,221.26333333333332
13475,191,4,1431.78,1,Regular,357.945
13476,179,5,2061.4700000000003,1,Regular,412.29400000000004
13477,38,11,2834.17,1,Regular,257.6518181818182
13478,469,5,2215.78,0,At Risk,443.15600000000006
13479,201,4,851.37,1,Regular,212.8425
13480,417,2,627.82,0,At Risk,313.91
13481,46,11,3830.84,1,Regular,348.2581818181818
13482,232,2,336.09,1,Regular,168.045
13483,66,1,140.34,1,Regular,140.34
13484,241,3,790.72,1,Regular,263.5733333333333
13485,233,11,3019.2200000000003,1,Regular,274.4745454545455
13486,78,3,1122.41,1,Regular,374.1366666666667
13487,58,5,846.87,1,Regular,169.374
13488,17,23,15587.88,1,Regular,677.7339130434782
13489,105,4,449.52,1,Regular,112.38
13490,654,1,154.25,0,At Risk,154.25
13491,52,27,4566.56,1,Regular,169.13185185185188
13492,136,3,1269.84,1,Regular,423.28
13493,275,2,618.63,0,At Risk,309.315
13494,312,1,316.26000000000005,0,At Risk,316.26000000000005
13495,8,10,5374.26,1,Regular,537.426
13496,11,2,653.33,1,Regular,326.665
13497,283,6,1320.3300000000002,0,At Risk,220.05500000000004
13498,730,1,327.38,0,At Risk,327.38
13499,18,5,1159.11,1,Regular,231.82199999999997
13500,23,4,1466.3,1,Regular,366.575
13501,288,3,2885.11,0,At Risk,961.7033333333334
13502,17,5,780.5,1,Regular,156.1
13503,71,6,1905.39,1,Regular,317.565
13504,64,1,295.93,1,Regular,295.93
13505,73,4,4393.63,1,Regular,1098.4075
13506,316,5,1639.2,0,At Risk,327.84000000000003
13507,3,4,2479.16,1,Regular,619.79
13508,244,2,287.05,1,Regular,143.525
13509,9,8,1114.72,1,Regular,139.34
13510,1,11,4558.29,1,Regular,414.39
13511,677,1,282.76,0,At Risk,282.76
13512,261,4,713.39,1,Regular,178.3475
13513,127,3,824.59,1,Regular,274.86333333333334
13514,74,4,815.9000000000001,1,Regular,203.97500000000002
13515,73,6,1265.82,1,Regular,210.97
13516,21,4,1685.26,1,Regular,421.315
13517,60,3,2128.42,1,Regular,709.4733333333334
13518,86,1,659.44,1,Regular,659.44
13519,78,2,343.21,1,Regular,171.605
13520,59,11,6909.4,1,Regular,628.1272727272727
13521,1,3,1093.65,1,Regular,364.55
13522,30,1,125.8,1,Regular,125.8
13523,33,6,5101.52,1,Regular,850.2533333333334
13524,41,5,680.1800000000001,1,Regular,136.036
13525,15,2,628.78,1,Regular,314.39
13526,738,2,1182.0,0,At Risk,591.0
13527,34,12,4683.74,1,Regular,390.31166666666667
13529,79,2,307.76,1,Regular,153.88
13530,634,1,402.98,0,At Risk,402.98
13531,205,6,1738.52,1,Regular,289.75333333333333
13532,34,1,210.31,1,Regular,210.31
13533,183,3,270.79,1,Regular,90.26333333333334
13534,2,35,7720.900000000001,1,Regular,220.59714285714287
13535,403,1,89.5,0,At Risk,89.5
13536,1,7,3448.29,1,Regular,492.61285714285714
13537,426,2,717.85,0,At Risk,358.925
13538,43,12,3112.73,1,Regular,259.39416666666665
13539,86,7,1569.36,1,Regular,224.1942857142857
13540,467,3,632.39,0,At Risk,210.79666666666665
13541,427,2,785.25,0,At Risk,392.625
13542,377,17,4006.17,0,At Risk,235.6570588235294
13543,634,2,1439.61,0,At Risk,719.805
13544,40,6,829.0,1,Regular,138.16666666666666
13545,391,2,374.64,0,At Risk,187.32
13546,12,5,1092.14,1,Regular,218.42800000000003
13547,408,1,175.53,0,At Risk,175.53
13548,96,3,908.99,1,Regular,302.99666666666667
13549,26,8,1005.8,1,Regular,125.725
13550,383,1,349.51,0,At Risk,349.51
13551,319,2,244.2,0,At Risk,122.1
13552,66,22,6978.92,1,Regular,317.2236363636364
13553,675,1,517.8,0,At Risk,517.8
13554,380,7,1638.28,0,At Risk,234.04
13555,74,13,8999.19,1,Regular,692.2453846153846
13556,429,2,200.82,0,At Risk,100.41
13557,28,13,3032.26,1,Regular,233.25076923076924
13558,6,4,605.06,1,Regular,151.265
13559,513,2,990.0,0,At Risk,495.0
13560,7,1,174.37,1,Regular,174.37
13561,216,11,1820.72,1,Regular,165.52
13562,82,8,4838.18,1,Regular,604.7725
13563,84,2,777.53,1,Regular,388.765
13564,144,37,17249.55,1,Regular,466.20405405405404
13565,19,3,414.8,1,Regular,138.26666666666668
13566,41,5,1708.12,1,Regular,341.62399999999997
13567,428,4,1083.69,0,At Risk,270.9225
13568,173,1,192.85,1,Regular,192.85
13569,17,4,893.78,1,Regular,223.445
13570,243,1,239.49,1,Regular,239.49
13571,13,26,4546.54,1,Regular,174.8669230769231
13572,206,1,1384.25,1,Regular,1384.25
13573,50,6,916.47,1,Regular,152.745
13574,411,1,421.25,0,At Risk,421.25
13575,23,5,732.07,1,Regular,146.41400000000002
13576,10,28,11551.74,1,Regular,412.5621428571429
13577,25,11,3489.28,1,Regular,317.20727272727277
13578,409,1,147.66,0,At Risk,147.66
13579,15,5,1539.04,1,Regular,307.808
13580,406,1,107.75,0,At Risk,107.75
13581,309,2,280.53000000000003,0,At Risk,140.26500000000001
13582,390,2,241.68,0,At Risk,120.84
13583,156,2,1445.031,1,Regular,722.5155
13584,307,3,392.45,0,At Risk,130.81666666666666
13585,531,3,684.54,0,At Risk,228.17999999999998
13586,541,1,131.53,0,At Risk,131.53
13587,64,4,1673.5,1,Regular,418.375
13588,16,9,2478.95,1,Regular,275.43888888888887
13589,15,6,1120.74,1,Regular,186.79
13590,11,18,6349.59,1,Regular,352.755
13591,65,7,2093.94,1,Regular,299.13428571428574
13592,36,4,247.96,1,Regular,61.99
13593,108,14,5523.6900000000005,1,Regular,394.54928571428576
13594,53,2,533.32,1,Regular,266.66
13595,517,3,818.22,0,At Risk,272.74
13596,6,2,697.04,1,Regular,348.52
13597,400,2,396.71,0,At Risk,198.355
13598,47,5,789.59,1,Regular,157.918
13599,1,33,10167.63,1,Regular,308.10999999999996
13600,312,2,518.42,0,At Risk,259.21
13601,45,4,1185.14,1,Regular,296.285
13602,65,4,1025.17,1,Regular,256.2925
13603,26,1,164.34,1,Regular,164.34
13604,659,1,717.62,0,At Risk,717.62
13605,387,2,522.67,0,At Risk,261.335
13606,29,3,280.54,1,Regular,93.51333333333334
13607,40,2,1078.31,1,Regular,539.155
13608,541,1,236.2,0,At Risk,236.2
13609,593,1,167.35,0,At Risk,167.35
13610,12,14,2175.88,1,Regular,155.42000000000002
13611,89,10,3319.53,1,Regular,331.95300000000003
13612,633,1,818.29,0,At Risk,818.29
13613,453,5,1039.85,0,At Risk,207.96999999999997
13614,24,6,2359.19,1,Regular,393.1983333333333
13615,319,8,6272.53,0,At Risk,784.06625
13616,568,2,288.1,0,At Risk,144.05
13617,40,8,1278.75,1,Regular,159.84375
13618,174,1,177.34,1,Regular,177.34
13619,545,2,231.69,0,At Risk,115.845
13620,528,1,112.34,0,At Risk,112.34
13621,117,1,213.85,1,Regular,213.85
13622,696,1,658.95,0,At Risk,658.95
13623,31,10,2566.49,1,Regular,256.649
13624,388,1,462.08,0,At Risk,462.08
13625,597,1,301.26,0,At Risk,301.26
13626,253,2,707.04,1,Regular,353.52
13627,59,7,2245.9,1,Regular,320.84285714285716
13628,676,1,310.14,0,At Risk,310.14
13629,23,19,13370.86,1,Regular,703.7294736842106
13630,5,7,2031.78,1,Regular,290.2542857142857
13631,100,11,3070.42,1,Regular,279.1290909090909
13632,25,8,3648.15,1,Regular,456.01875
13634,33,16,5073.47,1,Regular,317.091875
13635,68,4,2999.16,1,Regular,749.79
13636,37,5,949.12,1,Regular,189.824
13637,52,3,810.5,1,Regular,270.1666666666667
13638,16,1,122.64,1,Regular,122.64
13639,74,2,1346.27,1,Regular,673.135
13640,611,1,405.0,0,At Risk,405.0
13641,641,5,1016.47,0,At Risk,203.294
13642,216,4,514.72,1,Regular,128.68
13643,31,10,2156.77,1,Regular,215.677
13644,16,4,2624.26,1,Regular,656.065
13645,120,1,252.1,1,Regular,252.1
13646,400,2,326.25,0,At Risk,163.125
13647,10,8,3071.68,1,Regular,383.96
13648,400,8,1764.02,0,At Risk,220.5025
13649,257,6,1678.88,1,Regular,279.81333333333333
13650,17,10,3288.0,1,Regular,328.8
13651,35,3,226.85,1,Regular,75.61666666666666
13652,46,5,2570.85,1,Regular,514.17
13653,488,1,152.2,0,At Risk,152.2
13654,43,11,6308.0,1,Regular,573.4545454545455
13655,114,6,2280.51,1,Regular,380.08500000000004
13656,165,4,1078.85,1,Regular,269.7125
13657,11,2,382.14,1,Regular,191.07
13658,10,9,6025.5,1,Regular,669.5
13659,206,12,4894.88,1,Regular,407.9066666666667
13660,400,1,314.59,0,At Risk,314.59
13661,603,1,325.24,0,At Risk,325.24
13662,86,11,2250.11,1,Regular,204.55545454545455
13663,179,5,2047.51,1,Regular,409.502
13665,386,3,1711.66,0,At Risk,570.5533333333334
13666,60,5,127.9,1,Regular,25.580000000000002
13667,149,1,305.02,1,Regular,305.02
13668,3,35,13089.94,1,Regular,373.9982857142857
13669,51,3,413.55,1,Regular,137.85
13670,75,1,349.7,1,Regular,349.7
13671,395,1,194.95,0,At Risk,194.95
13672,301,3,419.92,0,At Risk,139.97333333333333
13673,19,2,396.92,1,Regular,198.46
13674,433,1,240.68,0,At Risk,240.68
13675,151,2,486.8200000000001,1,Regular,243.41000000000005
13676,539,2,243.9,0,At Risk,121.95
13677,405,2,556.1899999999999,0,At Risk,278.09499999999997
13678,152,1,232.6,1,Regular,232.6
13679,494,3,281.26,0,At Risk,93.75333333333333
13680,1,12,11435.67,1,Regular,952.9725
13681,18,4,827.83,1,Regular,206.9575
13682,187,1,59.5,1,Regular,59.5
13683,458,1,258.6,0,At Risk,258.6
13684,286,4,596.98,0,At Risk,149.245
13685,3,7,3119.44,1,Regular,445.63428571428574
13686,183,3,409.04,1,Regular,136.34666666666666
13687,438,1,11880.84,0,At Risk,11880.84
13688,635,1,375.5,0,At Risk,375.5
13689,63,2,1259.5,1,Regular,629.75
13690,59,1,172.25,1,Regular,172.25
13691,396,1,212.78,0,At Risk,212.78
13692,25,5,3114.4,1,Regular,622.88
13693,374,9,2011.82,0,At Risk,223.53555555555556
13694,4,143,196482.81,2,VIP,1374.0056643356643
13695,31,16,2770.73,1,Regular,173.170625
13696,422,3,2020.4,0,At Risk,673.4666666666667
13697,39,1,151.3,1,Regular,151.3
13698,597,2,465.53,0,At Risk,232.765
13699,155,2,764.15,1,Regular,382.075
13700,26,13,2613.46,1,Regular,201.03538461538463
13701,447,1,161.0,0,At Risk,161.0
13702,446,1,135.18,0,At Risk,135.18
13703,318,2,425.56,0,At Risk,212.78
13704,5,9,2308.06,1,Regular,256.4511111111111
13705,8,7,2035.33,1,Regular,290.76142857142855
13706,303,2,631.1700000000001,0,At Risk,315.58500000000004
13707,267,5,3365.86,1,Regular,673.172
13708,271,1,296.88,0,At Risk,296.88
13709,4,18,7591.75,1,Regular,421.7638888888889
13710,32,3,509.52,1,Regular,169.84
13711,219,9,1792.26,1,Regular,199.14
13712,247,2,766.42,1,Regular,383.21
13713,408,3,743.26,0,At Risk,247.75333333333333
13714,465,1,161.35,0,At Risk,161.35
13715,281,17,8483.29,1,Regular,499.01705882352945
13716,269,1,138.28,0,At Risk,138.28
13717,32,8,1763.3,1,Regular,220.4125
13718,246,2,306.55,1,Regular,153.275
13719,15,11,2815.25,1,Regular,255.9318181818182
13720,117,4,799.9,1,Regular,199.975
13721,36,2,741.54,1,Regular,370.77
13722,132,10,5635.41,1,Regular,563.5409999999999
13723,217,6,1209.2,1,Regular,201.53333333333333
13724,637,1,213.01,0,At Risk,213.01
13725,50,8,1980.56,1,Regular,247.57
13726,39,2,1079.66,1,Regular,539.83
13727,29,8,1080.05,1,Regular,135.00625
13728,37,16,2855.17,1,Regular,178.448125
13729,436,3,724.73,0,At Risk,241.57666666666668
13730,136,2,752.6,1,Regular,376.3
13731,219,2,610.59,1,Regular,305.295
13732,28,1,491.86,1,Regular,491.86
13733,411,2,487.03,0,At Risk,243.515
13734,509,4,6701.640000000001,0,At Risk,1675.4100000000003
13735,25,13,9813.22,1,Regular,754.8630769230768
13736,5,7,2766.21,1,Regular,395.17285714285714
13737,200,1,339.6,1,Regular,339.6
13738,396,1,440.93,0,At Risk,440.93
13739,18,2,292.2,1,Regular,146.1
13740,241,5,1597.77,1,Regular,319.554
13741,72,3,668.4300000000001,1,Regular,222.81000000000003
13742,17,12,3131.02,1,Regular,260.91833333333335
13743,3,7,1341.6,1,Regular,191.65714285714284
13744,95,2,1156.36,1,Regular,578.18
13745,162,2,777.36,1,Regular,388.68
13746,414,1,176.69,0,At Risk,176.69
13747,374,2,249.4,0,At Risk,124.7
13748,96,9,2268.35,1,Regular,252.0388888888889
13750,54,11,3602.18,1,Regular,327.47090909090906
13751,288,1,296.25,0,At Risk,296.25
13752,124,7,1590.73,1,Regular,227.24714285714285
13753,288,4,2094.57,0,At Risk,523.6425
13754,152,3,447.05,1,Regular,149.01666666666668
13755,4,9,2161.35,1,Regular,240.14999999999998
13756,2,23,9207.5,1,Regular,400.32608695652175
13757,675,1,195.55,0,At Risk,195.55
13758,12,15,9416.98,1,Regular,627.7986666666667
13759,33,2,659.4100000000001,1,Regular,329.70500000000004
13760,54,5,1363.64,1,Regular,272.728
13761,50,6,1952.17,1,Regular,325.3616666666667
13762,219,5,2472.48,1,Regular,494.496
13763,63,3,5217.44,1,Regular,1739.1466666666665
13764,71,6,2953.26,1,Regular,492.21000000000004
13765,653,1,352.821,0,At Risk,352.821
13766,495,1,190.35,0,At Risk,190.35
13767,2,73,35540.53,2,VIP,486.85657534246576
13768,727,2,875.97,0,At Risk,437.985
13769,2,20,5800.42,1,Regular,290.021
13770,422,4,785.37,0,At Risk,196.3425
13771,64,9,5728.82,1,Regular,636.5355555555556
13772,34,8,3114.2200000000003,1,Regular,389.27750000000003
13773,397,2,301.54,0,At Risk,150.77
13774,82,1,345.0,1,Regular,345.0
13775,591,1,1049.66,0,At Risk,1049.66
13776,428,2,623.98,0,At Risk,311.99
13777,1,61,56478.42,2,VIP,925.875737704918
13778,103,4,1124.49,1,Regular,281.1225
13779,516,1,161.13,0,At Risk,161.13
13780,7,3,735.82,1,Regular,245.27333333333334
13781,251,3,778.83,1,Regular,259.61
13782,13,13,1793.72,1,Regular,137.97846153846154
13783,488,4,1542.09,0,At Risk,385.5225
13784,10,14,2910.23,1,Regular,207.87357142857144
13785,429,4,542.49,0,At Risk,135.6225
13786,367,6,3358.94,0,At Risk,559.8233333333334
13787,76,6,1222.5,1,Regular,203.75
13788,505,1,3.75,0,At Risk,3.75
13789,388,1,239.46,0,At Risk,239.46
13790,4,1,348.79999999999995,1,Regular,348.79999999999995
13791,128,2,1516.0,1,Regular,758.0
13792,66,3,383.95,1,Regular,127.98333333333333
13793,647,1,96.0,0,At Risk,96.0
13794,547,1,126.03,0,At Risk,126.03
13795,388,4,836.3,0,At Risk,209.075
13796,499,1,289.7,0,At Risk,289.7
13797,437,3,1179.45,0,At Risk,393.15000000000003
13798,1,110,75836.87,2,VIP,689.4260909090908
13799,117,9,2803.57,1,Regular,311.5077777777778
13800,310,3,1679.56,0,At Risk,559.8533333333334
13801,67,1,324.8,1,Regular,324.8
13802,139,19,26259.11,1,Regular,1382.0584210526315
13803,255,3,1338.91,1,Regular,446.30333333333334
13804,31,9,3208.52,1,Regular,356.5022222222222
13805,52,2,924.6,1,Regular,462.3
13806,64,1,256.38,1,Regular,256.38
13807,367,3,534.8,0,At Risk,178.26666666666665
13808,6,5,1747.66,1,Regular,349.53200000000004
13809,305,3,679.6999999999999,0,At Risk,226.56666666666663
13810,29,3,1499.01,1,Regular,499.67
13811,184,3,814.5,1,Regular,271.5
13812,42,3,539.0,1,Regular,179.66666666666666
13813,40,8,2765.4700000000003,1,Regular,345.68375000000003
13814,92,3,2257.32,1,Regular,752.44
13815,22,8,7475.74,1,Regular,934.4675
13816,24,2,571.6700000000001,1,Regular,285.83500000000004
13817,29,2,382.98,1,Regular,191.49
13818,430,1,61.28,0,At Risk,61.28
13819,302,6,2642.35,0,At Risk,440.39166666666665
13820,418,3,660.65,0,At Risk,220.21666666666667
13821,145,6,1410.73,1,Regular,235.12166666666667
13822,6,2,632.0,1,Regular,316.0
13823,19,7,3403.4500000000003,1,Regular,486.2071428571429
13824,33,12,3314.76,1,Regular,276.23
13825,622,2,255.59,0,At Risk,127.795
13826,176,1,189.5,1,Regular,189.5
13827,58,3,412.05,1,Regular,137.35
13828,22,1,209.49,1,Regular,209.49
13829,421,1,102.0,0,At Risk,102.0
13830,582,1,156.85000000000002,0,At Risk,156.85000000000002
13831,16,18,7023.58,1,Regular,390.19888888888886
13832,19,2,613.6899999999999,1,Regular,306.84499999999997
13833,159,2,701.36,1,Regular,350.68
13834,577,2,324.19,0,At Risk,162.095
13835,25,7,1095.27,1,Regular,156.46714285714285
13836,399,2,620.37,0,At Risk,310.185
13837,212,2,271.24,1,Regular,135.62
13838,6,10,1966.09,1,Regular,196.60899999999998
13839,486,1,139.95000000000002,0,At Risk,139.95000000000002
13840,416,1,651.4,0,At Risk,651.4
13841,253,1,85.0,0,At Risk,85.0
13842,59,18,5629.91,1,Regular,312.7727777777778
13843,381,1,319.75,0,At Risk,319.75
13844,11,1,361.62,1,Regular,361.62
13845,65,1,312.98,1,Regular,312.98
13846,25,4,1307.79,1,Regular,326.9475
13847,720,1,310.72,0,At Risk,310.72
13848,92,8,3335.0,1,Regular,416.875
13849,52,5,3469.3,1,Regular,693.86
13850,129,1,1595.48,1,Regular,1595.48
13851,96,8,4606.46,1,Regular,575.8075
13852,611,1,187.35,0,At Risk,187.35
13853,57,1,1090.14,1,Regular,1090.14
13854,9,39,12253.96,1,Regular,314.2041025641025
13855,501,4,1310.34,0,At Risk,327.585
13856,169,11,1142.03,1,Regular,103.82090909090908
13857,393,6,1001.01,0,At Risk,166.835
13858,57,1,216.17,1,Regular,216.17
13859,326,2,515.86,0,At Risk,257.93
13860,1,5,1245.9,1,Regular,249.18
13861,429,2,273.26,0,At Risk,136.63
13862,18,9,2556.09,1,Regular,284.01
13863,248,4,1239.55,1,Regular,309.8875
13864,387,1,662.4000000000001,0,At Risk,662.4000000000001
13865,58,4,501.56,1,Regular,125.39
13866,74,1,145.67,1,Regular,145.67
13867,31,3,1015.29,1,Regular,338.43
13868,7,2,3192.54,1,Regular,1596.27
13869,123,10,8111.57,1,Regular,811.1569999999999
13870,2,15,5712.08,1,Regular,380.80533333333335
13871,23,17,7885.85,1,Regular,463.8735294117647
13872,527,3,919.57,0,At Risk,306.52333333333337
13873,120,8,1038.92,1,Regular,129.865
13874,358,7,2049.15,0,At Risk,292.7357142857143
13875,54,14,4814.37,1,Regular,343.88357142857143
13876,64,1,122.7,1,Regular,122.7
13877,86,3,449.68,1,Regular,149.89333333333335
13878,55,4,2473.06,1,Regular,618.265
13879,646,1,395.5,0,At Risk,395.5
13880,21,17,4391.66,1,Regular,258.33294117647057
13881,4,43,45179.1,1,Regular,1050.6767441860466
13882,3,5,1191.13,1,Regular,238.22600000000003
13883,11,15,6560.02,1,Regular,437.3346666666667
13884,7,10,1888.48,1,Regular,188.848
13885,189,2,506.8,1,Regular,253.4
13886,71,1,243.56,1,Regular,243.56
13887,204,1,349.55,1,Regular,349.55
13888,120,7,2169.05,1,Regular,309.86428571428576
13889,93,6,1991.23,1,Regular,331.87166666666667
13890,1,14,2927.38,1,Regular,209.09857142857143
13891,378,3,863.56,0,At Risk,287.8533333333333
13892,27,6,1267.65,1,Regular,211.275
13893,298,1,821.1,0,At Risk,821.1
13894,24,3,564.62,1,Regular,188.20666666666668
13895,28,6,4008.52,1,Regular,668.0866666666667
13896,626,1,388.55,0,At Risk,388.55
13897,50,3,1160.72,1,Regular,386.9066666666667
13898,326,2,686.4,0,At Risk,343.2
13899,16,2,388.52,1,Regular,194.26
13900,183,6,1610.59,1,Regular,268.4316666666667
13901,72,15,5676.34,1,Regular,378.42266666666666
13902,632,5,34095.26,0,At Risk,6819.052000000001
13903,400,1,165.45000000000002,0,At Risk,165.45000000000002
13904,37,2,332.64,1,Regular,166.32
13905,733,1,312.65,0,At Risk,312.65
13906,409,1,42.0,0,At Risk,42.0
13907,692,1,136.8,0,At Risk,136.8
13908,80,4,2369.55,1,Regular,592.3875
13909,423,2,286.6,0,At Risk,143.3
13911,57,20,4234.99,1,Regular,211.74949999999998
13912,424,1,124.95,0,At Risk,124.95
13913,507,1,42.22,0,At Risk,42.22
13914,12,2,626.45,1,Regular,313.225
13915,394,1,70.80000000000001,0,At Risk,70.80000000000001
13916,464,4,1275.81,0,At Risk,318.9525
13917,50,2,272.04,1,Regular,136.02
13918,50,2,1212.84,1,Regular,606.42
13919,59,4,1360.68,1,Regular,340.17
13920,432,4,1774.68,0,At Risk,443.67
13921,402,4,730.7,0,At Risk,182.675
13922,352,3,865.2,0,At Risk,288.40000000000003
13923,54,1,351.13,1,Regular,351.13
13924,2,6,1838.85,1,Regular,306.47499999999997
13925,93,4,678.25,1,Regular,169.5625
13926,23,1,223.85,1,Regular,223.85
13927,75,2,708.26,1,Regular,354.13
13928,11,4,464.57,1,Regular,116.1425
13929,169,11,3494.1,1,Regular,317.6454545454545
13930,58,2,337.34,1,Regular,168.67
13931,96,11,5257.38,1,Regular,477.94363636363636
13932,295,1,307.4,0,At Risk,307.4
13933,109,2,608.79,1,Regular,304.395
13934,264,1,922.1,0,At Risk,922.1
13935,597,3,6116.92,0,At Risk,2038.9733333333334
13936,180,3,939.66,1,Regular,313.21999999999997
13937,169,2,880.13,1,Regular,440.065
13938,35,1,71.66,1,Regular,71.66
13939,23,7,1560.96,1,Regular,222.99428571428572
13940,17,4,839.14,1,Regular,209.785
13941,22,15,11122.3,1,Regular,741.4866666666666
13942,535,1,320.0,0,At Risk,320.0
13943,578,1,246.54,0,At Risk,246.54
13944,653,1,200.43,0,At Risk,200.43
13945,395,2,854.1500000000001,0,At Risk,427.07500000000005
13946,79,6,1876.23,1,Regular,312.705
13947,65,1,90.6,1,Regular,90.6
13948,361,4,548.76,0,At Risk,137.19
13949,3,6,2427.32,1,Regular,404.55333333333334
13950,11,4,745.0600000000001,1,Regular,186.26500000000001
13951,176,3,674.45,1,Regular,224.8166666666667
13952,218,14,12823.521,1,Regular,915.9657857142857
13953,7,12,6640.68,1,Regular,553.39
13954,2,2,439.92,1,Regular,219.96
13955,154,3,545.17,1,Regular,181.72333333333333
13956,5,5,1026.42,1,Regular,205.28400000000002
13957,418,3,458.25,0,At Risk,152.75
13958,380,8,4709.2300000000005,0,At Risk,588.6537500000001
13959,79,6,1076.18,1,Regular,179.36333333333334
13960,21,2,230.22,1,Regular,115.11
13961,392,1,538.4,0,At Risk,538.4
13962,22,3,362.8,1,Regular,120.93333333333334
13963,308,17,3011.87,0,At Risk,177.16882352941175
13964,387,2,438.9,0,At Risk,219.45
13965,477,3,996.61,0,At Risk,332.2033333333333
13966,435,1,390.86,0,At Risk,390.86
13967,146,2,166.3,1,Regular,83.15
13968,423,1,123.66,0,At Risk,123.66
13969,7,35,13365.87,1,Regular,381.882
13970,386,2,846.55,0,At Risk,423.275
13971,19,14,4667.57,1,Regular,333.3978571428571
13972,71,2,190.25,1,Regular,95.125
13973,287,1,264.7,0,At Risk,264.7
13974,49,2,677.72,1,Regular,338.86
13975,31,12,5358.84,1,Regular,446.57
13976,207,4,1192.36,1,Regular,298.09
13977,411,1,519.8100000000001,0,At Risk,519.8100000000001
13978,15,2,196.79,1,Regular,98.395
13979,73,7,3416.23,1,Regular,488.03285714285715
13980,60,5,799.92,1,Regular,159.98399999999998
13981,416,1,331.14,0,At Risk,331.14
13982,39,9,4445.59,1,Regular,493.95444444444445
13983,30,21,7108.45,1,Regular,338.497619047619
13984,27,12,2048.6,1,Regular,170.71666666666667
13985,4,22,10020.86,1,Regular,455.49363636363637
13986,17,1,320.46,1,Regular,320.46
13987,380,2,682.54,0,At Risk,341.27
13988,20,8,4757.8,1,Regular,594.725
13989,66,5,2026.06,1,Regular,405.212
13990,213,1,311.3,1,Regular,311.3
13991,12,6,855.97,1,Regular,142.66166666666666
13992,30,3,219.5,1,Regular,73.16666666666667
13993,43,19,6775.71,1,Regular,356.6163157894737
13994,4,6,2313.14,1,Regular,385.5233333333333
13995,15,14,3902.01,1,Regular,278.71500000000003
13996,386,2,895.76,0,At Risk,447.88
13997,519,3,382.31,0,At Risk,127.43666666666667
13998,447,3,566.7,0,At Risk,188.9
13999,10,29,9502.26,1,Regular,327.6641379310345
14000,211,5,2046.34,1,Regular,409.268
14001,46,9,4530.09,1,Regular,503.34333333333336
14002,134,2,529.73,1,Regular,264.865
14003,733,1,209.41,0,At Risk,209.41
14004,43,11,6258.45,1,Regular,568.9499999999999
14005,10,5,2874.72,1,Regular,574.944
14006,116,7,2196.67,1,Regular,313.81
14007,513,1,79.48,0,At Risk,79.48
14008,432,1,509.04,0,At Risk,509.04
14009,198,3,1099.91,1,Regular,366.6366666666667
14010,565,2,445.15,0,At Risk,222.575
14011,480,2,457.82,0,At Risk,228.91
14012,278,1,328.8,0,At Risk,328.8
14013,110,5,1084.57,1,Regular,216.914
14014,77,3,1948.21,1,Regular,649.4033333333333
14015,53,1,917.34,1,Regular,917.34
14016,162,11,11403.41,1,Regular,1036.6736363636364
14017,571,1,229.75,0,At Risk,229.75
14018,645,1,367.15,0,At Risk,367.15
14019,47,3,1421.61,1,Regular,473.86999999999995
14020,17,4,1249.01,1,Regular,312.2525
14021,155,7,1716.58,1,Regular,245.22571428571428
14022,225,2,792.15,1,Regular,396.075
14023,7,2,584.07,1,Regular,292.035
14024,122,3,645.74,1,Regular,215.24666666666667
14025,465,8,4057.9,0,At Risk,507.2375
14026,471,2,713.11,0,At Risk,356.555
14027,61,1,104.82,1,Regular,104.82
14028,550,3,10396.5,0,At Risk,3465.5
14029,63,2,467.66,1,Regular,233.83
14030,18,20,8262.29,1,Regular,413.1145
14031,7,44,40999.17,1,Regular,931.7993181818182
14032,2,16,4850.27,1,Regular,303.141875
14033,555,1,109.44,0,At Risk,109.44
14034,22,3,651.8199999999999,1,Regular,217.2733333333333
14035,29,9,2856.72,1,Regular,317.4133333333333
14036,285,1,626.65,0,At Risk,626.65
14037,176,6,836.95,1,Regular,139.49166666666667
14038,78,5,3069.88,1,Regular,613.976
14039,33,2,267.28000000000003,1,Regular,133.64000000000001
14040,41,35,12645.57,1,Regular,361.30199999999996
14041,266,1,141.41,0,At Risk,141.41
14042,725,1,431.98,0,At Risk,431.98
14043,491,2,304.25,0,At Risk,152.125
14044,27,10,3123.1,1,Regular,312.31
14045,109,16,11313.03,1,Regular,707.064375
14046,284,1,154.99,0,At Risk,154.99
14047,9,14,4255.03,1,Regular,303.93071428571426
14048,305,3,748.69,0,At Risk,249.56333333333336
14049,17,13,13239.03,1,Regular,1018.3869230769232
14050,32,2,746.36,1,Regular,373.18
14051,1,37,22434.0,1,Regular,606.3243243243244
14052,20,2,480.81,1,Regular,240.405
14053,124,4,572.3,1,Regular,143.075
14054,65,1,92.46,1,Regular,92.46
14055,106,3,1520.96,1,Regular,506.9866666666667
14056,1,23,8214.65,1,Regular,357.1586956521739
14057,24,22,8408.84,1,Regular,382.22
14058,463,2,469.19,0,At Risk,234.595
14059,267,1,183.6,0,At Risk,183.6
14060,5,30,9519.08,1,Regular,317.30266666666665
14061,507,3,917.43,0,At Risk,305.81
14062,10,24,25604.2,1,Regular,1066.8416666666667
14063,438,9,22710.2,0,At Risk,2523.355555555556
14064,29,15,3332.42,1,Regular,222.16133333333335
14065,389,3,891.02,0,At Risk,297.00666666666666
14066,267,1,152.55,0,At Risk,152.55
14067,64,2,374.7,1,Regular,187.35
14068,320,4,1528.37,0,At Risk,382.0925
14069,515,2,230.06,0,At Risk,115.03
14070,685,1,326.55,0,At Risk,326.55
14071,4,8,1438.82,1,Regular,179.8525
14072,667,1,390.85,0,At Risk,390.85
14073,32,1,151.04,1,Regular,151.04
14074,623,1,219.4,0,At Risk,219.4
14075,5,6,1734.87,1,Regular,289.145
14076,129,1,122.47,1,Regular,122.47
14077,41,6,615.08,1,Regular,102.51333333333334
14078,102,9,1692.63,1,Regular,188.07000000000002
14079,125,2,618.73,1,Regular,309.365
14080,33,5,1115.68,1,Regular,223.13600000000002
14081,302,10,5370.1,0,At Risk,537.01
14082,365,2,413.36,0,At Risk,206.68
14083,4,11,1407.26,1,Regular,127.93272727272728
14084,512,1,150.5,0,At Risk,150.5
14085,2,33,10104.97,1,Regular,306.2112121212121
14086,463,1,39.95,0,At Risk,39.95
14087,3,3,846.22,1,Regular,282.0733333333333
14088,10,16,64036.8,1,Regular,4002.3
14089,57,1,161.0,1,Regular,161.0
14090,325,1,76.32000000000001,0,At Risk,76.32000000000001
14091,654,2,9530.08,0,At Risk,4765.04
14092,8,24,7229.45,1,Regular,301.2270833333333
14093,12,1,442.85,1,Regular,442.85
14094,440,1,335.22,0,At Risk,335.22
14095,723,1,2.95,0,At Risk,2.95
14096,4,17,65164.79,1,Regular,3833.2229411764706
14097,481,2,422.86,0,At Risk,211.43
14098,37,1,147.35,1,Regular,147.35
14099,16,20,5765.71,1,Regular,288.2855
14100,138,1,194.9,1,Regular,194.9
14101,74,13,9961.93,1,Regular,766.3023076923077
14102,5,5,1360.28,1,Regular,272.056
14104,155,5,771.58,1,Regular,154.316
14105,239,5,5988.83,1,Regular,1197.766
14106,737,1,214.8,0,At Risk,214.8
14107,52,11,4877.3,1,Regular,443.39090909090913
14108,31,4,1044.96,1,Regular,261.24
14109,73,1,144.2,1,Regular,144.2
14110,4,33,12987.95,1,Regular,393.57424242424247
14111,14,4,692.85,1,Regular,173.2125
14112,23,13,5834.59,1,Regular,448.8146153846154
14113,4,16,7092.610000000001,1,Regular,443.28812500000004
14114,274,7,1364.09,0,At Risk,194.86999999999998
14115,502,2,622.67,0,At Risk,311.335
14116,20,5,1382.74,1,Regular,276.548
14117,144,1,90.0,1,Regular,90.0
14118,429,1,458.45,0,At Risk,458.45
14119,376,2,183.37,0,At Risk,91.685
14121,4,4,2780.15,1,Regular,695.0375
14122,406,3,362.42,0,At Risk,120.80666666666667
14123,733,1,436.18,0,At Risk,436.18
14124,84,1,419.58,1,Regular,419.58
14125,11,3,2740.43,1,Regular,913.4766666666666
14126,8,4,1172.46,1,Regular,293.115
14127,123,6,1900.08,1,Regular,316.68
14128,61,3,924.21,1,Regular,308.07
14129,2,9,2591.34,1,Regular,287.9266666666667
14130,319,4,1882.67,0,At Risk,470.6675
14131,649,1,187.87,0,At Risk,187.87
14132,2,11,3586.03,1,Regular,326.00272727272727
14133,130,4,911.14,1,Regular,227.785
14134,383,15,11123.35,0,At Risk,741.5566666666667
14135,2,24,9643.92,1,Regular,401.83
14136,401,5,1570.81,0,At Risk,314.162
14137,696,1,332.7,0,At Risk,332.7
14138,2,2,982.38,1,Regular,491.19
14139,46,4,1086.8,1,Regular,271.7
14140,4,2,935.05,1,Regular,467.525
14141,3,4,915.13,1,Regular,228.7825
14142,373,2,983.15,0,At Risk,491.575
14143,134,1,115.8,1,Regular,115.8
14144,486,1,30.6,0,At Risk,30.6
14145,47,7,7600.05,1,Regular,1085.7214285714285
14146,9,12,9450.3,1,Regular,787.525
14147,78,9,2590.2,1,Regular,287.79999999999995
14148,234,2,466.29,1,Regular,233.145
14149,221,1,446.62,1,Regular,446.62
14150,36,2,658.64,1,Regular,329.32
14151,673,2,679.45,0,At Risk,339.725
14152,75,7,1997.34,1,Regular,285.3342857142857
14153,483,1,233.4,0,At Risk,233.4
14154,239,8,6460.7,1,Regular,807.5875
14155,266,1,118.75,0,At Risk,118.75
14156,10,156,313946.37,3,Key Accounts (Wholesale/Bulk),2012.4767307692307
14157,20,5,1002.78,1,Regular,200.55599999999998
14158,40,1,507.66,1,Regular,507.66
14159,20,20,7938.01,1,Regular,396.9005
14160,610,7,8421.47,0,At Risk,1203.0671428571427
14161,216,7,3318.88,1,Regular,474.1257142857143
14162,174,2,289.36,1,Regular,144.68
14163,87,5,2594.62,1,Regular,518.924
14164,71,2,1631.77,1,Regular,815.885
14165,276,1,122.54,0,At Risk,122.54
14166,505,2,256.85,0,At Risk,128.425
14167,39,8,1296.49,1,Regular,162.06125
14168,421,2,370.45,0,At Risk,185.225
14169,431,2,624.4300000000001,0,At Risk,312.21500000000003
14170,375,3,597.33,0,At Risk,199.11
14171,98,2,498.79,1,Regular,249.395
14172,605,3,402.72,0,At Risk,134.24
14173,11,6,586.0,1,Regular,97.66666666666667
14174,33,1,134.46,1,Regular,134.46
14175,60,8,7678.88,1,Regular,959.86
14176,297,5,916.01,0,At Risk,183.202
14177,86,13,2229.34,1,Regular,171.48769230769233
14178,9,7,1620.93,1,Regular,231.5614285714286
14179,41,2,719.78,1,Regular,359.89
14180,11,33,6319.25,1,Regular,191.49242424242425
14181,411,2,310.55,0,At Risk,155.275
14182,444,4,678.77,0,At Risk,169.6925
14183,411,2,286.29,0,At Risk,143.145
14184,67,1,452.89,1,Regular,452.89
14185,331,1,197.65,0,At Risk,197.65
14186,427,5,1550.63,0,At Risk,310.12600000000003
14187,474,1,123.5,0,At Risk,123.5
14188,31,6,2054.36,1,Regular,342.3933333333334
14189,2,16,5814.39,1,Regular,363.399375
14190,666,1,79.9,0,At Risk,79.9
14191,2,15,4817.66,1,Regular,321.1773333333333
14192,388,1,293.74,0,At Risk,293.74
14193,68,3,1210.19,1,Regular,403.3966666666667
14194,5,36,18670.59,1,Regular,518.6275
14195,202,6,2615.6,1,Regular,435.93333333333334
14196,107,1,335.52,1,Regular,335.52
14197,411,1,390.05,0,At Risk,390.05
14198,18,9,1569.73,1,Regular,174.41444444444446
14199,218,4,1091.7,1,Regular,272.925
14200,617,1,379.2,0,At Risk,379.2
14201,60,10,1193.54,1,Regular,119.354
14202,381,3,847.76,0,At Risk,282.58666666666664
14203,397,1,339.34,0,At Risk,339.34
14204,2,4,1062.96,1,Regular,265.74
14205,17,9,2414.2,1,Regular,268.2444444444444
14206,239,3,1185.01,1,Regular,395.00333333333333
14207,688,1,157.8,0,At Risk,157.8
14208,95,2,567.05,1,Regular,283.525
14209,11,15,4993.27,1,Regular,332.8846666666667
14210,106,16,5861.52,1,Regular,366.345
14211,53,18,4402.29,1,Regular,244.57166666666666
14212,90,2,2190.14,1,Regular,1095.07
14213,405,1,1192.2,0,At Risk,1192.2
14214,31,5,1004.38,1,Regular,200.876
14215,12,9,3416.33,1,Regular,379.59222222222223
14216,3,5,2150.04,1,Regular,430.008
14217,2,23,3416.89,1,Regular,148.5604347826087
14218,43,1,169.48000000000002,1,Regular,169.48000000000002
14219,4,3,633.83,1,Regular,211.27666666666667
14220,247,4,1515.0,1,Regular,378.75
14221,42,17,6517.49,1,Regular,383.38176470588235
14222,177,1,683.17,1,Regular,683.17
14223,92,3,991.13,1,Regular,330.37666666666667
14224,110,9,1897.9,1,Regular,210.8777777777778
14225,435,4,2037.02,0,At Risk,509.255
14226,29,6,3002.53,1,Regular,500.4216666666667
14227,26,15,6368.71,1,Regular,424.5806666666667
14228,438,3,745.5,0,At Risk,248.5
14229,52,7,2594.04,1,Regular,370.57714285714286
14230,436,3,979.8,0,At Risk,326.59999999999997
14231,184,4,1235.62,1,Regular,308.905
14232,43,5,2048.07,1,Regular,409.61400000000003
14233,49,7,2904.27,1,Regular,414.8957142857143
14234,22,4,775.46,1,Regular,193.865
14235,75,9,4717.99,1,Regular,524.2211111111111
14236,81,5,1744.64,1,Regular,348.928
14237,373,2,632.14,0,At Risk,316.07
14238,326,3,434.23,0,At Risk,144.74333333333334
14239,43,21,4263.17,1,Regular,203.00809523809525
14240,30,3,1247.49,1,Regular,415.83
14241,184,2,333.7,1,Regular,166.85
14242,235,2,280.55,1,Regular,140.275
14243,9,17,7431.05,1,Regular,437.1205882352941
14244,661,1,366.42,0,At Risk,366.42
14245,220,2,1693.45,1,Regular,846.725
14246,111,3,1474.06,1,Regular,491.3533333333333
14247,278,5,772.66,0,At Risk,154.53199999999998
14248,318,3,1032.95,0,At Risk,344.31666666666666
14249,411,12,5625.461,0,At Risk,468.7884166666667
14250,7,3,1904.05,1,Regular,634.6833333333333
14251,2,5,2879.7000000000003,1,Regular,575.94
14252,381,1,350.99,0,At Risk,350.99
14253,493,2,363.4,0,At Risk,181.7
14254,433,1,601.03,0,At Risk,601.03
14255,546,1,1000.63,0,At Risk,1000.63
14256,260,5,2473.99,1,Regular,494.79799999999994
14257,64,9,5954.45,1,Regular,661.6055555555555
14258,9,25,32051.34,1,Regular,1282.0536
14259,142,1,120.0,1,Regular,120.0
14260,471,3,824.28,0,At Risk,274.76
14261,51,2,1163.45,1,Regular,581.725
14262,8,8,2618.23,1,Regular,327.27875
14263,423,1,322.93,0,At Risk,322.93
14264,155,6,1517.36,1,Regular,252.89333333333332
14265,109,4,1373.35,1,Regular,343.3375
14266,428,1,40.56,0,At Risk,40.56
14267,163,3,1516.24,1,Regular,505.41333333333336
14268,471,1,354.85,0,At Risk,354.85
14269,439,1,295.73,0,At Risk,295.73
14270,332,1,492.65,0,At Risk,492.65
14271,226,2,219.13,1,Regular,109.565
14272,74,4,920.81,1,Regular,230.2025
14273,51,4,559.97,1,Regular,139.9925
14274,686,1,256.6,0,At Risk,256.6
14275,396,6,1189.38,0,At Risk,198.23000000000002
14276,99,7,2102.68,1,Regular,300.3828571428571
14277,15,9,17225.81,1,Regular,1913.978888888889
14278,410,1,205.83,0,At Risk,205.83
14279,521,2,191.86,0,At Risk,95.93
14280,197,1,134.04,1,Regular,134.04
14281,408,1,245.15,0,At Risk,245.15
14282,3,25,7849.66,1,Regular,313.9864
14283,463,4,628.44,0,At Risk,157.11
14284,31,3,1299.65,1,Regular,433.2166666666667
14285,21,8,3284.42,1,Regular,410.5525
14286,24,7,8479.76,1,Regular,1211.3942857142858
14287,8,3,176.63,1,Regular,58.876666666666665
14288,213,1,426.6,1,Regular,426.6
14289,9,6,911.26,1,Regular,151.87666666666667
14290,11,8,4516.56,1,Regular,564.57
14291,2,23,7904.1,1,Regular,343.6565217391304
14292,8,16,9226.25,1,Regular,576.640625
14293,3,9,3267.9300000000003,1,Regular,363.10333333333335
14294,407,1,375.34,0,At Risk,375.34
14295,40,5,2362.91,1,Regular,472.582
14296,421,2,456.4,0,At Risk,228.2
14297,18,4,1305.33,1,Regular,326.3325
14298,8,82,91194.49,2,VIP,1112.1279268292683
14299,8,27,14499.49,1,Regular,537.0181481481482
14300,19,1,43.2,1,Regular,43.2
14301,117,4,1992.18,1,Regular,498.045
14302,431,3,742.9000000000001,0,At Risk,247.63333333333335
14303,407,2,277.94,0,At Risk,138.97
14304,223,3,1725.01,1,Regular,575.0033333333333
14305,71,3,1858.96,1,Regular,619.6533333333333
14306,51,6,3151.4,1,Regular,525.2333333333333
14307,89,10,5071.03,1,Regular,507.10299999999995
14308,549,2,1147.02,0,At Risk,573.51
14309,8,11,3780.81,1,Regular,343.71
14310,433,1,492.1,0,At Risk,492.1
14311,243,2,516.45,1,Regular,258.225
14312,47,11,3090.29,1,Regular,280.93545454545455
14314,107,2,229.8,1,Regular,114.9
14315,45,8,3197.82,1,Regular,399.7275
14316,422,5,1370.34,0,At Risk,274.068
14317,65,1,508.58,1,Regular,508.58
14318,460,1,158.02,0,At Risk,158.02
14319,424,1,494.85,0,At Risk,494.85
14320,207,5,1346.75,1,Regular,269.35
14321,11,7,2218.06,1,Regular,316.86571428571426
14322,429,4,474.1,0,At Risk,118.525
14323,115,2,605.0600000000001,1,Regular,302.53000000000003
14324,410,2,701.61,0,At Risk,350.805
14325,570,1,245.48,0,At Risk,245.48
14326,242,3,940.98,1,Regular,313.66
14327,163,6,1894.93,1,Regular,315.82166666666666
14328,438,1,445.05,0,At Risk,445.05
14329,17,15,9927.22,1,Regular,661.8146666666667
14330,624,1,200.63,0,At Risk,200.63
14331,124,2,462.66,1,Regular,231.33
14332,23,5,1943.51,1,Regular,388.702
14333,68,1,415.2,1,Regular,415.2
14334,17,12,4318.4800000000005,1,Regular,359.8733333333334
14335,16,2,468.26,1,Regular,234.13
14336,17,4,1614.91,1,Regular,403.7275
14338,161,3,928.1,1,Regular,309.3666666666667
14339,243,2,620.27,1,Regular,310.135
14340,219,1,134.7,1,Regular,134.7
14341,45,18,4467.32,1,Regular,248.18444444444444
14342,21,6,918.44,1,Regular,153.07333333333335
14343,421,4,1088.91,0,At Risk,272.2275
14344,127,20,3333.7000000000003,1,Regular,166.685
14345,39,1,108.98,1,Regular,108.98
14346,121,5,2315.75,1,Regular,463.15
14347,737,1,82.60000000000001,0,At Risk,82.60000000000001
14348,260,1,409.57,0,At Risk,409.57
14349,10,1,133.5,1,Regular,133.5
14350,274,3,972.03,0,At Risk,324.01
14351,165,1,51.0,1,Regular,51.0
14352,157,4,1078.96,1,Regular,269.74
14353,215,3,376.5,1,Regular,125.5
14354,6,2,163.62,1,Regular,81.81
14355,366,3,1014.45,0,At Risk,338.15000000000003
14356,80,2,701.23,1,Regular,350.615
14357,43,1,225.77,1,Regular,225.77
14358,389,2,400.06,0,At Risk,200.03
14359,19,3,912.18,1,Regular,304.06
14360,32,4,2128.23,1,Regular,532.0575
14361,579,1,214.71,0,At Risk,214.71
14362,22,1,161.2,1,Regular,161.2
14363,402,2,227.47000000000003,0,At Risk,113.73500000000001
14364,109,8,3717.35,1,Regular,464.66875
14365,395,2,634.68,0,At Risk,317.34
14366,525,1,136.0,0,At Risk,136.0
14367,8,16,9261.52,1,Regular,578.845
14368,320,1,155.0,0,At Risk,155.0
14369,642,2,469.13,0,At Risk,234.565
14370,451,6,1175.78,0,At Risk,195.96333333333334
14371,295,1,100.5,0,At Risk,100.5
14372,443,2,860.08,0,At Risk,430.04
14373,358,1,76.55,0,At Risk,76.55
14374,541,1,108.0,0,At Risk,108.0
14375,185,3,1132.99,1,Regular,377.66333333333336
14376,683,1,215.46,0,At Risk,215.46
14377,191,2,617.05,1,Regular,308.525
14378,622,1,131.25,0,At Risk,131.25
14379,44,4,1268.91,1,Regular,317.2275
14380,682,1,48.96,0,At Risk,48.96
14381,52,2,631.34,1,Regular,315.67
14382,26,2,1246.8,1,Regular,623.4
14383,38,3,1247.69,1,Regular,415.8966666666667
14384,501,1,58.5,0,At Risk,58.5
14385,9,3,202.11,1,Regular,67.37
14386,297,1,142.4,0,At Risk,142.4
14387,33,3,1770.56,1,Regular,590.1866666666666
14388,10,16,6701.0,1,Regular,418.8125
14389,65,5,1898.01,1,Regular,379.602
14390,10,13,6399.83,1,Regular,492.2946153846154
14391,577,1,135.6,0,At Risk,135.6
14392,432,1,266.4,0,At Risk,266.4
14393,218,1,67.95,1,Regular,67.95
14394,565,1,93.8,0,At Risk,93.8
14395,2,20,8208.01,1,Regular,410.4005
14396,65,7,2121.93,1,Regular,303.1328571428571
14397,3,19,2612.96,1,Regular,137.52421052631578
14398,401,2,707.79,0,At Risk,353.895
14399,394,8,2113.16,0,At Risk,264.145
14400,149,3,1732.47,1,Regular,577.49
14401,4,22,6795.9,1,Regular,308.9045454545454
14402,652,1,285.6,0,At Risk,285.6
14403,130,6,1880.51,1,Regular,313.41833333333335
14404,34,13,2899.11,1,Regular,223.00846153846155
14405,387,1,195.0,0,At Risk,195.0
14406,119,1,156.75,1,Regular,156.75
14407,107,6,2157.73,1,Regular,359.62166666666667
14408,11,11,4109.77,1,Regular,373.6154545454546
14409,71,9,3756.09,1,Regular,417.34333333333336
14410,92,11,2651.14,1,Regular,241.01272727272726
14411,311,1,1063.0,0,At Risk,1063.0
14412,43,3,1426.19,1,Regular,475.3966666666667
14413,362,4,770.37,0,At Risk,192.5925
14414,92,8,2399.33,1,Regular,299.91625
14415,1,23,12091.6,1,Regular,525.7217391304348
14416,22,2,490.22,1,Regular,245.11
14417,388,1,604.2,0,At Risk,604.2
14418,4,3,1937.25,1,Regular,645.75
14419,11,7,1260.91,1,Regular,180.13000000000002
14420,99,4,1639.17,1,Regular,409.7925
14421,57,6,2469.37,1,Regular,411.56166666666667
14422,1,19,10271.52,1,Regular,540.6063157894737
14423,218,3,916.61,1,Regular,305.5366666666667
14424,18,1,322.08,1,Regular,322.08
14425,435,3,661.39,0,At Risk,220.46333333333334
14426,24,17,11727.94,1,Regular,689.8788235294118
14427,50,4,1263.52,1,Regular,315.88
14428,7,5,1244.83,1,Regular,248.96599999999998
14429,404,1,516.28,0,At Risk,516.28
14430,512,3,1220.9,0,At Risk,406.9666666666667
14431,303,4,2614.2,0,At Risk,653.55
14432,10,6,2255.51,1,Regular,375.91833333333335
14433,466,1,289.6,0,At Risk,289.6
14434,22,6,1372.8,1,Regular,228.79999999999998
14435,502,1,90.42,0,At Risk,90.42
14436,99,2,271.7,1,Regular,135.85
14437,366,5,958.84,0,At Risk,191.768
14438,306,1,131.9,0,At Risk,131.9
14439,320,5,9443.04,0,At Risk,1888.6080000000002
14440,8,13,6638.7300000000005,1,Regular,510.6715384615385
14441,1,11,4611.6900000000005,1,Regular,419.2445454545455
14442,205,7,5367.02,1,Regular,766.7171428571429
14443,54,5,2386.4700000000003,1,Regular,477.29400000000004
14444,456,1,132.04,0,At Risk,132.04
14445,456,1,221.65,0,At Risk,221.65
14446,1,5,1241.31,1,Regular,248.262
14447,19,6,1711.73,1,Regular,285.28833333333336
14448,9,2,375.35,1,Regular,187.675
14449,19,8,2482.8,1,Regular,310.35
14450,181,7,1128.44,1,Regular,161.2057142857143
14451,60,12,3308.77,1,Regular,275.73083333333335
14452,11,4,665.59,1,Regular,166.3975
14453,190,1,119.93,1,Regular,119.93
14454,376,5,977.3,0,At Risk,195.45999999999998
14455,432,4,628.21,0,At Risk,157.0525
14456,5,9,3062.4,1,Regular,340.26666666666665
14457,311,1,113.64,0,At Risk,113.64
14458,381,1,237.42,0,At Risk,237.42
14459,155,2,5375.741,1,Regular,2687.8705
14460,110,9,1093.5,1,Regular,121.5
14461,148,13,6713.5,1,Regular,516.4230769230769
14462,66,12,2270.01,1,Regular,189.16750000000002
14463,98,4,786.5699999999999,1,Regular,196.64249999999998
14464,568,2,111.0,0,At Risk,55.5
14465,247,11,3946.03,1,Regular,358.73
14466,29,13,4646.9,1,Regular,357.45384615384614
14467,18,12,2220.99,1,Regular,185.08249999999998
14468,734,1,204.24,0,At Risk,204.24
14469,416,4,2112.21,0,At Risk,528.0525
14470,12,3,712.04,1,Regular,237.34666666666666
14471,591,2,400.95,0,At Risk,200.475
14472,104,9,2228.22,1,Regular,247.57999999999998
14473,74,2,234.34,1,Regular,117.17
14474,46,2,1278.08,1,Regular,639.04
14475,72,4,1151.15,1,Regular,287.7875
14476,257,1,215.7,0,At Risk,215.7
14477,20,7,1969.6,1,Regular,281.37142857142857
14478,382,4,1276.66,0,At Risk,319.165
14479,254,4,1299.11,1,Regular,324.7775
14480,11,4,1299.52,1,Regular,324.88
14481,165,5,2311.49,1,Regular,462.29799999999994
14482,18,12,4357.91,1,Regular,363.15916666666664
14483,282,2,257.1,0,At Risk,128.55
14484,50,4,1070.98,1,Regular,267.745
14485,39,1,165.75,1,Regular,165.75
14486,512,2,175.5,0,At Risk,87.75
14487,27,7,1453.61,1,Regular,207.6585714285714
14488,68,1,1064.28,1,Regular,1064.28
14489,207,4,1574.93,1,Regular,393.7325
14490,406,2,1273.47,0,At Risk,636.735
14491,175,2,468.13,1,Regular,234.065
14492,430,7,1921.91,0,At Risk,274.55857142857144
14493,7,10,5130.15,1,Regular,513.015
14494,26,3,401.46,1,Regular,133.82
14495,51,3,174.8,1,Regular,58.26666666666667
14496,312,7,2668.23,0,At Risk,381.17571428571426
14497,309,2,697.0600000000001,0,At Risk,348.53000000000003
14498,43,10,3911.27,1,Regular,391.127
14499,26,7,2138.9700000000003,1,Regular,305.56714285714287
14500,88,3,356.85,1,Regular,118.95
14501,184,2,251.21,1,Regular,125.605
14502,20,11,2470.67,1,Regular,224.60636363636365
14503,3,6,3543.26,1,Regular,590.5433333333334
14504,47,4,673.26,1,Regular,168.315
14505,17,19,12001.84,1,Regular,631.6757894736842
14506,17,7,3290.67,1,Regular,470.0957142857143
14507,24,11,3284.4300000000003,1,Regular,298.5845454545455
14508,22,5,874.9399999999999,1,Regular,174.988
14509,534,1,110.95,0,At Risk,110.95
14510,376,3,1007.28,0,At Risk,335.76
14511,11,5,1314.81,1,Regular,262.962
14512,188,7,1223.47,1,Regular,174.78142857142856
14513,101,6,788.01,1,Regular,131.335
14514,61,9,4598.9800000000005,1,Regular,510.99777777777786
14515,18,12,3749.26,1,Regular,312.43833333333333
14516,516,1,163.92,0,At Risk,163.92
14517,33,2,330.45,1,Regular,165.225
14518,64,1,174.37,1,Regular,174.37
14519,684,2,206.09,0,At Risk,103.045
14520,2,2,270.6,1,Regular,135.3
14521,491,1,199.45,0,At Risk,199.45
14522,24,8,1758.62,1,Regular,219.8275
14523,108,1,241.09,1,Regular,241.09
14524,32,13,2933.71,1,Regular,225.67000000000002
14525,20,17,8240.64,1,Regular,484.74352941176465
14526,389,1,262.4,0,At Risk,262.4
14527,3,122,27792.3,2,VIP,227.80573770491802
14528,37,1,364.22,1,Regular,364.22
14529,60,3,620.04,1,Regular,206.67999999999998
14530,26,16,6197.4,1,Regular,387.3375
14531,480,1,376.34,0,At Risk,376.34
14532,236,11,3859.18,1,Regular,350.83454545454543
14533,25,11,3466.37,1,Regular,315.12454545454545
14534,3,26,6271.11,1,Regular,241.19653846153844
14535,60,9,6030.7300000000005,1,Regular,670.0811111111111
14536,260,1,171.8,0,At Risk,171.8
14537,58,2,641.4,1,Regular,320.7
14538,65,5,1370.84,1,Regular,274.168
14539,16,2,537.48,1,Regular,268.74
14540,10,11,3795.34,1,Regular,345.0309090909091
14541,59,14,2499.68,1,Regular,178.54857142857142
14542,186,1,103.25,1,Regular,103.25
14543,29,39,14906.77,1,Regular,382.22487179487183
14544,24,3,2982.43,1,Regular,994.1433333333333
14545,674,1,349.25,0,At Risk,349.25
14546,5,11,5197.9,1,Regular,472.5363636363636
14547,4,8,4007.54,1,Regular,500.9425
14548,151,9,2627.49,1,Regular,291.9433333333333
14549,311,4,916.55,0,At Risk,229.1375
14550,11,4,1353.31,1,Regular,338.3275
14551,18,7,880.04,1,Regular,125.72
14552,152,3,511.28,1,Regular,170.42666666666665
14553,19,9,1841.54,1,Regular,204.61555555555555
14554,10,4,2381.04,1,Regular,595.26
14555,57,6,2315.63,1,Regular,385.93833333333333
14556,596,3,835.34,0,At Risk,278.44666666666666
14557,85,1,788.38,1,Regular,788.38
14558,654,3,655.5,0,At Risk,218.5
14559,390,1,75.6,0,At Risk,75.6
14560,7,44,6114.03,1,Regular,138.95522727272726
14561,76,3,1080.76,1,Regular,360.25333333333333
14562,4,26,6729.400000000001,1,Regular,258.82307692307694
14563,510,2,679.44,0,At Risk,339.72
14564,435,2,2605.62,0,At Risk,1302.81
14565,96,5,3859.22,1,Regular,771.8439999999999
14566,111,4,4092.0,1,Regular,1023.0
14567,57,2,1530.36,1,Regular,765.18
14568,435,1,919.7,0,At Risk,919.7
14569,1,4,598.98,1,Regular,149.745
14570,281,3,613.75,0,At Risk,204.58333333333334
14571,425,1,161.65,0,At Risk,161.65
14572,3,11,5615.18,1,Regular,510.4709090909091
14573,180,13,2621.42,1,Regular,201.64769230769232
14574,733,1,143.70000000000002,0,At Risk,143.70000000000002
14575,488,1,460.71,0,At Risk,460.71
14576,372,1,70.80000000000001,0,At Risk,70.80000000000001
14577,13,7,1374.25,1,Regular,196.32142857142858
14578,3,1,168.63,1,Regular,168.63
14579,432,1,105.56,0,At Risk,105.56
14580,518,1,14.85,0,At Risk,14.85
14581,17,2,433.8,1,Regular,216.9
14582,41,1,114.11,1,Regular,114.11
14583,6,8,1781.03,1,Regular,222.62875
14584,169,8,1747.91,1,Regular,218.48875
14585,50,5,1143.27,1,Regular,228.654
14586,277,1,237.36,0,At Risk,237.36
14587,19,9,1601.14,1,Regular,177.90444444444447
14588,578,1,135.39,0,At Risk,135.39
14589,372,1,79.5,0,At Risk,79.5
14590,425,20,3006.62,0,At Risk,150.331
14591,15,4,1447.14,1,Regular,361.785
14592,35,3,570.46,1,Regular,190.15333333333334
14593,22,12,3712.01,1,Regular,309.3341666666667
14594,7,2,634.83,1,Regular,317.415
14595,20,8,2164.45,1,Regular,270.55625
14596,627,1,229.47,0,At Risk,229.47
14597,11,6,2201.54,1,Regular,366.92333333333335
14598,44,2,384.04,1,Regular,192.02
14599,390,2,474.54,0,At Risk,237.27
14600,306,2,865.17,0,At Risk,432.585
14601,11,1,213.96,1,Regular,213.96
14602,656,1,205.36,0,At Risk,205.36
14603,275,1,660.0,0,At Risk,660.0
14604,633,1,143.86,0,At Risk,143.86
14605,374,4,937.16,0,At Risk,234.29
14606,1,192,30861.06,2,VIP,160.7346875
14607,16,22,24137.63,1,Regular,1097.165
14608,4,11,3352.94,1,Regular,304.8127272727273
14609,72,10,1486.2,1,Regular,148.62
14610,396,2,24.35,0,At Risk,12.175
14611,444,2,604.33,0,At Risk,302.165
14612,415,1,877.7,0,At Risk,877.7
14613,680,1,76.32000000000001,0,At Risk,76.32000000000001
14614,386,1,295.13,0,At Risk,295.13
14615,394,5,951.76,0,At Risk,190.352
14616,243,5,527.78,1,Regular,105.556
14617,403,2,190.47,0,At Risk,95.235
14618,9,7,1342.32,1,Regular,191.76
14619,246,2,1291.24,1,Regular,645.62
14620,206,2,412.78,1,Regular,206.39
14621,1,9,3000.57,1,Regular,333.3966666666667
14622,185,1,320.58000000000004,1,Regular,320.58000000000004
14623,32,10,2059.58,1,Regular,205.958
14624,57,6,814.07,1,Regular,135.67833333333334
14625,196,11,4497.88,1,Regular,408.89818181818185
14626,24,11,5410.92,1,Regular,491.9018181818182
14627,379,1,462.75,0,At Risk,462.75
14628,91,5,1998.0,1,Regular,399.6
14629,4,2,959.01,1,Regular,479.505
14630,484,1,338.65,0,At Risk,338.65
14631,51,6,2025.69,1,Regular,337.615
14632,263,1,114.56,0,At Risk,114.56
14633,266,1,344.90000000000003,0,At Risk,344.90000000000003
14634,438,4,2124.46,0,At Risk,531.115
14635,454,1,215.22,0,At Risk,215.22
14636,36,2,609.85,1,Regular,304.925
14637,677,1,106.68,0,At Risk,106.68
14638,51,1,443.6,1,Regular,443.6
14639,52,9,4978.96,1,Regular,553.2177777777778
14640,24,10,3667.06,1,Regular,366.706
14641,22,1,110.46,1,Regular,110.46
14642,59,1,96.12,1,Regular,96.12
14643,170,5,1679.89,1,Regular,335.978
14644,68,7,2247.72,1,Regular,321.1028571428571
14645,157,3,876.89,1,Regular,292.2966666666667
14646,2,151,528602.52,3,Key Accounts (Wholesale/Bulk),3500.678940397351
14647,201,2,519.97,1,Regular,259.985
14648,416,15,4546.86,0,At Risk,303.12399999999997
14649,5,9,3775.31,1,Regular,419.4788888888889
14650,589,1,62.5,0,At Risk,62.5
14651,67,9,2034.12,1,Regular,226.01333333333332
14652,77,1,114.18,1,Regular,114.18
14653,1,12,3614.54,1,Regular,301.21166666666664
14654,738,1,246.86,0,At Risk,246.86
14655,8,7,3878.51,1,Regular,554.0728571428572
14656,169,5,814.65,1,Regular,162.93
14657,18,6,1460.87,1,Regular,243.47833333333332
14658,5,2,247.15,1,Regular,123.575
14659,9,9,2529.93,1,Regular,281.1033333333333
14660,87,2,285.74,1,Regular,142.87
14661,27,1,107.95,1,Regular,107.95
14662,29,7,1416.33,1,Regular,202.33285714285714
14663,430,2,490.6,0,At Risk,245.3
14664,20,2,637.89,1,Regular,318.945
14665,61,7,2749.65,1,Regular,392.8071428571429
14666,24,1,195.25,1,Regular,195.25
14667,11,54,21927.14,1,Regular,406.0581481481481
14668,445,1,111.63,0,At Risk,111.63
14669,242,7,3243.93,1,Regular,463.4185714285714
14670,280,3,602.0,0,At Risk,200.66666666666666
14671,549,2,1127.45,0,At Risk,563.725
14672,235,4,1113.14,1,Regular,278.285
14673,3,7,3410.81,1,Regular,487.25857142857143
14674,509,1,173.66,0,At Risk,173.66
14675,16,2,1066.9,1,Regular,533.45
14676,31,12,8356.79,1,Regular,696.3991666666667
14677,593,1,184.91,0,At Risk,184.91
14678,579,1,403.39,0,At Risk,403.39
14679,382,3,1289.44,0,At Risk,429.81333333333333
14680,25,58,57412.77,2,VIP,989.8753448275861
14681,71,6,875.1500000000001,1,Regular,145.85833333333335
14682,188,6,1514.81,1,Regular,252.46833333333333
14683,588,1,146.56,0,At Risk,146.56
14684,26,6,1468.55,1,Regular,244.75833333333333
14685,576,8,4619.79,0,At Risk,577.47375
14686,414,5,885.83,0,At Risk,177.166
14687,107,3,1402.06,1,Regular,467.3533333333333
14688,8,28,7713.57,1,Regular,275.48464285714283
14689,209,1,112.8,1,Regular,112.8
14690,44,4,794.33,1,Regular,198.5825
14691,31,5,2114.33,1,Regular,422.866
14692,137,12,1745.09,1,Regular,145.42416666666665
14693,265,7,1165.36,1,Regular,166.48
14694,617,1,244.31,0,At Risk,244.31
14695,519,3,1620.07,0,At Risk,540.0233333333333
14696,4,8,2767.9,1,Regular,345.9875
14697,218,2,188.61,1,Regular,94.305
14698,2,5,1250.76,1,Regular,250.152
14699,214,4,702.6,1,Regular,175.65
14700,32,5,3116.26,1,Regular,623.2520000000001
14701,11,15,4562.09,1,Regular,304.13933333333335
14702,1,29,6754.22,1,Regular,232.90413793103448
14703,15,1,318.17,1,Regular,318.17
14704,11,11,1813.57,1,Regular,164.87
14705,199,1,179.0,1,Regular,179.0
14706,619,1,390.69,0,At Risk,390.69
14707,436,2,139.2,0,At Risk,69.6
14708,3,5,2212.28,1,Regular,442.456
14709,15,25,8886.33,1,Regular,355.4532
14710,14,13,1922.59,1,Regular,147.89153846153846
14711,10,11,2868.8,1,Regular,260.8
14712,29,4,1328.0700000000002,1,Regular,332.01750000000004
14713,9,21,5418.87,1,Regular,258.0414285714286
14714,24,4,906.24,1,Regular,226.56
14715,25,8,1840.45,1,Regular,230.05625
14716,43,3,565.45,1,Regular,188.48333333333335
14717,733,1,81.3,0,At Risk,81.3
14718,410,1,226.42,0,At Risk,226.42
14719,2,5,1602.13,1,Regular,320.42600000000004
14720,6,3,663.81,1,Regular,221.26999999999998
14721,379,1,115.77,0,At Risk,115.77
14722,147,3,513.37,1,Regular,171.12333333333333
14723,10,11,2093.06,1,Regular,190.27818181818182
14724,590,1,345.25,0,At Risk,345.25
14725,25,4,1315.24,1,Regular,328.81
14726,655,1,124.75,0,At Risk,124.75
14727,274,3,467.93,0,At Risk,155.97666666666666
14728,413,1,190.58,0,At Risk,190.58
14729,374,3,907.38,0,At Risk,302.46
14730,1,8,2005.06,1,Regular,250.6325
14731,47,3,380.02,1,Regular,126.67333333333333
14732,8,19,5517.07,1,Regular,290.3721052631579
14733,16,15,16184.97,1,Regular,1078.998
14734,426,4,1056.42,0,At Risk,264.105
14735,4,56,12240.16,1,Regular,218.5742857142857
14736,485,2,401.08,0,At Risk,200.54
14737,4,4,3554.17,1,Regular,888.5425
14738,43,9,1821.9,1,Regular,202.43333333333334
14739,4,25,12287.5,1,Regular,491.5
14740,197,11,4161.06,1,Regular,378.27818181818185
14741,12,7,1897.59,1,Regular,271.0842857142857
14742,435,1,579.85,0,At Risk,579.85
14743,593,1,50.48,0,At Risk,50.48
14744,16,14,3885.08,1,Regular,277.5057142857143
14745,113,12,2571.81,1,Regular,214.3175
14746,406,4,593.5,0,At Risk,148.375
14747,249,1,328.2,1,Regular,328.2
14748,29,10,3152.32,1,Regular,315.232
14749,480,1,310.15,0,At Risk,310.15
14750,736,1,112.03,0,At Risk,112.03
14751,684,2,126.45,0,At Risk,63.225
14752,44,1,389.64,1,Regular,389.64
14753,87,2,869.51,1,Regular,434.755
14754,45,6,1550.48,1,Regular,258.41333333333336
14755,10,25,9972.55,1,Regular,398.902
14756,15,3,2653.76,1,Regular,884.5866666666667
14757,75,1,420.5,1,Regular,420.5
14758,145,7,2864.9700000000003,1,Regular,409.2814285714286
14759,5,3,1625.97,1,Regular,541.99
14760,297,1,89.2,0,At Risk,89.2
14761,59,3,447.92,1,Regular,149.30666666666667
14762,264,2,417.57,0,At Risk,208.785
14764,47,1,278.3,1,Regular,278.3
14765,29,3,254.11,1,Regular,84.70333333333333
14766,8,11,6556.13,1,Regular,596.0118181818182
14767,474,1,382.81,0,At Risk,382.81
14768,17,2,192.6,1,Regular,96.3
14769,3,17,15771.88,1,Regular,927.7576470588235
14770,232,8,3637.64,1,Regular,454.705
14771,621,2,594.62,0,At Risk,297.31
14772,112,1,139.26,1,Regular,139.26
14773,593,1,140.55,0,At Risk,140.55
14774,529,1,241.45,0,At Risk,241.45
14775,58,3,1418.46,1,Regular,472.82
14776,51,15,3708.3,1,Regular,247.22
14777,404,1,307.56,0,At Risk,307.56
14778,127,2,730.86,1,Regular,365.43
14779,281,3,386.15,0,At Risk,128.71666666666667
14780,55,2,447.68,1,Regular,223.84
14782,320,1,200.1,0,At Risk,200.1
14783,659,1,307.3,0,At Risk,307.3
14784,26,3,449.93,1,Regular,149.97666666666666
14785,10,2,77.4,1,Regular,38.7
14786,550,1,90.96,0,At Risk,90.96
14787,471,1,110.65,0,At Risk,110.65
14788,7,3,1156.32,1,Regular,385.44
14789,29,1,197.64,1,Regular,197.64
14790,17,10,2526.62,1,Regular,252.66199999999998
14791,607,1,303.63,0,At Risk,303.63
14792,64,1,6.2,1,Regular,6.2
14793,21,2,625.9,1,Regular,312.95
14794,3,10,1953.9,1,Regular,195.39000000000001
14795,166,1,131.45000000000002,1,Regular,131.45000000000002
14796,1,27,10889.64,1,Regular,403.32
14797,507,1,300.31,0,At Risk,300.31
14798,53,8,724.31,1,Regular,90.53875
14799,51,2,338.15000000000003,1,Regular,169.07500000000002
14800,48,17,7774.32,1,Regular,457.3129411764706
14801,61,1,193.14,1,Regular,193.14
14802,438,2,1502.98,0,At Risk,751.49
14803,162,3,845.5500000000001,1,Regular,281.85
14804,9,1,353.27,1,Regular,353.27
14805,15,7,1104.64,1,Regular,157.8057142857143
14806,75,2,303.43,1,Regular,151.715
14807,391,2,519.29,0,At Risk,259.645
14808,40,8,2741.17,1,Regular,342.64625
14809,621,2,686.76,0,At Risk,343.38
14810,41,13,2537.02,1,Regular,195.1553846153846
14811,387,1,170.5,0,At Risk,170.5
14812,599,1,185.8,0,At Risk,185.8
14813,370,4,1090.87,0,At Risk,272.7175
14814,581,1,160.46,0,At Risk,160.46
14815,37,2,778.5,1,Regular,389.25
14816,197,1,271.85,1,Regular,271.85
14817,200,7,3959.86,1,Regular,565.6942857142857
14818,74,6,1170.41,1,Regular,195.06833333333336
14819,64,4,470.16,1,Regular,117.54
14820,21,9,1274.76,1,Regular,141.64
14821,367,7,1286.45,0,At Risk,183.77857142857144
14822,485,1,157.7,0,At Risk,157.7
14823,180,3,321.43,1,Regular,107.14333333333333
14824,10,10,4022.91,1,Regular,402.291
14825,4,24,4925.08,1,Regular,205.21166666666667
14826,582,2,385.2,0,At Risk,192.6
14828,197,13,9839.46,1,Regular,756.8815384615384
14829,29,7,1692.84,1,Regular,241.8342857142857
14830,53,1,197.13,1,Regular,197.13
14831,680,3,1676.57,0,At Risk,558.8566666666667
14832,630,1,322.69,0,At Risk,322.69
14833,499,1,94.8,0,At Risk,94.8
14834,18,7,2206.16,1,Regular,315.1657142857143
14835,529,2,297.0,0,At Risk,148.5
14836,10,3,102.45,1,Regular,34.15
14837,90,9,3460.32,1,Regular,384.48
14838,423,2,773.6700000000001,0,At Risk,386.83500000000004
14839,418,3,915.28,0,At Risk,305.0933333333333
14840,268,2,362.71,0,At Risk,181.355
14841,53,14,7163.0,1,Regular,511.64285714285717
14842,44,4,2824.69,1,Regular,706.1725
14843,437,1,211.8,0,At Risk,211.8
14844,64,10,6702.43,1,Regular,670.243
14845,600,1,150.0,0,At Risk,150.0
14846,427,1,437.4,0,At Risk,437.4
14847,149,3,1348.95,1,Regular,449.65000000000003
14848,405,1,310.56,0,At Risk,310.56
14849,22,43,15763.45,1,Regular,366.59186046511627
14850,312,7,1794.01,0,At Risk,256.28714285714284
14851,23,3,829.41,1,Regular,276.46999999999997
14852,58,18,6147.18,1,Regular,341.51
14853,24,5,1376.87,1,Regular,275.37399999999997
14854,78,11,4322.86,1,Regular,392.9872727272727
14855,119,7,6520.3,1,Regular,931.4714285714286
14856,36,3,1311.38,1,Regular,437.1266666666667
14857,60,7,3651.851,1,Regular,521.693
14858,506,1,180.75,0,At Risk,180.75
14859,13,5,1705.64,1,Regular,341.12800000000004
14860,19,1,170.32,1,Regular,170.32
14861,52,10,1380.73,1,Regular,138.073
14862,26,2,841.2,1,Regular,420.6
14863,29,1,266.76,1,Regular,266.76
14865,7,4,129.72,1,Regular,32.43
14866,11,19,20850.22,1,Regular,1097.38
14867,186,16,2952.06,1,Regular,184.50375
14868,3,12,4184.01,1,Regular,348.6675
14869,9,6,2804.24,1,Regular,467.3733333333333
14870,262,6,1838.95,1,Regular,306.4916666666667
14871,3,9,1258.97,1,Regular,139.88555555555556
14872,484,3,816.6,0,At Risk,272.2
14873,210,2,854.13,1,Regular,427.065
14874,535,1,116.18,0,At Risk,116.18
14875,108,3,2862.4,1,Regular,954.1333333333333
14876,521,2,256.7,0,At Risk,128.35
14877,418,2,437.0,0,At Risk,218.5
14878,13,25,4105.24,1,Regular,164.2096
14879,685,1,185.06,0,At Risk,185.06
14880,77,3,706.19,1,Regular,235.39666666666668
14881,20,1,255.4,1,Regular,255.4
14882,27,14,3628.15,1,Regular,259.1535714285714
14883,19,6,761.59,1,Regular,126.93166666666667
14884,669,1,120.6,0,At Risk,120.6
14885,132,3,1598.12,1,Regular,532.7066666666666
14886,253,1,364.8,0,At Risk,364.8
14887,79,1,1862.0,1,Regular,1862.0
14888,207,1,369.2,1,Regular,369.2
14889,336,1,135.9,0,At Risk,135.9
14890,254,3,817.25,1,Regular,272.4166666666667
14891,148,4,1106.73,1,Regular,276.6825
14892,691,1,202.35,0,At Risk,202.35
14893,10,3,1809.61,1,Regular,603.2033333333333
14894,85,3,1492.81,1,Regular,497.6033333333333
14895,8,38,25119.54,1,Regular,661.0405263157895
14896,205,8,2092.42,1,Regular,261.5525
14897,8,8,3140.54,1,Regular,392.5675
14898,23,14,3507.81,1,Regular,250.55785714285713
14899,395,1,1384.88,0,At Risk,1384.88
14900,522,1,13.919999999999998,0,At Risk,13.919999999999998
14901,11,12,2289.65,1,Regular,190.80416666666667
14902,26,3,1035.62,1,Regular,345.20666666666665
14903,21,5,2810.63,1,Regular,562.126
14904,2,4,1640.64,1,Regular,410.16
14905,158,8,1971.39,1,Regular,246.42375
14906,445,1,68.44,0,At Risk,68.44
14907,3,16,6165.79,1,Regular,385.361875
14908,74,2,381.9,1,Regular,190.95
14909,437,3,1404.68,0,At Risk,468.2266666666667
14910,3,4,434.35,1,Regular,108.5875
14911,1,398,295972.63,3,Key Accounts (Wholesale/Bulk),743.6498241206031
14912,17,6,1889.25,1,Regular,314.875
14913,36,8,4073.13,1,Regular,509.14125
14915,91,11,1811.25,1,Regular,164.6590909090909
14916,71,8,3042.95,1,Regular,380.36875
14917,597,2,1123.75,0,At Risk,561.875
14918,116,9,5955.81,1,Regular,661.7566666666667
14919,539,1,359.35,0,At Risk,359.35
14920,213,3,1607.17,1,Regular,535.7233333333334
14921,30,2,1316.07,1,Regular,658.035
14922,394,2,843.74,0,At Risk,421.87
14923,51,1,749.1,1,Regular,749.1
14924,246,3,931.01,1,Regular,310.33666666666664
14926,382,2,359.4,0,At Risk,179.7
14927,397,1,308.2,0,At Risk,308.2
14928,628,1,223.91000000000005,0,At Risk,223.91000000000005
14929,32,2,836.69,1,Regular,418.345
14930,109,6,5246.63,1,Regular,874.4383333333334
14931,5,5,1257.68,1,Regular,251.536
14932,366,2,1029.66,0,At Risk,514.83
14933,444,4,1770.0,0,At Risk,442.5
14934,82,5,3503.5,1,Regular,700.7
14935,297,2,2849.83,0,At Risk,1424.915
14936,34,12,12410.81,1,Regular,1034.2341666666666
14937,57,3,1621.88,1,Regular,540.6266666666667
14938,562,2,2322.43,0,At Risk,1161.215
14940,418,2,531.49,0,At Risk,265.745
14941,579,1,182.1,0,At Risk,182.1
14942,402,4,746.56,0,At Risk,186.64
14943,663,1,107.62,0,At Risk,107.62
14944,30,19,9784.67,1,Regular,514.9826315789473
14945,414,1,179.4,0,At Risk,179.4
14946,14,1,100.9,1,Regular,100.9
14947,72,6,1049.79,1,Regular,174.965
14948,23,6,1101.97,1,Regular,183.66166666666666
14949,469,4,515.0,0,At Risk,128.75
14950,19,1,371.2,1,Regular,371.2
14951,79,1,311.69,1,Regular,311.69
14952,60,32,17629.35,1,Regular,550.9171875
14953,25,4,1013.77,1,Regular,253.4425
14954,12,2,503.44,1,Regular,251.72
14955,733,1,163.77,0,At Risk,163.77
14956,421,1,1325.0,0,At Risk,1325.0
14957,253,2,333.29,1,Regular,166.645
14958,147,6,957.94,1,Regular,159.65666666666667
14959,64,4,695.42,1,Regular,173.855
14960,8,2,221.27,1,Regular,110.635
14961,11,22,16410.15,1,Regular,745.9159090909092
14962,271,4,366.91,0,At Risk,91.7275
14963,10,12,3164.48,1,Regular,263.70666666666665
14964,247,1,206.21,1,Regular,206.21
14965,96,2,599.0,1,Regular,299.5
14966,15,6,1115.84,1,Regular,185.97333333333333
14967,50,6,1982.61,1,Regular,330.435
14968,30,2,504.99,1,Regular,252.495
14969,704,1,906.23,0,At Risk,906.23
14970,68,12,4919.35,1,Regular,409.9458333333334
14971,35,3,1116.57,1,Regular,372.19
14972,128,2,145.07,1,Regular,72.535
14973,107,3,1314.45,1,Regular,438.15000000000003
14974,37,1,114.39,1,Regular,114.39
14975,57,2,472.39,1,Regular,236.195
14976,57,7,790.86,1,Regular,112.98
14977,726,1,31.93,0,At Risk,31.93
14978,72,10,3142.14,1,Regular,314.214
14979,735,1,439.46,0,At Risk,439.46
14980,737,1,150.68,0,At Risk,150.68
14981,246,2,372.92,1,Regular,186.46
14982,572,1,237.78,0,At Risk,237.78
14983,689,1,183.2,0,At Risk,183.2
14984,19,6,1271.41,1,Regular,211.90166666666667
14985,198,2,296.75,1,Regular,148.375
14986,376,2,566.9,0,At Risk,283.45
14987,16,8,1713.85,1,Regular,214.23125
14988,212,7,2066.6,1,Regular,295.2285714285714
14989,662,1,342.4,0,At Risk,342.4
14990,612,2,305.42,0,At Risk,152.71
14991,430,1,314.67,0,At Risk,314.67
14992,442,1,210.5,0,At Risk,210.5
14993,564,1,36.13,0,At Risk,36.13
14994,382,5,960.63,0,At Risk,192.126
14995,39,2,233.23,1,Regular,116.615
14996,481,2,442.29,0,At Risk,221.145
14997,46,4,776.6,1,Regular,194.15
14998,170,4,770.73,1,Regular,192.6825
14999,593,1,129.48000000000002,0,At Risk,129.48000000000002
15000,48,1,490.52,1,Regular,490.52
15001,394,2,230.86,0,At Risk,115.43
15002,116,9,4817.28,1,Regular,535.2533333333333
15003,473,6,1060.7,0,At Risk,176.78333333333333
15004,147,1,1246.32,1,Regular,1246.32
15005,16,56,14106.2,1,Regular,251.89642857142857
15006,51,2,825.14,1,Regular,412.57
15007,159,1,156.91,1,Regular,156.91
15008,480,2,360.0,0,At Risk,180.0
15009,12,3,1261.78,1,Regular,420.5933333333333
15010,36,1,308.94,1,Regular,308.94
15011,396,2,416.6,0,At Risk,208.3
15012,54,3,860.62,1,Regular,286.87333333333333
15013,488,10,1641.3,0,At Risk,164.13
15014,43,2,260.17,1,Regular,130.085
15015,501,13,2365.02,0,At Risk,181.92461538461538
15016,173,5,630.3,1,Regular,126.05999999999999
15017,34,1,125.58,1,Regular,125.58
15018,39,3,607.46,1,Regular,202.48666666666668
15019,267,1,266.0,0,At Risk,266.0
15020,379,1,203.42,0,At Risk,203.42
15021,9,12,2783.83,1,Regular,231.98583333333332
15022,12,5,1186.09,1,Regular,237.218
15023,3,20,12170.68,1,Regular,608.534
15024,10,16,4075.51,1,Regular,254.719375
15025,33,2,1013.09,1,Regular,506.545
15026,80,5,1061.61,1,Regular,212.32199999999997
15027,31,10,3195.6,1,Regular,319.56
15028,8,6,1157.71,1,Regular,192.95166666666668
15029,620,1,365.1,0,At Risk,365.1
15030,72,8,1979.91,1,Regular,247.48875
15031,4,14,3156.58,1,Regular,225.47
15032,256,8,13780.65,1,Regular,1722.58125
15033,5,10,2586.67,1,Regular,258.66700000000003
15034,16,14,8313.4,1,Regular,593.8142857142857
15035,90,1,252.73,1,Regular,252.73
15036,72,3,465.55,1,Regular,155.18333333333334
15037,376,2,402.51,0,At Risk,201.255
15038,59,9,1309.86,1,Regular,145.54
15039,10,93,40031.43,2,VIP,430.44548387096773
15040,542,1,7.49,0,At Risk,7.49
15041,170,2,294.02,1,Regular,147.01
15042,199,2,315.45,1,Regular,157.725
15043,31,6,2873.8,1,Regular,478.9666666666667
15044,19,35,16204.33,1,Regular,462.98085714285713
15045,152,2,735.66,1,Regular,367.83
15046,9,25,7812.39,1,Regular,312.4956
15047,270,1,343.62,0,At Risk,343.62
15048,65,4,482.75,1,Regular,120.6875
15049,274,1,121.17000000000002,0,At Risk,121.17000000000002
15050,25,5,4193.79,1,Regular,838.758
15051,23,9,3935.16,1,Regular,437.24
15052,319,1,215.78,0,At Risk,215.78
15053,5,3,697.79,1,Regular,232.59666666666666
15054,12,2,302.1,1,Regular,151.05
15055,475,3,560.07,0,At Risk,186.69000000000003
15056,520,1,133.45,0,At Risk,133.45
15057,275,5,3255.96,0,At Risk,651.192
15058,25,16,3410.03,1,Regular,213.126875
15059,41,19,3523.57,1,Regular,185.45105263157896
15060,8,4,303.09000000000003,1,Regular,75.77250000000001
15061,4,127,137818.52,2,VIP,1085.1851968503936
15062,71,8,2585.62,1,Regular,323.2025
15063,213,1,370.8,1,Regular,370.8
15064,410,4,1254.41,0,At Risk,313.6025
15065,38,5,3326.86,1,Regular,665.3720000000001
15066,53,1,893.59,1,Regular,893.59
15067,78,5,3877.88,1,Regular,775.576
15068,46,4,1176.85,1,Regular,294.2125
15069,179,1,1109.53,1,Regular,1109.53
15070,373,3,843.25,0,At Risk,281.0833333333333
15071,94,4,1455.5600000000002,1,Regular,363.89000000000004
15072,479,1,187.52,0,At Risk,187.52
15073,10,8,2788.02,1,Regular,348.5025
15074,105,3,1566.33,1,Regular,522.11
15075,78,1,773.03,1,Regular,773.03
15076,173,3,1447.74,1,Regular,482.58
15077,495,2,2428.08,0,At Risk,1214.04
15078,7,53,17761.88,1,Regular,335.12981132075475
15079,213,11,3767.35,1,Regular,342.48636363636365
15080,428,2,546.25,0,At Risk,273.125
15081,22,12,1965.72,1,Regular,163.81
15082,669,1,93.35,0,At Risk,93.35
15083,257,1,88.2,0,At Risk,88.2
15084,380,2,965.2,0,At Risk,482.6
15085,730,1,347.54,0,At Risk,347.54
15086,565,2,218.53,0,At Risk,109.265
15087,282,1,306.94,0,At Risk,306.94
15088,21,2,1160.07,1,Regular,580.035
15089,10,6,2420.84,1,Regular,403.47333333333336
15090,308,1,381.32,0,At Risk,381.32
15091,68,3,1046.61,1,Regular,348.86999999999995
15092,215,3,776.46,1,Regular,258.82
15093,18,23,14326.11,1,Regular,622.8743478260869
15094,463,2,83.0,0,At Risk,41.5
15095,104,10,3141.64,1,Regular,314.164
15096,43,1,219.39,1,Regular,219.39
15097,4,3,908.35,1,Regular,302.78333333333336
15098,182,3,39916.5,1,Regular,13305.5
15099,84,1,410.48,1,Regular,410.48
15100,334,7,2894.7,0,At Risk,413.5285714285714
15101,9,6,1477.94,1,Regular,246.32333333333335
15102,531,2,554.67,0,At Risk,277.335
15103,31,2,703.36,1,Regular,351.68
15104,197,2,1027.44,1,Regular,513.72
15105,18,9,3094.91,1,Regular,343.87888888888887
15106,18,5,1422.52,1,Regular,284.504
15107,311,9,940.35,0,At Risk,104.48333333333333
15108,142,4,1300.25,1,Regular,325.0625
15109,246,3,983.1,1,Regular,327.7
15110,24,6,1505.85,1,Regular,250.975
15111,29,5,2730.87,1,Regular,546.174
15112,611,1,209.4,0,At Risk,209.4
15113,10,3,3609.33,1,Regular,1203.11
15114,30,12,3400.12,1,Regular,283.3433333333333
15115,18,2,531.85,1,Regular,265.925
15116,18,4,1352.75,1,Regular,338.1875
15117,15,8,2485.97,1,Regular,310.74625
15118,134,1,244.8,1,Regular,244.8
15119,246,1,266.4,1,Regular,266.4
15120,134,1,358.82,1,Regular,358.82
15121,50,2,457.72,1,Regular,228.86
15122,114,11,4497.47,1,Regular,408.8609090909091
15123,7,5,4656.17,1,Regular,931.234
15124,23,4,450.82,1,Regular,112.705
15125,25,24,17024.87,1,Regular,709.3695833333333
15126,537,2,449.49,0,At Risk,224.745
15127,66,2,711.5,1,Regular,355.75
15128,60,5,1783.68,1,Regular,356.736
15129,50,23,6860.18,1,Regular,298.2686956521739
15130,170,1,330.11,1,Regular,330.11
15131,395,1,80.28,0,At Risk,80.28
15132,18,5,977.93,1,Regular,195.58599999999998
15133,128,5,1806.9,1,Regular,361.38
15134,15,10,1596.29,1,Regular,159.629
15135,239,2,305.68,1,Regular,152.84
15136,3,4,1286.7,1,Regular,321.675
15137,521,2,823.4,0,At Risk,411.7
15138,394,1,502.52,0,At Risk,502.52
15139,240,2,178.96,1,Regular,89.48
15140,52,8,3243.69,1,Regular,405.46125
15141,458,7,1388.47,0,At Risk,198.35285714285715
15142,46,6,2619.92,1,Regular,436.65333333333336
15143,226,2,563.63,1,Regular,281.815
15144,8,29,12160.31,1,Regular,419.3210344827586
15145,4,4,1194.73,1,Regular,298.6825
15146,165,2,1327.16,1,Regular,663.58
15147,240,1,623.5,1,Regular,623.5
15148,11,1,301.29,1,Regular,301.29
15149,134,5,1554.61,1,Regular,310.92199999999997
15150,17,13,9001.08,1,Regular,692.3907692307693
15151,423,2,2085.61,0,At Risk,1042.805
15152,10,14,5263.83,1,Regular,375.98785714285714
15153,31,1,329.25,1,Regular,329.25
15154,75,3,1388.41,1,Regular,462.80333333333334
15155,383,1,383.97,0,At Risk,383.97
15156,1,3,961.49,1,Regular,320.49666666666667
15157,4,5,2654.11,1,Regular,530.822
15158,45,2,606.02,1,Regular,303.01
15159,2,34,22116.73,1,Regular,650.4920588235294
15160,357,4,589.27,0,At Risk,147.3175
15161,388,1,119.92,0,At Risk,119.92
15162,731,1,312.9,0,At Risk,312.9
15163,18,2,304.47,1,Regular,152.235
15164,69,9,2068.92,1,Regular,229.88
15165,373,1,975.5,0,At Risk,975.5
15166,468,1,167.16,0,At Risk,167.16
15167,321,5,1659.67,0,At Risk,331.934
15168,26,1,106.56,1,Regular,106.56
15169,382,2,569.22,0,At Risk,284.61
15170,407,1,81.15,0,At Risk,81.15
15171,331,1,1289.5,0,At Risk,1289.5
15172,9,5,1624.05,1,Regular,324.81
15173,381,7,1494.6,0,At Risk,213.5142857142857
15174,323,2,481.46,0,At Risk,240.73
15175,72,1,224.14,1,Regular,224.14
15176,668,1,988.04,0,At Risk,988.04
15177,426,1,948.93,0,At Risk,948.93
15178,260,1,40.5,0,At Risk,40.5
15179,18,13,7491.92,1,Regular,576.3015384615385
15180,367,3,904.43,0,At Risk,301.47666666666663
15181,66,5,1200.2,1,Regular,240.04000000000002
15182,154,11,2998.952,1,Regular,272.632
15183,548,3,639.93,0,At Risk,213.30999999999997
15184,29,4,689.95,1,Regular,172.4875
15185,70,1,310.62,1,Regular,310.62
15186,14,5,1403.2,1,Regular,280.64
15187,2,16,4777.18,1,Regular,298.57375
15188,725,1,310.43,0,At Risk,310.43
15189,1,46,17524.38,1,Regular,380.96478260869566
15190,434,1,834.4399999999999,0,At Risk,834.4399999999999
15191,463,3,588.05,0,At Risk,196.01666666666665
15192,120,5,1981.39,1,Regular,396.278
15193,61,1,499.32,1,Regular,499.32
15194,3,28,12427.69,1,Regular,443.84607142857146
15195,3,1,3861.0,1,Regular,3861.0
15196,433,2,316.25,0,At Risk,158.125
15197,11,6,1877.51,1,Regular,312.91833333333335
15198,92,5,571.35,1,Regular,114.27000000000001
15199,59,10,3122.4,1,Regular,312.24
15200,495,1,549.0500000000001,0,At Risk,549.0500000000001
15201,87,7,1842.95,1,Regular,263.2785714285714
15202,420,3,6001.49,0,At Risk,2000.4966666666667
15203,26,15,4400.18,1,Regular,293.3453333333334
15204,357,1,316.58,0,At Risk,316.58
15205,85,2,653.24,1,Regular,326.62
15206,10,4,420.3,1,Regular,105.075
15207,416,3,683.92,0,At Risk,227.97333333333333
15208,1,6,970.52,1,Regular,161.75333333333333
15209,730,1,178.98000000000002,0,At Risk,178.98000000000002
15210,225,3,1176.19,1,Regular,392.06333333333333
15211,60,2,1277.48,1,Regular,638.74
15212,241,2,208.28,1,Regular,104.14
15213,319,2,328.35,0,At Risk,164.175
15214,2,8,1661.44,1,Regular,207.68
15215,47,7,2422.4300000000003,1,Regular,346.0614285714286
15216,88,2,486.09,1,Regular,243.045
15217,563,1,426.24,0,At Risk,426.24
15218,11,22,11516.57,1,Regular,523.4804545454546
15219,176,2,685.45,1,Regular,342.725
15220,52,6,1778.96,1,Regular,296.49333333333334
15221,366,4,2465.45,0,At Risk,616.3625
15222,319,11,3550.91,0,At Risk,322.81
15223,226,5,1417.95,1,Regular,283.59000000000003
15224,358,5,871.36,0,At Risk,174.272
15225,234,1,409.4,1,Regular,409.4
15226,311,1,154.41,0,At Risk,154.41
15227,37,9,2488.49,1,Regular,276.49888888888887
15228,66,6,5580.27,1,Regular,930.0450000000001
15229,586,1,160.5,0,At Risk,160.5
15230,239,2,429.6,1,Regular,214.8
15231,621,1,250.26,0,At Risk,250.26
15232,113,2,612.06,1,Regular,306.03
15233,401,1,59.400000000000006,0,At Risk,59.400000000000006
15234,277,1,197.0,0,At Risk,197.0
15235,218,16,2937.81,1,Regular,183.613125
15236,299,1,321.05,0,At Risk,321.05
15237,2,4,1412.32,1,Regular,353.08
15238,29,3,1071.99,1,Regular,357.33
15239,10,2,780.59,1,Regular,390.295
15240,45,12,4459.9800000000005,1,Regular,371.665
15241,67,11,3050.16,1,Regular,277.2872727272727
15242,422,1,302.04,0,At Risk,302.04
15243,74,2,927.28,1,Regular,463.64
15244,65,3,912.08,1,Regular,304.0266666666667
15245,134,8,4610.84,1,Regular,576.355
15246,238,3,780.4,1,Regular,260.1333333333333
15247,122,3,976.06,1,Regular,325.3533333333333
15248,411,3,1893.93,0,At Risk,631.3100000000001
15249,32,18,9266.0,1,Regular,514.7777777777778
15250,641,1,60.0,0,At Risk,60.0
15251,9,21,20324.54,1,Regular,967.8352380952381
15252,36,5,2103.41,1,Regular,420.68199999999996
15253,16,8,2055.09,1,Regular,256.88625
15254,127,3,1088.35,1,Regular,362.7833333333333
15255,67,9,3729.42,1,Regular,414.38
15256,149,2,170.4,1,Regular,85.2
15257,283,2,685.9,0,At Risk,342.95
15258,169,2,623.16,1,Regular,311.58
15259,513,4,1182.38,0,At Risk,295.595
15260,100,25,9188.23,1,Regular,367.5292
15261,135,4,1508.0,1,Regular,377.0
15262,324,3,418.82,0,At Risk,139.60666666666665
15263,107,1,156.51,1,Regular,156.51
15264,64,2,848.4,1,Regular,424.2
15265,151,4,3345.64,1,Regular,836.41
15266,338,5,852.21,0,At Risk,170.442
15267,22,5,1717.36,1,Regular,343.472
15268,479,3,961.9,0,At Risk,320.6333333333333
15269,24,3,1225.36,1,Regular,408.4533333333333
15270,16,21,8524.86,1,Regular,405.9457142857143
15271,7,24,4709.54,1,Regular,196.23083333333332
15272,57,6,2085.48,1,Regular,347.58
15273,600,1,228.96,0,At Risk,228.96
15274,4,2,716.57,1,Regular,358.285
15275,38,1,615.14,1,Regular,615.14
15276,66,4,649.53,1,Regular,162.3825
15277,47,2,476.34,1,Regular,238.17
15278,562,4,496.16,0,At Risk,124.04
15279,355,5,1580.54,0,At Risk,316.108
15280,172,3,406.22,1,Regular,135.40666666666667
15281,59,16,8543.57,1,Regular,533.973125
15282,570,1,348.59,0,At Risk,348.59
15283,390,3,148.32999999999998,0,At Risk,49.44333333333333
15284,500,1,24.75,0,At Risk,24.75
15285,408,1,94.92,0,At Risk,94.92
15286,50,1,240.55,1,Regular,240.55
15287,22,5,856.03,1,Regular,171.206
15288,43,10,3883.13,1,Regular,388.313
15289,29,5,1593.09,1,Regular,318.618
15290,5,26,10496.28,1,Regular,403.70307692307694
15291,26,40,13846.56,1,Regular,346.164
15292,201,1,180.94,1,Regular,180.94
15293,666,1,247.5,0,At Risk,247.5
15294,411,1,233.35,0,At Risk,233.35
15295,654,1,217.24,0,At Risk,217.24
15296,51,12,10342.83,1,Regular,861.9025
15297,10,3,641.94,1,Regular,213.98000000000002
15298,2,23,9459.37,1,Regular,411.2769565217392
15299,67,10,7991.54,1,Regular,799.154
15300,64,1,496.44,1,Regular,496.44
15301,51,17,7603.44,1,Regular,447.2611764705882
15302,730,1,308.0,0,At Risk,308.0
15303,290,3,1224.18,0,At Risk,408.06
15304,61,9,919.55,1,Regular,102.17222222222222
15305,555,1,93.6,0,At Risk,93.6
15306,64,9,3484.73,1,Regular,387.1922222222222
15307,96,1,205.3,1,Regular,205.3
15308,274,1,310.47,0,At Risk,310.47
15309,611,4,797.96,0,At Risk,199.49
15310,479,1,1634.64,0,At Risk,1634.64
15311,1,208,116771.16,2,VIP,561.3998076923077
15312,75,12,2930.19,1,Regular,244.1825
15313,110,1,52.0,1,Regular,52.0
15314,199,3,820.45,1,Regular,273.48333333333335
15315,64,2,570.5,1,Regular,285.25
15316,327,1,165.0,0,At Risk,165.0
15317,677,1,129.75,0,At Risk,129.75
15318,4,1,312.62,1,Regular,312.62
15319,284,1,204.5,0,At Risk,204.5
15320,44,1,267.13,1,Regular,267.13
15321,71,12,6709.7300000000005,1,Regular,559.1441666666667
15322,86,2,1390.86,1,Regular,695.43
15323,563,3,434.6,0,At Risk,144.86666666666667
15324,701,1,140.22000000000003,0,At Risk,140.22000000000003
15325,104,8,1602.01,1,Regular,200.25125
15326,334,5,1700.52,0,At Risk,340.104
15327,53,1,208.75,1,Regular,208.75
15328,408,1,107.24,0,At Risk,107.24
15329,39,11,2984.33,1,Regular,271.3027272727273
15330,32,2,714.9599999999999,1,Regular,357.47999999999996
15331,500,3,767.91,0,At Risk,255.97
15332,366,6,6553.74,0,At Risk,1092.29
15333,208,1,1028.56,1,Regular,1028.56
15334,157,3,351.67,1,Regular,117.22333333333334
15335,54,1,173.97,1,Regular,173.97
15336,402,1,240.5,0,At Risk,240.5
15337,411,1,373.02,0,At Risk,373.02
15338,677,1,283.43,0,At Risk,283.43
15339,66,7,1827.84,1,Regular,261.12
15340,562,1,105.5,0,At Risk,105.5
15341,81,2,2402.72,1,Regular,1201.36
15342,130,1,406.09,1,Regular,406.09
15343,87,1,364.5,1,Regular,364.5
15344,1,3,563.94,1,Regular,187.98000000000002
15345,46,1,393.54,1,Regular,393.54
15346,333,3,596.12,0,At Risk,198.70666666666668
15347,366,4,1363.6,0,At Risk,340.9
15348,72,1,158.04,1,Regular,158.04
15349,158,2,473.81,1,Regular,236.905
15350,373,2,663.25,0,At Risk,331.625
15351,12,10,3738.29,1,Regular,373.829
15352,549,1,114.95,0,At Risk,114.95
15353,255,7,3175.95,1,Regular,453.70714285714286
15354,603,3,284.4,0,At Risk,94.8
15355,29,2,277.05,1,Regular,138.525
15356,31,13,3464.95,1,Regular,266.5346153846154
15358,5,42,17050.41,1,Regular,405.96214285714285
15359,663,8,181.35,0,At Risk,22.66875
15360,40,1,427.93,1,Regular,427.93
15361,362,4,689.07,0,At Risk,172.2675
15362,449,2,613.08,0,At Risk,306.54
15363,373,2,1004.11,0,At Risk,502.055
15364,96,2,913.19,1,Regular,456.595
15365,26,13,4557.13,1,Regular,350.54846153846154
15366,75,7,2389.08,1,Regular,341.29714285714283
15367,57,11,5081.33,1,Regular,461.9390909090909
15368,21,2,722.74,1,Regular,361.37
15369,492,11,6251.26,0,At Risk,568.2963636363637
15370,41,8,3739.01,1,Regular,467.37625
15371,662,1,59.400000000000006,0,At Risk,59.400000000000006
15372,137,8,6017.06,1,Regular,752.1325
15373,8,17,3421.39,1,Regular,201.25823529411764
15374,129,2,307.32,1,Regular,153.66
15375,690,1,60.96,0,At Risk,60.96
15376,40,3,1233.36,1,Regular,411.11999999999995
15377,383,4,1211.75,0,At Risk,302.9375
15378,463,2,246.5,0,At Risk,123.25
15379,169,8,4877.84,1,Regular,609.73
15380,9,11,3479.06,1,Regular,316.2781818181818
15381,214,5,1890.57,1,Regular,378.114
15382,15,12,13733.55,1,Regular,1144.4624999999999
15384,170,4,2027.79,1,Regular,506.9475
15385,40,3,942.08,1,Regular,314.0266666666667
15386,186,1,394.14,1,Regular,394.14
15387,492,1,468.65,0,At Risk,468.65
15388,270,1,140.54,0,At Risk,140.54
15389,172,5,2733.8,1,Regular,546.76
15390,396,2,1216.66,0,At Risk,608.33
15391,584,1,289.87,0,At Risk,289.87
15392,5,7,2911.62,1,Regular,415.94571428571425
15393,16,5,891.34,1,Regular,178.268
15394,10,11,5286.8,1,Regular,480.6181818181818
15395,326,1,107.45,0,At Risk,107.45
15396,113,2,796.38,1,Regular,398.19
15397,290,1,94.0,0,At Risk,94.0
15398,16,2,1345.53,1,Regular,672.765
15399,1,3,815.77,1,Regular,271.92333333333335
15400,92,8,1302.3,1,Regular,162.7875
15401,452,2,216.95,0,At Risk,108.475
15402,149,6,1830.54,1,Regular,305.09
15403,492,2,170.88,0,At Risk,85.44
15404,376,1,257.06,0,At Risk,257.06
15405,189,2,659.84,1,Regular,329.92
15406,31,4,975.87,1,Regular,243.9675
15407,34,4,1056.44,1,Regular,264.11
15408,264,1,267.18,0,At Risk,267.18
15409,721,1,131.25,0,At Risk,131.25
15410,84,10,4685.72,1,Regular,468.572
15411,26,4,1358.88,1,Regular,339.72
15412,171,1,190.53,1,Regular,190.53
15413,692,5,6798.72,0,At Risk,1359.7440000000001
15414,10,3,774.9000000000001,1,Regular,258.3
15415,313,1,572.8100000000001,0,At Risk,572.8100000000001
15416,65,7,4572.82,1,Regular,653.26
15417,85,1,508.8,1,Regular,508.8
15418,425,2,452.32,0,At Risk,226.16
15419,25,1,135.86,1,Regular,135.86
15420,434,6,743.0,0,At Risk,123.83333333333333
15421,59,10,3805.34,1,Regular,380.534
15422,323,7,1619.97,0,At Risk,231.42428571428573
15423,38,3,266.89,1,Regular,88.96333333333332
15424,254,3,597.78,1,Regular,199.26
15425,400,4,1944.57,0,At Risk,486.1425
15426,19,9,2615.39,1,Regular,290.5988888888889
15427,33,3,1483.14,1,Regular,494.38000000000005
15428,15,4,762.75,1,Regular,190.6875
15429,27,2,397.35,1,Regular,198.675
15430,468,2,954.75,0,At Risk,477.375
15431,503,1,153.24,0,At Risk,153.24
15432,23,2,320.76,1,Regular,160.38
15433,214,2,533.3,1,Regular,266.65
15434,8,11,2567.06,1,Regular,233.36909090909091
15435,22,1,149.29,1,Regular,149.29
15436,12,3,1122.53,1,Regular,374.1766666666667
15437,262,2,393.45,0,At Risk,196.725
15438,131,1,156.57999999999998,1,Regular,156.57999999999998
15439,405,4,1269.05,0,At Risk,317.2625
15440,55,3,383.68,1,Regular,127.89333333333333
15441,396,3,1254.21,0,At Risk,418.07
15442,249,1,594.0,1,Regular,594.0
15443,2,14,5175.93,1,Regular,369.7092857142857
15444,9,2,1418.26,1,Regular,709.13
15445,264,2,284.5,0,At Risk,142.25
15446,377,3,406.95,0,At Risk,135.65
15447,331,5,492.88,0,At Risk,98.576
15448,313,2,788.8100000000001,0,At Risk,394.40500000000003
15449,26,3,974.52,1,Regular,324.84
15450,30,1,429.84,1,Regular,429.84
15451,434,2,233.21,0,At Risk,116.605
15452,30,6,1799.11,1,Regular,299.85166666666663
15453,2,7,1388.37,1,Regular,198.3385714285714
15454,362,2,307.69,0,At Risk,153.845
15455,598,1,38.25,0,At Risk,38.25
15456,283,10,2119.27,0,At Risk,211.927
15457,262,1,237.07,0,At Risk,237.07
15458,25,2,370.44,1,Regular,185.22
15459,417,2,202.83,0,At Risk,101.415
15460,354,1,216.76,0,At Risk,216.76
15461,461,2,429.7,0,At Risk,214.85
15462,94,4,737.05,1,Regular,184.2625
15463,29,1,126.14,1,Regular,126.14
15464,338,1,1048.85,0,At Risk,1048.85
15465,20,32,12655.65,1,Regular,395.4890625
15466,85,4,1571.01,1,Regular,392.7525
15467,9,3,524.88,1,Regular,174.96
15468,51,3,1430.48,1,Regular,476.82666666666665
15469,50,3,874.25,1,Regular,291.4166666666667
15470,576,1,63.42,0,At Risk,63.42
15471,2,3,1316.56,1,Regular,438.8533333333333
15472,113,1,371.56,1,Regular,371.56
15473,14,8,2046.0,1,Regular,255.75
15474,596,1,163.1,0,At Risk,163.1
15475,77,1,454.11,1,Regular,454.11
15476,380,4,2209.98,0,At Risk,552.495
15477,650,1,368.4,0,At Risk,368.4
15478,40,3,2024.98,1,Regular,674.9933333333333
15479,733,1,147.4,0,At Risk,147.4
15480,116,5,6279.0,1,Regular,1255.8
15481,401,1,1993.34,0,At Risk,1993.34
15482,16,19,14592.56,1,Regular,768.0294736842105
15483,161,10,862.2,1,Regular,86.22
15484,1,6,4656.0,1,Regular,776.0
15485,30,7,5771.51,1,Regular,824.5014285714286
15486,527,1,102.0,0,At Risk,102.0
15487,680,1,231.32,0,At Risk,231.32
15488,93,5,431.92,1,Regular,86.384
15489,23,8,2419.61,1,Regular,302.45125
15490,430,1,217.6,0,At Risk,217.6
15491,95,6,3100.09,1,Regular,516.6816666666667
15492,28,2,659.46,1,Regular,329.73
15493,33,9,4314.9800000000005,1,Regular,479.44222222222226
15494,21,5,3780.05,1,Regular,756.01
15495,379,1,246.5,0,At Risk,246.5
15496,631,1,146.14,0,At Risk,146.14
15497,18,9,8657.39,1,Regular,961.9322222222222
15498,3,44,26039.58,1,Regular,591.8086363636364
15499,724,1,161.6,0,At Risk,161.6
15500,8,4,1131.56,1,Regular,282.89
15501,405,2,402.5,0,At Risk,201.25
15502,16,14,13993.47,1,Regular,999.5335714285713
15503,363,2,267.15,0,At Risk,133.575
15504,81,4,423.85,1,Regular,105.9625
15505,53,5,3610.96,1,Regular,722.192
15506,23,6,2040.03,1,Regular,340.005
15507,172,1,492.36,1,Regular,492.36
15508,189,6,1000.27,1,Regular,166.71166666666667
15509,380,1,166.51,0,At Risk,166.51
15510,331,1,250.0,0,At Risk,250.0
15511,12,5,909.23,1,Regular,181.846
15512,156,4,331.58,1,Regular,82.895
15513,33,35,27750.55,1,Regular,792.8728571428571
15514,12,18,6598.55,1,Regular,366.5861111111111
15515,387,1,171.81,0,At Risk,171.81
15516,45,3,62.43,1,Regular,20.81
15517,233,1,267.03,1,Regular,267.03
15518,64,15,4218.94,1,Regular,281.26266666666663
15519,383,2,344.61,0,At Risk,172.305
15520,2,1,343.5,1,Regular,343.5
15521,40,16,7106.69,1,Regular,444.168125
15522,33,2,398.84,1,Regular,199.42
15523,84,16,17359.99,1,Regular,1084.999375
15524,25,2,591.4,1,Regular,295.7
15525,2,4,1295.7,1,Regular,323.925
15526,33,2,148.44,1,Regular,74.22
15527,19,23,5575.64,1,Regular,242.41913043478263
15528,254,1,229.33,0,At Risk,229.33
15529,23,12,5111.95,1,Regular,425.99583333333334
15530,22,5,1813.72,1,Regular,362.744
15531,8,2,2007.44,1,Regular,1003.72
15532,25,10,3771.9,1,Regular,377.19
15533,19,3,807.57,1,Regular,269.19
15534,726,1,162.25,0,At Risk,162.25
15535,173,6,1087.82,1,Regular,181.3033333333333
15536,409,1,259.09,0,At Risk,259.09
15537,163,1,110.92,1,Regular,110.92
15538,538,6,3358.4,0,At Risk,559.7333333333333
15539,7,1,538.46,1,Regular,538.46
15540,11,2,460.68,1,Regular,230.34
15541,114,1,85.13000000000001,1,Regular,85.13000000000001
15542,512,3,918.45,0,At Risk,306.15000000000003
15543,288,2,242.84,0,At Risk,121.42
15544,9,20,8162.43,1,Regular,408.1215
15545,54,2,428.05,1,Regular,214.025
15546,607,2,1079.1,0,At Risk,539.55
15547,7,26,10154.39,1,Regular,390.55346153846153
15548,596,1,158.09,0,At Risk,158.09
15549,77,8,2345.96,1,Regular,293.245
15550,4,12,2218.8,1,Regular,184.9
15551,37,7,1710.08,1,Regular,244.29714285714286
15552,217,2,252.52,1,Regular,126.26
15553,60,1,437.23,1,Regular,437.23
15554,278,1,217.2,0,At Risk,217.2
15555,12,36,12112.35,1,Regular,336.45416666666665
15556,24,1,279.77,1,Regular,279.77
15557,29,1,473.65,1,Regular,473.65
15558,639,1,214.13,0,At Risk,214.13
15559,568,1,1109.4,0,At Risk,1109.4
15560,398,2,153.52,0,At Risk,76.76
15561,12,8,1934.39,1,Regular,241.79875
15562,352,3,673.3800000000001,0,At Risk,224.46000000000004
15563,22,7,2867.0,1,Regular,409.57142857142856
15564,463,2,70.74000000000001,0,At Risk,35.370000000000005
15565,50,2,173.16000000000005,1,Regular,86.58000000000003
15566,393,2,227.87,0,At Risk,113.935
15567,19,1,186.01,1,Regular,186.01
15568,3,3,758.29,1,Regular,252.76333333333332
15569,104,10,3586.35,1,Regular,358.635
15570,7,25,9311.04,1,Regular,372.44160000000005
15571,12,14,4051.63,1,Regular,289.40214285714285
15572,5,10,4068.67,1,Regular,406.867
15573,32,5,1207.18,1,Regular,241.436
15574,178,6,1518.7,1,Regular,253.11666666666667
15575,620,1,30.1,0,At Risk,30.1
15576,38,1,940.67,1,Regular,940.67
15577,151,5,397.98,1,Regular,79.596
15578,162,1,127.1,1,Regular,127.1
15579,69,5,1302.5,1,Regular,260.5
15580,377,8,1381.19,0,At Risk,172.64875
15581,121,38,7794.59,1,Regular,205.12078947368423
15582,25,3,682.9100000000001,1,Regular,227.63666666666668
15583,376,1,107.86,0,At Risk,107.86
15584,24,6,1277.5,1,Regular,212.91666666666666
15585,177,1,455.3,1,Regular,455.3
15586,593,3,1139.1,0,At Risk,379.7
15587,50,7,1522.08,1,Regular,217.44
15588,678,1,579.6,0,At Risk,579.6
15589,256,3,478.53,1,Regular,159.51
15590,382,5,1496.6,0,At Risk,299.32
15591,583,3,217.9,0,At Risk,72.63333333333334
15592,47,1,388.58,1,Regular,388.58
15593,71,1,199.8,1,Regular,199.8
15594,16,5,1771.78,1,Regular,354.356
15595,488,1,357.6,0,At Risk,357.6
15596,101,9,3130.04,1,Regular,347.78222222222223
15597,35,2,563.37,1,Regular,281.685
15598,53,2,548.02,1,Regular,274.01
15599,27,3,1250.06,1,Regular,416.68666666666667
15600,428,4,1199.31,0,At Risk,299.8275
15601,11,30,14960.12,1,Regular,498.6706666666667
15602,8,16,3230.51,1,Regular,201.906875
15603,79,2,88.48,1,Regular,44.24
15604,52,1,216.39,1,Regular,216.39
15605,36,9,1936.8,1,Regular,215.2
15606,61,17,5230.99,1,Regular,307.70529411764704
15607,337,9,1708.97,0,At Risk,189.88555555555556
15608,28,5,1785.98,1,Regular,357.196
15609,184,1,298.48,1,Regular,298.48
15610,52,1,112.46,1,Regular,112.46
15611,10,26,2997.28,1,Regular,115.28
15612,36,2,195.15,1,Regular,97.575
15613,610,1,433.72,0,At Risk,433.72
15614,438,4,3147.36,0,At Risk,786.84
15615,10,47,21373.97,1,Regular,454.7653191489362
15616,438,1,317.11,0,At Risk,317.11
15617,396,3,828.5500000000001,0,At Risk,276.18333333333334
15618,33,4,776.851,1,Regular,194.21275
15619,11,1,336.4,1,Regular,336.4
15620,57,4,1942.36,1,Regular,485.59
15621,4,4,1293.03,1,Regular,323.2575
15622,43,17,7852.610000000001,1,Regular,461.91823529411766
15623,141,8,2437.05,1,Regular,304.63125
15624,117,4,588.13,1,Regular,147.0325
15625,104,9,3236.4,1,Regular,359.6
15626,75,3,1067.52,1,Regular,355.84
15627,457,2,566.9,0,At Risk,283.45
15628,5,17,5652.26,1,Regular,332.4858823529412
15629,450,4,2240.9,0,At Risk,560.225
15630,45,3,1481.4,1,Regular,493.8
15631,642,1,596.67,0,At Risk,596.67
15632,16,8,3285.31,1,Regular,410.66375
15633,509,13,4352.46,0,At Risk,334.8046153846154
15634,17,2,554.65,1,Regular,277.325
15635,396,1,100.35,0,At Risk,100.35
15636,90,4,1444.58,1,Regular,361.145
15637,53,5,797.59,1,Regular,159.518
15638,379,6,2265.2,0,At Risk,377.5333333333333
15639,134,3,1065.08,1,Regular,355.02666666666664
15640,4,29,23957.58,1,Regular,826.1234482758621
15641,105,12,5345.55,1,Regular,445.46250000000003
15642,730,1,105.78,0,At Risk,105.78
15643,192,3,664.0,1,Regular,221.33333333333334
15644,166,4,813.0,1,Regular,203.25
15645,19,3,1055.17,1,Regular,351.72333333333336
15646,158,5,974.61,1,Regular,194.922
15647,415,1,169.0,0,At Risk,169.0
15648,204,2,657.35,1,Regular,328.675
15649,336,4,2170.35,0,At Risk,542.5875
15650,522,2,553.88,0,At Risk,276.94
15651,37,5,1259.06,1,Regular,251.81199999999998
15652,91,5,1420.34,1,Regular,284.068
15653,93,2,877.44,1,Regular,438.72
15654,9,2,922.53,1,Regular,461.265
15655,243,1,560.6700000000001,1,Regular,560.6700000000001
15656,45,4,748.5,1,Regular,187.125
15657,23,1,30.0,1,Regular,30.0
15658,190,8,2423.4700000000003,1,Regular,302.93375000000003
15659,44,3,532.49,1,Regular,177.49666666666667
15660,25,15,2812.99,1,Regular,187.53266666666664
15661,317,8,1215.95,0,At Risk,151.99375
15662,661,2,283.73,0,At Risk,141.865
15663,106,1,138.14,1,Regular,138.14
15664,51,4,1254.03,1,Regular,313.5075
15665,168,5,4015.12,1,Regular,803.024
15666,472,2,632.94,0,At Risk,316.47
15667,40,1,301.32000000000005,1,Regular,301.32000000000005
15668,218,1,76.32000000000001,1,Regular,76.32000000000001
15669,40,4,684.34,1,Regular,171.085
15670,297,2,325.2,0,At Risk,162.6
15671,19,7,2657.13,1,Regular,379.59000000000003
15672,725,1,45.3,0,At Risk,45.3
15673,88,9,6414.79,1,Regular,712.7544444444444
15674,73,13,6948.2300000000005,1,Regular,534.4792307692308
15675,81,4,542.04,1,Regular,135.51
15676,19,3,3435.76,1,Regular,1145.2533333333333
15677,49,3,1305.63,1,Regular,435.21000000000004
15678,53,3,1893.89,1,Regular,631.2966666666667
15679,24,4,781.28,1,Regular,195.32
15680,9,10,4507.58,1,Regular,450.758
15681,25,14,2989.7000000000003,1,Regular,213.55
15682,599,2,318.24,0,At Risk,159.12
15683,117,2,524.54,1,Regular,262.27
15684,547,3,173.95,0,At Risk,57.98333333333333
15685,450,1,55.98,0,At Risk,55.98
15686,420,1,90.0,0,At Risk,90.0
15687,9,9,2993.1,1,Regular,332.56666666666666
15688,419,1,190.57,0,At Risk,190.57
15689,120,3,521.03,1,Regular,173.67666666666665
15690,4,2,239.76,1,Regular,119.88
15691,252,4,571.3,1,Regular,142.825
15692,28,1,191.04,1,Regular,191.04
15693,659,1,37.5,0,At Risk,37.5
15694,1,24,10810.81,1,Regular,450.4504166666666
15695,267,4,1131.04,0,At Risk,282.76
15696,33,13,3906.57,1,Regular,300.5053846153846
15697,690,1,246.75,0,At Risk,246.75
15698,624,1,46.2,0,At Risk,46.2
15699,18,1,309.65,1,Regular,309.65
15700,172,2,696.68,1,Regular,348.34
15701,2,4,1542.14,1,Regular,385.535
15702,476,2,140.39,0,At Risk,70.195
15703,265,1,211.5,0,At Risk,211.5
15704,140,6,3817.96,1,Regular,636.3266666666667
15705,201,1,143.1,1,Regular,143.1
15706,64,4,1060.56,1,Regular,265.14
15707,35,4,945.58,1,Regular,236.395
15708,41,9,4378.72,1,Regular,486.5244444444445
15709,284,2,327.85,0,At Risk,163.925
15710,417,1,898.87,0,At Risk,898.87
15711,557,2,420.25,0,At Risk,210.125
15712,9,12,3472.41,1,Regular,289.3675
15713,143,4,1010.79,1,Regular,252.6975
15714,12,5,784.8100000000001,1,Regular,156.96200000000002
15715,556,5,658.02,0,At Risk,131.60399999999998
15716,146,11,3056.81,1,Regular,277.89181818181817
15717,234,5,607.0,1,Regular,121.4
15718,540,1,293.79,0,At Risk,293.79
15719,33,31,10223.06,1,Regular,329.77612903225804
15720,24,2,741.92,1,Regular,370.96
15721,12,1,507.08,1,Regular,507.08
15722,36,11,5258.1,1,Regular,478.00909090909096
15723,365,4,947.65,0,At Risk,236.9125
15724,201,3,310.85,1,Regular,103.61666666666667
15725,15,1,415.25,1,Regular,415.25
15726,390,1,321.91,0,At Risk,321.91
15727,17,15,9445.51,1,Regular,629.7006666666667
15728,380,2,544.6,0,At Risk,272.3
15729,213,3,192.55,1,Regular,64.18333333333334
15730,66,5,1726.58,1,Regular,345.316
15731,554,1,125.3,0,At Risk,125.3
15732,212,10,1682.07,1,Regular,168.207
15733,283,1,162.3,0,At Risk,162.3
15734,115,4,2263.3,1,Regular,565.825
15735,421,1,327.68,0,At Risk,327.68
15736,435,2,1815.72,0,At Risk,907.86
15737,15,8,1205.12,1,Regular,150.64
15738,19,41,13372.97,1,Regular,326.16999999999996
15739,66,1,449.12,1,Regular,449.12
15740,49,1,154.88,1,Regular,154.88
15741,458,2,208.62,0,At Risk,104.31
15742,619,1,156.87,0,At Risk,156.87
15743,16,4,784.46,1,Regular,196.115
15744,78,1,34.8,1,Regular,34.8
15745,19,4,1094.59,1,Regular,273.6475
15746,134,1,196.88,1,Regular,196.88
15747,13,9,2562.61,1,Regular,284.7344444444445
15748,40,3,614.76,1,Regular,204.92
15749,235,3,44534.3,1,Regular,14844.766666666668
15750,3,18,6797.191,1,Regular,377.6217222222222
15751,461,11,1380.44,0,At Risk,125.49454545454546
15752,40,9,4207.54,1,Regular,467.50444444444446
15753,305,1,79.2,0,At Risk,79.2
15754,51,9,3037.61,1,Regular,337.51222222222225
15755,10,17,5993.12,1,Regular,352.53647058823526
15756,61,4,532.96,1,Regular,133.24
15757,66,6,2940.36,1,Regular,490.06
15758,25,1,205.25,1,Regular,205.25
15759,218,7,830.9300000000001,1,Regular,118.70428571428572
15760,631,2,13916.34,0,At Risk,6958.17
15761,443,1,143.05,0,At Risk,143.05
15762,65,2,583.75,1,Regular,291.875
15763,32,2,1086.92,1,Regular,543.46
15764,88,8,4503.08,1,Regular,562.885
15765,667,1,370.63,0,At Risk,370.63
15766,64,3,831.0600000000001,1,Regular,277.02000000000004
15768,116,34,15601.09,1,Regular,458.85558823529414
15769,7,46,88704.32,2,VIP,1928.3547826086958
15770,613,1,321.45,0,At Risk,321.45
15771,604,3,1006.54,0,At Risk,335.5133333333333
15772,418,1,280.88,0,At Risk,280.88
15773,6,2,774.52,1,Regular,387.26
15774,69,6,1329.94,1,Regular,221.65666666666667
15775,245,2,150.5,1,Regular,75.25
15776,133,1,241.62,1,Regular,241.62
15777,241,7,1762.61,1,Regular,251.80142857142854
15778,431,1,307.95000000000005,0,At Risk,307.95000000000005
15779,463,2,124.08,0,At Risk,62.04
15780,184,3,475.28,1,Regular,158.42666666666665
15781,25,3,345.46000000000004,1,Regular,115.15333333333335
15782,10,4,4014.1,1,Regular,1003.525
15783,11,1,246.3,1,Regular,246.3
15784,468,2,848.33,0,At Risk,424.165
15785,33,16,5969.93,1,Regular,373.120625
15786,46,5,8514.82,1,Regular,1702.964
15787,26,3,948.05,1,Regular,316.01666666666665
15788,509,1,221.83,0,At Risk,221.83
15789,358,6,1962.01,0,At Risk,327.00166666666667
15790,10,1,220.85,1,Regular,220.85
15791,44,5,3608.34,1,Regular,721.668
15792,400,2,933.84,0,At Risk,466.92
15793,15,8,2399.57,1,Regular,299.94625
15794,736,2,777.0,0,At Risk,388.5
15795,150,8,1979.87,1,Regular,247.48375
15796,1,17,5175.83,1,Regular,304.4605882352941
15797,113,6,2821.08,1,Regular,470.18
15798,493,3,1535.37,0,At Risk,511.78999999999996
15799,76,4,1424.29,1,Regular,356.0725
15800,107,7,1242.58,1,Regular,177.51142857142855
15801,46,3,1063.95,1,Regular,354.65000000000003
15802,143,1,451.42,1,Regular,451.42
15803,51,4,1929.66,1,Regular,482.415
15804,1,13,4206.39,1,Regular,323.5684615384616
15805,23,30,10189.23,1,Regular,339.64099999999996
15806,46,3,784.58,1,Regular,261.5266666666667
15807,50,5,1817.52,1,Regular,363.504
15808,306,21,18409.93,1,Regular,876.6633333333333
15809,36,7,1274.44,1,Regular,182.06285714285715
15810,79,8,2999.04,1,Regular,374.88
15811,22,7,3890.52,1,Regular,555.7885714285715
15812,107,12,5201.47,1,Regular,433.4558333333334
15813,208,2,1303.91,1,Regular,651.955
15814,17,6,2634.44,1,Regular,439.0733333333333
15815,64,5,2100.6,1,Regular,420.12
15816,542,2,144.15,0,At Risk,72.075
15817,421,3,2766.4,0,At Risk,922.1333333333333
15818,588,1,340.5,0,At Risk,340.5
15819,49,10,3934.79,1,Regular,393.479
15820,320,1,206.98,0,At Risk,206.98
15821,44,2,570.96,1,Regular,285.48
15822,3,6,1840.06,1,Regular,306.6766666666667
15823,372,3,3897.17,0,At Risk,1299.0566666666666
15824,453,2,890.94,0,At Risk,445.47
15825,172,1,532.94,1,Regular,532.94
15826,56,4,2598.28,1,Regular,649.57
15827,73,28,3794.07,1,Regular,135.5025
15828,375,1,1108.82,0,At Risk,1108.82
15829,99,2,636.14,1,Regular,318.07
15830,38,1,576.0,1,Regular,576.0
15831,58,3,801.76,1,Regular,267.25333333333333
15832,254,1,836.79,0,At Risk,836.79
15833,738,1,80.4,0,At Risk,80.4
15834,70,7,3772.99,1,Regular,538.9985714285714
15835,44,4,954.09,1,Regular,238.5225
15836,50,1,137.37,1,Regular,137.37
15837,65,2,777.01,1,Regular,388.505
15838,11,34,74163.0,1,Regular,2181.264705882353
15839,33,3,1048.49,1,Regular,349.49666666666667
15840,59,2,355.56,1,Regular,177.78
15841,73,9,2742.41,1,Regular,304.7122222222222
15842,393,2,548.8000000000001,0,At Risk,274.40000000000003
15843,304,1,118.95,0,At Risk,118.95
15844,46,1,130.73999999999998,1,Regular,130.73999999999998
15845,18,11,4426.28,1,Regular,402.3890909090909
15846,385,1,107.01,0,At Risk,107.01
15847,38,5,822.57,1,Regular,164.514
15848,622,1,139.94,0,At Risk,139.94
15850,19,6,1058.72,1,Regular,176.45333333333335
15851,527,1,109.73,0,At Risk,109.73
15852,187,3,257.26,1,Regular,85.75333333333333
15853,52,1,110.8,1,Regular,110.8
15854,4,21,5583.81,1,Regular,265.8957142857143
15855,137,6,1052.72,1,Regular,175.45333333333335
15856,4,52,34220.340000000004,1,Regular,658.0834615384616
15857,19,2,570.48,1,Regular,285.24
15858,16,13,3960.37,1,Regular,304.64384615384614
15859,432,1,438.46,0,At Risk,438.46
15860,41,17,2505.21,1,Regular,147.36529411764707
15861,12,12,4401.79,1,Regular,366.81583333333333
15862,8,13,2928.29,1,Regular,225.25307692307692
15863,26,5,358.7,1,Regular,71.74
15864,22,7,2180.76,1,Regular,311.5371428571429
15865,41,5,2248.92,1,Regular,449.784
15866,101,1,230.53,1,Regular,230.53
15867,5,31,9063.95,1,Regular,292.3854838709678
15868,583,1,94.53,0,At Risk,94.53
15869,277,3,323.66,0,At Risk,107.88666666666667
15870,33,4,862.61,1,Regular,215.6525
15871,437,1,33.099999999999994,0,At Risk,33.099999999999994
15872,15,4,795.68,1,Regular,198.92
15873,500,4,313.92,0,At Risk,78.48
15874,64,21,11284.76,1,Regular,537.3695238095238
15875,646,1,111.72,0,At Risk,111.72
15876,409,2,1449.14,0,At Risk,724.57
15877,2,2,493.28,1,Regular,246.64
15878,562,2,330.77,0,At Risk,165.385
15879,404,4,1157.3,0,At Risk,289.325
15880,369,1,686.56,0,At Risk,686.56
15881,312,5,501.39,0,At Risk,100.27799999999999
15882,199,8,1495.98,1,Regular,186.9975
15883,2,2,396.48,1,Regular,198.24
15884,432,2,249.7,0,At Risk,124.85
15885,93,15,1951.82,1,Regular,130.12133333333333
15886,60,4,1052.87,1,Regular,263.2175
15887,407,3,1027.15,0,At Risk,342.3833333333334
15888,81,3,429.16,1,Regular,143.05333333333334
15889,157,8,1806.28,1,Regular,225.785
15890,395,5,535.65,0,At Risk,107.13
15891,227,1,524.52,1,Regular,524.52
15892,669,1,128.2,0,At Risk,128.2
15893,482,1,305.28000000000003,0,At Risk,305.28000000000003
15894,253,2,420.29,1,Regular,210.145
15895,150,1,179.17,1,Regular,179.17
15897,194,2,222.05,1,Regular,111.025
15898,1,25,5596.31,1,Regular,223.85240000000002
15899,369,1,112.5,0,At Risk,112.5
15900,24,4,900.4,1,Regular,225.1
15901,17,7,703.22,1,Regular,100.46000000000001
15902,380,1,145.01,0,At Risk,145.01
15903,10,12,8939.84,1,Regular,744.9866666666667
15904,8,1,164.68,1,Regular,164.68
15905,543,1,114.69,0,At Risk,114.69
15906,20,10,2555.64,1,Regular,255.564
15907,4,3,967.45,1,Regular,322.48333333333335
15908,491,2,764.57,0,At Risk,382.285
15909,174,1,191.94,1,Regular,191.94
15910,1,15,2681.8,1,Regular,178.7866666666667
15911,624,8,1702.34,0,At Risk,212.7925
15912,178,9,1074.7,1,Regular,119.41111111111111
15913,534,1,6.300000000000001,0,At Risk,6.300000000000001
15914,378,2,205.99,0,At Risk,102.995
15915,402,1,429.21,0,At Risk,429.21
15916,16,13,3427.17,1,Regular,263.6284615384615
15917,248,5,560.63,1,Regular,112.126
15918,191,3,582.88,1,Regular,194.29333333333332
15919,20,2,910.61,1,Regular,455.305
15920,154,9,571.64,1,Regular,63.51555555555555
15921,173,4,802.11,1,Regular,200.5275
15922,373,1,739.0,0,At Risk,739.0
15923,373,1,254.16,0,At Risk,254.16
15924,731,1,102.82,0,At Risk,102.82
15925,194,1,207.15,1,Regular,207.15
15926,542,1,134.44,0,At Risk,134.44
15927,647,1,123.39,0,At Risk,123.39
15928,656,1,293.53,0,At Risk,293.53
15929,644,1,594.0,0,At Risk,594.0
15930,67,1,426.63,1,Regular,426.63
15931,428,1,239.9,0,At Risk,239.9
15932,4,8,2495.87,1,Regular,311.98375
15933,21,3,1107.46,1,Regular,369.15333333333336
15934,418,2,2190.66,0,At Risk,1095.33
15935,239,2,416.86,1,Regular,208.43
15936,379,2,282.79,0,At Risk,141.395
15937,64,1,145.35000000000002,1,Regular,145.35000000000002
15938,112,9,734.8100000000001,1,Regular,81.64555555555556
15939,90,16,9060.39,1,Regular,566.274375
15940,311,1,35.8,0,At Risk,35.8
15941,637,1,405.0,0,At Risk,405.0
15942,134,1,337.44,1,Regular,337.44
15943,650,2,271.29,0,At Risk,135.645
15944,277,4,2164.24,0,At Risk,541.06
15945,365,4,827.27,0,At Risk,206.8175
15946,503,3,2304.18,0,At Risk,768.06
15947,83,1,1708.24,1,Regular,1708.24
15948,8,3,1509.09,1,Regular,503.03
15949,17,2,364.72,1,Regular,182.36
15950,32,10,7180.71,1,Regular,718.071
15951,9,3,1013.17,1,Regular,337.7233333333333
15952,34,4,806.57,1,Regular,201.6425
15953,15,18,3669.55,1,Regular,203.8638888888889
15954,589,1,190.75,0,At Risk,190.75
15955,24,22,8658.36,1,Regular,393.5618181818182
15956,551,2,617.6,0,At Risk,308.8
15957,32,3,930.1,1,Regular,310.03333333333336
15958,74,4,492.99,1,Regular,123.2475
15959,682,3,579.49,0,At Risk,193.16333333333333
15960,374,4,410.95,0,At Risk,102.7375
15961,379,1,451.29,0,At Risk,451.29
15962,449,1,295.83,0,At Risk,295.83
15963,20,2,470.76,1,Regular,235.38
15964,663,1,272.96000000000004,0,At Risk,272.96000000000004
15965,17,13,3013.09,1,Regular,231.77615384615385
15966,451,1,426.53,0,At Risk,426.53
15967,23,12,3041.6,1,Regular,253.46666666666667
15968,388,1,418.05,0,At Risk,418.05
15969,3,5,1127.05,1,Regular,225.41
15970,304,2,1017.32,0,At Risk,508.66
15971,18,18,5902.83,1,Regular,327.935
15972,456,5,1810.27,0,At Risk,362.054
15973,367,3,988.44,0,At Risk,329.48
15974,39,7,3442.15,1,Regular,491.7357142857143
15975,84,1,371.01,1,Regular,371.01
15976,165,6,1746.64,1,Regular,291.1066666666667
15977,17,2,1054.73,1,Regular,527.365
15978,77,3,3279.42,1,Regular,1093.14
15979,603,1,329.22,0,At Risk,329.22
15980,89,7,6593.68,1,Regular,941.9542857142858
15981,25,21,9362.77,1,Regular,445.8461904761905
15982,605,1,324.51,0,At Risk,324.51
15983,22,8,3958.82,1,Regular,494.8525
15984,3,30,8759.32,1,Regular,291.9773333333333
15985,123,7,2715.28,1,Regular,387.8971428571429
15986,30,2,354.42,1,Regular,177.21
15987,12,8,1682.13,1,Regular,210.26625
15988,19,3,770.09,1,Regular,256.69666666666666
15989,376,2,372.51,0,At Risk,186.255
15990,44,7,2010.05,1,Regular,287.15
15991,534,1,150.55,0,At Risk,150.55
15992,4,3,896.6,1,Regular,298.8666666666667
15993,9,7,2797.57,1,Regular,399.65285714285716
15994,55,3,1202.18,1,Regular,400.7266666666667
15995,414,1,696.19,0,At Risk,696.19
15996,88,7,1686.9,1,Regular,240.9857142857143
15998,37,16,8308.34,1,Regular,519.27125
15999,736,1,20.4,0,At Risk,20.4
16000,3,3,12393.7,1,Regular,4131.233333333334
16001,381,1,583.39,0,At Risk,583.39
16002,625,1,169.21,0,At Risk,169.21
16003,30,10,5613.83,1,Regular,561.383
16004,475,5,2146.39,0,At Risk,429.27799999999996
16005,12,10,2436.22,1,Regular,243.62199999999999
16006,211,2,347.17,1,Regular,173.585
16007,48,7,3075.14,1,Regular,439.30571428571426
16008,24,15,5384.13,1,Regular,358.942
16009,22,4,992.71,1,Regular,248.1775
16010,246,11,1724.06,1,Regular,156.73272727272726
16011,8,29,5880.46,1,Regular,202.77448275862068
16012,35,5,2989.79,1,Regular,597.958
16013,4,84,57446.44,2,VIP,683.8861904761904
16014,38,5,1130.27,1,Regular,226.054
16015,4,3,705.39,1,Regular,235.13
16016,3,11,2533.94,1,Regular,230.35818181818183
16017,47,5,1553.83,1,Regular,310.76599999999996
16018,39,4,698.13,1,Regular,174.5325
16019,47,27,17465.85,1,Regular,646.8833333333333
16020,17,3,851.01,1,Regular,283.67
16021,395,2,532.25,0,At Risk,266.125
16022,260,1,628.28,0,At Risk,628.28
16023,46,3,719.81,1,Regular,239.93666666666664
16024,12,3,484.2,1,Regular,161.4
16025,30,1,439.66,1,Regular,439.66
16026,43,1,236.09,1,Regular,236.09
16027,92,15,2048.36,1,Regular,136.55733333333333
16028,596,1,82.2,0,At Risk,82.2
16029,39,107,122209.14,2,VIP,1142.1414953271028
16030,310,1,331.24,0,At Risk,331.24
16031,92,2,548.94,1,Regular,274.47
16032,456,6,1970.45,0,At Risk,328.40833333333336
16033,6,27,10836.13,1,Regular,401.3381481481481
16034,196,6,928.72,1,Regular,154.78666666666666
16035,560,1,217.73,0,At Risk,217.73
16036,87,4,2556.84,1,Regular,639.21
16037,270,5,1509.34,0,At Risk,301.868
16038,8,3,471.78,1,Regular,157.26
16039,424,2,456.4,0,At Risk,228.2
16040,65,7,2416.9,1,Regular,345.2714285714286
16041,31,3,3166.4,1,Regular,1055.4666666666667
16042,22,8,2265.12,1,Regular,283.14
16043,38,8,1856.59,1,Regular,232.07375
16044,435,1,340.84000000000003,0,At Risk,340.84000000000003
16045,120,8,3434.93,1,Regular,429.36625
16046,562,1,235.78,0,At Risk,235.78
16047,682,1,107.14,0,At Risk,107.14
16048,373,4,1075.23,0,At Risk,268.8075
16049,40,6,1899.68,1,Regular,316.61333333333334
16050,174,3,300.7,1,Regular,100.23333333333333
16051,682,1,188.44,0,At Risk,188.44
16052,54,1,362.06,1,Regular,362.06
16053,33,6,3634.84,1,Regular,605.8066666666667
16054,145,4,2111.88,1,Regular,527.97
16055,221,1,134.8,1,Regular,134.8
16056,45,1,664.85,1,Regular,664.85
16057,16,10,3854.85,1,Regular,385.485
16058,406,1,62.7,0,At Risk,62.7
16059,66,12,3217.77,1,Regular,268.1475
16060,401,3,541.95,0,At Risk,180.65
16061,431,1,89.65,0,At Risk,89.65
16062,10,8,2863.45,1,Regular,357.93125
16063,260,1,335.32,0,At Risk,335.32
16064,725,1,111.0,0,At Risk,111.0
16065,365,8,2382.62,0,At Risk,297.8275
16066,17,5,1521.87,1,Regular,304.37399999999997
16067,563,3,3395.29,0,At Risk,1131.7633333333333
16068,594,1,122.93,0,At Risk,122.93
16069,418,1,457.7,0,At Risk,457.7
16070,22,2,852.15,1,Regular,426.075
16071,45,4,1076.8,1,Regular,269.2
16072,288,4,4328.89,0,At Risk,1082.2225
16073,297,1,122.4,0,At Risk,122.4
16074,390,1,265.25,0,At Risk,265.25
16075,503,2,736.9300000000001,0,At Risk,368.46500000000003
16076,3,10,2234.73,1,Regular,223.473
16077,626,1,2300.4,0,At Risk,2300.4
16078,284,2,362.99,0,At Risk,181.495
16079,17,3,1352.0,1,Regular,450.6666666666667
16080,82,4,602.5600000000001,1,Regular,150.64000000000001
16081,56,8,4460.18,1,Regular,557.5225
16082,670,1,106.75,0,At Risk,106.75
16083,101,4,2351.42,1,Regular,587.855
16084,299,1,436.18,0,At Risk,436.18
16085,23,12,2343.53,1,Regular,195.29416666666668
16086,59,10,2864.99,1,Regular,286.49899999999997
16087,389,5,1739.92,0,At Risk,347.98400000000004
16088,576,2,1437.43,0,At Risk,718.715
16089,386,2,271.44,0,At Risk,135.72
16090,624,1,205.91,0,At Risk,205.91
16091,155,2,315.06,1,Regular,157.53
16092,115,6,1587.94,1,Regular,264.6566666666667
16093,107,1,17.0,1,Regular,17.0
16094,12,11,3695.56,1,Regular,335.96
16095,456,1,447.05,0,At Risk,447.05
16096,264,4,1584.97,0,At Risk,396.2425
16097,240,1,185.05,1,Regular,185.05
16098,88,14,4448.1,1,Regular,317.7214285714286
16099,50,7,1573.2,1,Regular,224.74285714285716
16100,463,1,582.64,0,At Risk,582.64
16101,71,4,3229.16,1,Regular,807.29
16102,42,3,1842.14,1,Regular,614.0466666666667
16103,7,22,6191.71,1,Regular,281.44136363636363
16104,62,9,2778.61,1,Regular,308.7344444444445
16105,249,5,2386.19,1,Regular,477.238
16106,66,1,108.38,1,Regular,108.38
16107,18,7,3204.1600000000003,1,Regular,457.7371428571429
16108,85,4,2235.92,1,Regular,558.98
16109,219,3,939.48,1,Regular,313.16
16110,45,4,1819.27,1,Regular,454.8175
16111,428,1,562.48,0,At Risk,562.48
16112,143,4,195.74,1,Regular,48.935
16113,183,1,161.38,1,Regular,161.38
16114,171,1,135.75000000000003,1,Regular,135.75000000000003
16115,10,12,2575.14,1,Regular,214.595
16116,212,1,612.78,1,Regular,612.78
16117,190,3,654.4,1,Regular,218.13333333333333
16118,653,1,4376.25,0,At Risk,4376.25
16119,8,8,1720.81,1,Regular,215.10125
16120,59,6,3056.91,1,Regular,509.48499999999996
16121,57,5,1477.09,1,Regular,295.418
16122,73,6,1001.34,1,Regular,166.89000000000001
16123,52,1,307.78000000000003,1,Regular,307.78000000000003
16124,317,4,1772.49,0,At Risk,443.1225
16125,367,14,4587.65,0,At Risk,327.6892857142857
16126,29,15,14646.8,1,Regular,976.4533333333333
16127,39,2,801.3100000000001,1,Regular,400.65500000000003
16128,18,11,3801.05,1,Regular,345.55
16129,407,3,1396.05,0,At Risk,465.34999999999997
16130,422,4,987.48,0,At Risk,246.87
16131,52,12,9957.42,1,Regular,829.785
16132,544,2,664.1999999999999,0,At Risk,332.09999999999997
16133,4,56,22992.26,1,Regular,410.5760714285714
16134,22,5,2145.34,1,Regular,429.06800000000004
16135,263,2,819.45,0,At Risk,409.725
16136,60,4,946.8,1,Regular,236.7
16137,680,1,422.7,0,At Risk,422.7
16138,379,3,910.35,0,At Risk,303.45
16139,19,5,1111.15,1,Regular,222.23000000000002
16140,66,3,1557.6,1,Regular,519.1999999999999
16141,88,2,955.94,1,Regular,477.97
16142,250,1,535.34,1,Regular,535.34
16143,3,12,4910.83,1,Regular,409.23583333333335
16144,247,1,175.2,1,Regular,175.2
16145,9,19,6805.4400000000005,1,Regular,358.18105263157895
16146,157,4,946.38,1,Regular,236.595
16147,134,5,2398.91,1,Regular,479.782
16148,296,2,386.62,0,At Risk,193.31
16149,5,3,422.22,1,Regular,140.74
16150,43,10,4395.59,1,Regular,439.559
16152,269,1,1829.04,0,At Risk,1829.04
16153,50,11,5133.49,1,Regular,466.6809090909091
16155,382,5,796.9,0,At Risk,159.38
16156,9,20,6218.18,1,Regular,310.909
16157,16,3,656.69,1,Regular,218.89666666666668
16158,522,9,628.32,0,At Risk,69.81333333333333
16159,282,4,1232.79,0,At Risk,308.1975
16160,65,2,1025.44,1,Regular,512.72
16161,2,43,12831.8,1,Regular,298.4139534883721
16162,252,1,37.4,0,At Risk,37.4
16163,232,6,2849.58,1,Regular,474.93
16164,17,3,822.48,1,Regular,274.16
16165,505,1,79.9,0,At Risk,79.9
16166,428,2,435.83,0,At Risk,217.915
16167,414,5,1386.12,0,At Risk,277.224
16168,11,66,10636.47,1,Regular,161.15863636363636
16169,8,4,1822.97,1,Regular,455.7425
16170,51,20,6869.0,1,Regular,343.45
16171,59,1,73.19999999999999,1,Regular,73.19999999999999
16172,95,8,1884.55,1,Regular,235.56875
16173,16,6,1418.32,1,Regular,236.38666666666666
16174,126,7,2246.75,1,Regular,320.9642857142857
16175,94,7,1836.44,1,Regular,262.34857142857146
16176,421,4,2052.69,0,At Risk,513.1725
16177,50,8,2247.31,1,Regular,280.91375
16178,138,2,612.6,1,Regular,306.3
16179,61,1,215.83,1,Regular,215.83
16180,100,13,16249.87,1,Regular,1249.99
16181,73,1,305.54,1,Regular,305.54
16182,72,9,9971.65,1,Regular,1107.961111111111
16183,67,4,1077.81,1,Regular,269.4525
16184,64,6,1158.79,1,Regular,193.13166666666666
16185,17,3,644.72,1,Regular,214.90666666666667
16186,23,26,9026.11,1,Regular,347.1580769230769
16187,32,15,6911.4400000000005,1,Regular,460.7626666666667
16188,45,5,1087.66,1,Regular,217.532
16189,16,2,215.48,1,Regular,107.74
16190,40,8,2723.55,1,Regular,340.44375
16191,3,24,15688.02,1,Regular,653.6675
16192,736,1,351.3,0,At Risk,351.3
16193,237,2,630.4300000000001,1,Regular,315.21500000000003
16194,375,1,308.6,0,At Risk,308.6
16195,723,1,323.25,0,At Risk,323.25
16196,489,1,93.3,0,At Risk,93.3
16197,469,9,2016.71,0,At Risk,224.07888888888888
16198,75,2,1030.0410000000002,1,Regular,515.0205000000001
16199,392,7,942.75,0,At Risk,134.67857142857142
16200,4,12,5643.45,1,Regular,470.28749999999997
16201,3,5,2112.12,1,Regular,422.424
16202,361,9,2501.99,0,At Risk,277.99888888888887
16203,59,6,1114.54,1,Regular,185.75666666666666
16204,23,3,944.24,1,Regular,314.74666666666667
16205,31,7,1830.61,1,Regular,261.5157142857143
16206,55,13,2602.32,1,Regular,200.17846153846156
16207,25,1,394.38,1,Regular,394.38
16208,45,10,3440.4500000000003,1,Regular,344.045
16209,89,9,4146.78,1,Regular,460.75333333333333
16210,2,35,38489.51,1,Regular,1099.7002857142859
16211,89,3,1090.59,1,Regular,363.53
16212,19,4,1293.71,1,Regular,323.4275
16213,79,1,159.0,1,Regular,159.0
16214,171,4,2038.25,1,Regular,509.5625
16215,81,1,242.35,1,Regular,242.35
16216,267,1,914.93,0,At Risk,914.93
16217,235,2,304.25,1,Regular,152.125
16218,30,13,4439.97,1,Regular,341.53615384615387
16219,501,1,40.8,0,At Risk,40.8
16221,37,9,2235.51,1,Regular,248.39000000000001
16222,318,2,1345.22,0,At Risk,672.61
16223,375,2,1102.35,0,At Risk,551.175
16224,57,5,1616.54,1,Regular,323.308
16225,45,15,2867.41,1,Regular,191.16066666666666
16226,203,5,672.17,1,Regular,134.434
16227,225,3,1027.22,1,Regular,342.4066666666667
16228,385,3,890.81,0,At Risk,296.93666666666667
16229,87,6,2867.86,1,Regular,477.9766666666667
16230,190,2,542.03,1,Regular,271.015
16231,379,4,1078.22,0,At Risk,269.555
16232,44,7,2712.97,1,Regular,387.5671428571428
16233,71,9,1965.71,1,Regular,218.41222222222223
16234,476,3,333.18,0,At Risk,111.06
16235,41,9,2053.71,1,Regular,228.19
16236,78,1,432.2,1,Regular,432.2
16237,437,1,136.65,0,At Risk,136.65
16238,423,1,63.66,0,At Risk,63.66
16239,57,6,1492.2,1,Regular,248.70000000000002
16240,24,2,3718.8,1,Regular,1859.4
16241,10,16,4329.31,1,Regular,270.581875
16242,8,14,7474.400000000001,1,Regular,533.8857142857144
16243,34,2,409.1,1,Regular,204.55
16244,212,2,2579.38,1,Regular,1289.69
16245,24,3,1413.66,1,Regular,471.22
16246,460,2,827.25,0,At Risk,413.625
16247,170,1,114.56,1,Regular,114.56
16248,62,1,152.94,1,Regular,152.94
16249,53,5,1800.07,1,Regular,360.014
16250,261,3,791.38,0,At Risk,263.79333333333335
16251,512,1,128.31,0,At Risk,128.31
16252,383,1,295.09000000000003,0,At Risk,295.09000000000003
16253,67,7,7310.15,1,Regular,1044.3071428571427
16254,378,3,985.14,0,At Risk,328.38
16255,17,15,4906.8,1,Regular,327.12
16256,267,3,1629.37,0,At Risk,543.1233333333333
16257,177,1,46.95,1,Regular,46.95
16258,45,15,11942.52,1,Regular,796.168
16259,410,3,361.94,0,At Risk,120.64666666666666
16260,51,1,1035.45,1,Regular,1035.45
16261,17,6,1059.45,1,Regular,176.57500000000002
16262,378,1,755.15,0,At Risk,755.15
16263,423,1,351.01,0,At Risk,351.01
16264,438,2,837.53,0,At Risk,418.765
16265,9,12,6935.17,1,Regular,577.9308333333333
16266,74,14,1757.95,1,Regular,125.56785714285715
16267,591,1,186.66,0,At Risk,186.66
16268,71,2,667.65,1,Regular,333.825
16269,438,1,717.57,0,At Risk,717.57
16270,353,1,1141.24,0,At Risk,1141.24
16271,3,10,3463.02,1,Regular,346.302
16272,117,1,411.7,1,Regular,411.7
16273,648,2,336.04,0,At Risk,168.02
16274,373,1,715.9,0,At Risk,715.9
16275,197,3,2151.11,1,Regular,717.0366666666667
16276,177,3,2629.3900000000003,1,Regular,876.4633333333335
16277,734,1,188.69,0,At Risk,188.69
16278,100,3,1117.84,1,Regular,372.6133333333333
16279,21,9,5705.08,1,Regular,633.8977777777777
16280,725,1,238.05,0,At Risk,238.05
16281,72,3,3424.02,1,Regular,1141.34
16282,340,3,1307.5800000000002,0,At Risk,435.86000000000007
16283,6,8,4403.82,1,Regular,550.4775
16284,31,3,1029.77,1,Regular,343.25666666666666
16285,646,1,176.9,0,At Risk,176.9
16286,477,2,328.95,0,At Risk,164.475
16287,170,5,1006.98,1,Regular,201.39600000000002
16288,470,1,129.85,0,At Risk,129.85
16289,462,1,136.31,0,At Risk,136.31
16290,465,4,2069.3,0,At Risk,517.325
16291,682,1,117.72,0,At Risk,117.72
16292,122,5,1253.76,1,Regular,250.752
16293,22,15,4657.95,1,Regular,310.53
16294,477,1,126.05,0,At Risk,126.05
16295,10,4,1328.55,1,Regular,332.1375
16296,626,4,1313.67,0,At Risk,328.4175
16297,269,1,301.9,0,At Risk,301.9
16298,23,7,1085.7,1,Regular,155.1
16299,477,1,193.65,0,At Risk,193.65
16300,430,3,1392.43,0,At Risk,464.1433333333334
16301,737,1,107.33,0,At Risk,107.33
16302,127,1,233.22,1,Regular,233.22
16303,26,7,7928.27,1,Regular,1132.6100000000001
16304,695,1,381.66,0,At Risk,381.66
16305,139,1,361.22,1,Regular,361.22
16306,214,7,1192.82,1,Regular,170.40285714285713
16307,429,3,1194.92,0,At Risk,398.3066666666667
16308,38,7,5120.0,1,Regular,731.4285714285714
16309,106,2,706.57,1,Regular,353.285
16310,414,2,460.08,0,At Risk,230.04
16311,18,2,616.26,1,Regular,308.13
16312,432,1,171.15,0,At Risk,171.15
16313,3,2,274.15000000000003,1,Regular,137.07500000000002
16314,390,3,1491.4,0,At Risk,497.1333333333334
16315,331,2,402.71,0,At Risk,201.355
16316,64,13,5744.91,1,Regular,441.91615384615386
16317,120,5,2192.51,1,Regular,438.50200000000007
16318,35,1,328.15000000000003,1,Regular,328.15000000000003
16319,218,1,404.4,1,Regular,404.4
16320,172,6,5628.99,1,Regular,938.165
16321,72,7,604.5500000000001,1,Regular,86.36428571428573
16322,1,2,326.75,1,Regular,163.375
16323,196,2,353.66,1,Regular,176.83
16324,128,3,428.68,1,Regular,142.89333333333335
16325,47,12,3597.5,1,Regular,299.7916666666667
16326,6,24,4826.99,1,Regular,201.12458333333333
16327,14,16,10731.34,1,Regular,670.70875
16328,563,1,310.83,0,At Risk,310.83
16329,428,4,1703.07,0,At Risk,425.7675
16330,18,7,634.33,1,Regular,90.61857142857143
16331,432,6,2037.7,0,At Risk,339.6166666666667
16332,28,11,2010.41,1,Regular,182.76454545454547
16333,8,22,26626.8,1,Regular,1210.3090909090909
16334,492,1,277.48,0,At Risk,277.48
16335,552,7,2774.0,0,At Risk,396.2857142857143
16336,421,4,3517.69,0,At Risk,879.4225
16337,37,1,151.05,1,Regular,151.05
16338,157,1,214.8,1,Regular,214.8
16339,284,1,109.95,0,At Risk,109.95
16340,107,3,1526.06,1,Regular,508.68666666666667
16341,25,7,3850.79,1,Regular,550.1128571428571
16342,75,4,322.41,1,Regular,80.6025
16343,16,3,687.0699999999999,1,Regular,229.0233333333333
16344,158,4,842.42,1,Regular,210.605
16345,44,2,1198.74,1,Regular,599.37
16346,385,1,224.51,0,At Risk,224.51
16347,11,11,3509.41,1,Regular,319.0372727272727
16348,32,8,1798.22,1,Regular,224.7775
16349,291,1,53.5,0,At Risk,53.5
16350,21,9,2253.89,1,Regular,250.4322222222222
16351,333,13,3330.03,0,At Risk,256.15615384615387
16352,18,2,494.44,1,Regular,247.22
16353,4,38,9999.46,1,Regular,263.1436842105263
16354,63,5,1129.51,1,Regular,225.902
16355,375,1,416.35,0,At Risk,416.35
16356,198,6,415.87,1,Regular,69.31166666666667
16357,33,4,868.37,1,Regular,217.0925
16358,1,5,2919.65,1,Regular,583.9300000000001
16359,7,16,2697.75,1,Regular,168.609375
16360,5,6,3512.53,1,Regular,585.4216666666667
16361,10,4,896.66,1,Regular,224.165
16362,32,6,946.94,1,Regular,157.82333333333335
16363,53,1,109.36,1,Regular,109.36
16364,12,2,707.04,1,Regular,353.52
16365,18,15,3307.2,1,Regular,220.48
16366,19,4,1548.13,1,Regular,387.0325
16367,37,3,1362.4,1,Regular,454.1333333333334
16368,2,3,640.21,1,Regular,213.40333333333334
16369,18,7,2664.81,1,Regular,380.6871428571429
16370,82,4,1320.56,1,Regular,330.14
16371,449,1,157.2,0,At Risk,157.2
16372,33,5,1328.61,1,Regular,265.722
16373,382,2,309.49,0,At Risk,154.745
16374,66,5,1771.45,1,Regular,354.29
16375,470,2,104.0,0,At Risk,52.0
16376,9,2,987.01,1,Regular,493.505
16377,267,2,1308.48,0,At Risk,654.24
16378,247,3,362.95,1,Regular,120.98333333333333
16379,4,4,2157.4,1,Regular,539.35
16380,61,1,1780.59,1,Regular,1780.59
16381,396,2,258.7,0,At Risk,129.35
16382,408,2,353.1,0,At Risk,176.55
16383,75,7,2974.84,1,Regular,424.9771428571429
16384,90,4,1358.95,1,Regular,339.7375
16385,60,5,1030.61,1,Regular,206.12199999999999
16386,29,3,1102.59,1,Regular,367.53
16387,323,5,918.55,0,At Risk,183.70999999999998
16388,654,1,186.05,0,At Risk,186.05
16389,53,4,1382.0700000000002,1,Regular,345.51750000000004
16390,537,3,467.5,0,At Risk,155.83333333333334
16391,401,4,1103.61,0,At Risk,275.9025
16392,270,3,763.05,0,At Risk,254.35
16393,2,23,5561.66,1,Regular,241.81130434782608
16394,57,5,1555.34,1,Regular,311.068
16395,61,14,3537.85,1,Regular,252.70357142857142
16396,476,1,137.8,0,At Risk,137.8
16397,628,1,127.88,0,At Risk,127.88
16398,154,2,1705.8,1,Regular,852.9
16399,19,3,641.82,1,Regular,213.94000000000003
16400,95,9,3159.44,1,Regular,351.0488888888889
16401,1,23,6849.15,1,Regular,297.7891304347826
16402,265,2,511.4,0,At Risk,255.7
16403,312,1,177.5,0,At Risk,177.5
16404,70,1,443.05,1,Regular,443.05
16405,302,2,167.25,0,At Risk,83.625
16406,19,3,552.68,1,Regular,184.22666666666666
16407,13,14,2821.65,1,Regular,201.54642857142858
16408,591,1,231.93,0,At Risk,231.93
16409,36,12,5709.04,1,Regular,475.75333333333333
16410,734,1,130.32,0,At Risk,130.32
16411,19,4,910.19,1,Regular,227.5475
16412,54,5,647.23,1,Regular,129.446
16413,57,2,528.98,1,Regular,264.49
16414,22,5,559.71,1,Regular,111.94200000000001
16415,44,3,719.44,1,Regular,239.81333333333336
16416,27,9,2972.88,1,Regular,330.32
16417,493,1,35.7,0,At Risk,35.7
16418,45,5,1101.94,1,Regular,220.388
16419,113,8,1487.42,1,Regular,185.9275
16420,396,1,75.0,0,At Risk,75.0
16421,376,3,526.27,0,At Risk,175.42333333333332
16422,17,109,63651.47,2,VIP,583.9584403669725
16423,25,1,346.12,1,Regular,346.12
16424,191,2,443.06,1,Regular,221.53
16425,302,1,302.7,0,At Risk,302.7
16426,2,10,1908.25,1,Regular,190.825
16427,263,2,241.06,0,At Risk,120.53
16428,414,3,660.28,0,At Risk,220.09333333333333
16429,106,1,284.55,1,Regular,284.55
16430,57,7,1117.94,1,Regular,159.7057142857143
16431,213,3,642.81,1,Regular,214.26999999999998
16432,64,1,287.40000000000003,1,Regular,287.40000000000003
16433,28,2,384.52,1,Regular,192.26
16434,29,12,2741.74,1,Regular,228.47833333333332
16435,512,3,1011.57,0,At Risk,337.19
16436,668,3,329.34,0,At Risk,109.77999999999999
16437,381,2,301.25,0,At Risk,150.625
16438,6,5,798.35,1,Regular,159.67000000000002
16439,722,1,310.70000000000005,0,At Risk,310.70000000000005
16440,8,6,3856.97,1,Regular,642.8283333333333
16441,67,5,1034.43,1,Regular,206.88600000000002
16442,2,5,899.47,1,Regular,179.894
16443,521,1,162.24,0,At Risk,162.24
16444,46,17,3656.58,1,Regular,215.0929411764706
16445,34,4,602.73,1,Regular,150.6825
16446,1,2,168472.5,2,VIP,84236.25
16447,136,3,775.14,1,Regular,258.38
16448,198,2,367.87,1,Regular,183.935
16449,198,2,707.69,1,Regular,353.845
16450,150,3,1505.73,1,Regular,501.91
16451,88,3,1013.15,1,Regular,337.71666666666664
16452,631,2,332.17,0,At Risk,166.085
16453,531,2,251.71,0,At Risk,125.855
16454,45,4,30.950000000000003,1,Regular,7.737500000000001
16455,64,11,4384.37,1,Regular,398.5790909090909
16456,99,13,6862.91,1,Regular,527.9161538461539
16457,218,1,208.36,1,Regular,208.36
16458,3,30,5715.34,1,Regular,190.51133333333334
16459,730,1,71.78999999999999,0,At Risk,71.78999999999999
16460,28,3,814.72,1,Regular,271.5733333333333
16461,178,3,1615.22,1,Regular,538.4066666666666
16462,74,3,136.0,1,Regular,45.333333333333336
16463,21,4,1422.4,1,Regular,355.6
16464,20,3,1314.68,1,Regular,438.2266666666667
16465,421,2,746.24,0,At Risk,373.12
16466,34,15,3838.59,1,Regular,255.906
16467,509,7,2869.16,0,At Risk,409.88
16468,74,3,787.52,1,Regular,262.50666666666666
16469,24,5,828.91,1,Regular,165.78199999999998
16470,52,11,2458.6,1,Regular,223.5090909090909
16471,275,4,1189.98,0,At Risk,297.495
16472,434,2,789.6,0,At Risk,394.8
16473,165,4,470.83,1,Regular,117.7075
16474,7,7,1871.5,1,Regular,267.35714285714283
16475,88,4,544.3,1,Regular,136.075
16476,432,1,350.35,0,At Risk,350.35
16477,64,11,4320.02,1,Regular,392.7290909090909
16478,25,3,331.0,1,Regular,110.33333333333333
16479,10,2,300.83,1,Regular,150.415
16480,76,1,769.29,1,Regular,769.29
16481,682,1,453.38,0,At Risk,453.38
16482,16,1,220.62,1,Regular,220.62
16483,192,1,139.35,1,Regular,139.35
16484,174,2,404.3,1,Regular,202.15
16485,77,5,2294.68,1,Regular,458.936
16486,538,1,134.36,0,At Risk,134.36
16487,577,2,209.4,0,At Risk,104.7
16488,33,3,498.8,1,Regular,166.26666666666668
16489,380,2,303.7,0,At Risk,151.85
16490,436,1,205.41000000000005,0,At Risk,205.41000000000005
16491,47,2,1533.16,1,Regular,766.58
16492,541,1,385.56,0,At Risk,385.56
16493,80,7,2132.09,1,Regular,304.5842857142857
16494,297,1,826.53,0,At Risk,826.53
16495,3,3,684.41,1,Regular,228.13666666666666
16496,9,6,2330.77,1,Regular,388.46166666666664
16497,50,23,6695.28,1,Regular,291.0991304347826
16498,161,2,100.97,1,Regular,50.485
16499,360,8,2578.34,0,At Risk,322.2925
16500,5,9,843.9100000000001,1,Regular,93.76777777777778
16501,383,1,1237.23,0,At Risk,1237.23
16502,620,2,266.5,0,At Risk,133.25
16503,107,11,3614.34,1,Regular,328.5763636363636
16504,25,1,484.38,1,Regular,484.38
16505,32,1,777.6,1,Regular,777.6
16506,20,2,90.3,1,Regular,45.15
16507,572,1,152.76,0,At Risk,152.76
16508,630,1,248.8,0,At Risk,248.8
16509,297,1,363.7000000000001,0,At Risk,363.7000000000001
16510,372,6,2100.0,0,At Risk,350.0
16511,22,6,1819.02,1,Regular,303.17
16513,5,4,874.59,1,Regular,218.6475
16515,52,10,3216.3,1,Regular,321.63
16516,30,1,101.7,1,Regular,101.7
16517,277,1,162.70000000000002,0,At Risk,162.70000000000002
16518,61,4,959.37,1,Regular,239.8425
16519,25,4,556.26,1,Regular,139.065
16520,186,6,2482.62,1,Regular,413.77
16521,415,3,1148.01,0,At Risk,382.67
16522,436,2,433.36,0,At Risk,216.68
16523,2,28,11916.33,1,Regular,425.5832142857143
16524,446,2,308.14,0,At Risk,154.07
16525,2,48,24582.64,1,Regular,512.1383333333333
16526,172,2,717.21,1,Regular,358.605
16527,81,2,1272.44,1,Regular,636.22
16528,4,1,244.41,1,Regular,244.41
16529,190,4,2012.0,1,Regular,503.0
16530,668,1,48.35,0,At Risk,48.35
16531,22,11,2298.33,1,Regular,208.9390909090909
16532,18,5,8756.64,1,Regular,1751.328
16533,19,3,1095.56,1,Regular,365.18666666666667
16534,642,1,635.9,0,At Risk,635.9
16535,5,3,1001.59,1,Regular,333.86333333333334
16536,110,1,548.97,1,Regular,548.97
16537,641,1,23.35,0,At Risk,23.35
16538,541,3,399.62,0,At Risk,133.20666666666668
16539,3,10,3732.01,1,Regular,373.201
16540,414,1,226.7,0,At Risk,226.7
16541,735,1,424.03,0,At Risk,424.03
16542,54,2,257.32,1,Regular,128.66
16543,592,1,292.21,0,At Risk,292.21
16544,520,4,376.7000000000001,0,At Risk,94.17500000000003
16545,165,2,689.8199999999999,1,Regular,344.90999999999997
16546,291,5,5606.47,0,At Risk,1121.294
16547,546,1,111.71,0,At Risk,111.71
16548,599,1,30.15,0,At Risk,30.15
16549,10,34,13182.19,1,Regular,387.71147058823533
16550,109,18,9435.13,1,Regular,524.1738888888889
16551,96,7,2237.12,1,Regular,319.5885714285714
16552,243,2,475.02,1,Regular,237.51
16553,163,33,16644.01,1,Regular,504.36393939393935
16554,42,8,2841.7200000000003,1,Regular,355.21500000000003
16555,35,6,1915.68,1,Regular,319.28000000000003
16556,67,17,8012.58,1,Regular,471.32823529411763
16557,24,2,281.85,1,Regular,140.925
16558,1,38,13873.51,1,Regular,365.09236842105264
16559,397,1,185.2,0,At Risk,185.2
16560,27,8,3048.38,1,Regular,381.0475
16561,6,2,511.12,1,Regular,255.56
16562,477,1,223.86,0,At Risk,223.86
16563,54,6,4422.76,1,Regular,737.1266666666667
16564,569,1,87.80000000000001,0,At Risk,87.80000000000001
16565,364,4,773.05,0,At Risk,193.2625
16566,15,5,614.66,1,Regular,122.93199999999999
16567,194,2,865.6,1,Regular,432.8
16568,428,2,1020.9,0,At Risk,510.45
16569,3,5,1455.23,1,Regular,291.046
16570,15,20,7434.31,1,Regular,371.7155
16571,27,10,4248.74,1,Regular,424.87399999999997
16572,127,3,1009.6,1,Regular,336.53333333333336
16573,85,2,663.61,1,Regular,331.805
16574,71,3,1301.78,1,Regular,433.9266666666667
16576,420,2,540.87,0,At Risk,270.435
16577,667,1,380.0,0,At Risk,380.0
16578,626,1,156.6,0,At Risk,156.6
16579,426,1,295.05,0,At Risk,295.05
16581,183,1,105.84,1,Regular,105.84
16582,113,1,313.62,1,Regular,313.62
16583,374,2,531.4,0,At Risk,265.7
16584,80,5,3163.67,1,Regular,632.734
16585,594,2,341.59000000000003,0,At Risk,170.79500000000002
16586,249,3,1462.78,1,Regular,487.5933333333333
16587,232,1,225.15,1,Regular,225.15
16588,386,4,1361.28,0,At Risk,340.32
16589,71,4,612.36,1,Regular,153.09
16590,401,2,605.9,0,At Risk,302.95
16591,69,1,213.5,1,Regular,213.5
16592,4,28,7807.91,1,Regular,278.8539285714286
16593,51,8,1071.14,1,Regular,133.8925
16594,75,1,181.09,1,Regular,181.09
16595,61,5,1810.18,1,Regular,362.036
16596,16,4,579.63,1,Regular,144.9075
16597,4,1,90.04,1,Regular,90.04
16598,286,1,145.05,0,At Risk,145.05
16599,386,1,172.8,0,At Risk,172.8
16600,4,13,2153.41,1,Regular,165.64692307692306
16601,41,3,684.25,1,Regular,228.08333333333334
16602,36,2,763.33,1,Regular,381.665
16603,75,2,482.47,1,Regular,241.235
16604,563,2,432.4500000000001,0,At Risk,216.22500000000005
16605,724,1,60.48,0,At Risk,60.48
16606,404,2,357.66,0,At Risk,178.83
16607,18,25,5706.87,1,Regular,228.2748
16608,454,2,1288.72,0,At Risk,644.36
16609,15,7,5493.46,1,Regular,784.78
16610,219,1,75.66,1,Regular,75.66
16611,186,6,1785.13,1,Regular,297.5216666666667
16612,33,9,3245.4300000000003,1,Regular,360.60333333333335
16613,70,1,618.59,1,Regular,618.59
16614,183,3,1179.79,1,Regular,393.2633333333333
16615,626,1,291.5,0,At Risk,291.5
16616,15,2,500.42,1,Regular,250.21
16617,236,1,151.85,1,Regular,151.85
16618,31,5,2647.59,1,Regular,529.518
16619,264,4,1938.33,0,At Risk,484.5825
16620,4,6,1758.93,1,Regular,293.15500000000003
16621,52,4,813.48,1,Regular,203.37
16622,544,1,225.4,0,At Risk,225.4
16623,246,4,1015.24,1,Regular,253.81
16624,81,2,810.57,1,Regular,405.285
16625,275,5,1654.03,0,At Risk,330.806
16626,1,17,4413.1,1,Regular,259.59411764705885
16627,79,1,322.8,1,Regular,322.8
16628,30,7,2318.1,1,Regular,331.15714285714284
16629,74,2,417.73,1,Regular,208.865
16630,407,1,106.8,0,At Risk,106.8
16631,482,7,1892.52,0,At Risk,270.36
16632,486,2,406.4,0,At Risk,203.2
16633,17,6,2883.1,1,Regular,480.51666666666665
16634,223,6,1814.61,1,Regular,302.435
16635,407,1,473.0,0,At Risk,473.0
16636,438,4,3802.04,0,At Risk,950.51
16637,32,4,1154.47,1,Regular,288.6175
16638,23,15,2430.53,1,Regular,162.03533333333334
16639,31,4,1747.98,1,Regular,436.995
16640,398,1,179.4,0,At Risk,179.4
16641,106,2,554.5,1,Regular,277.25
16642,5,3,1077.45,1,Regular,359.15000000000003
16643,246,2,923.11,1,Regular,461.555
16644,178,2,833.78,1,Regular,416.89
16645,736,1,160.39,0,At Risk,160.39
16646,449,1,678.8,0,At Risk,678.8
16647,170,4,541.9,1,Regular,135.475
16648,43,3,672.8,1,Regular,224.26666666666665
16649,520,1,306.58,0,At Risk,306.58
16650,72,7,1916.11,1,Regular,273.72999999999996
16651,587,1,136.2,0,At Risk,136.2
16652,59,16,17550.39,1,Regular,1096.899375
16653,16,2,1212.66,1,Regular,606.33
16654,141,8,1711.47,1,Regular,213.93375
16655,18,13,6548.37,1,Regular,503.72076923076924
16656,22,30,16833.170000000002,1,Regular,561.1056666666667
16657,10,4,933.62,1,Regular,233.405
16658,368,6,814.07,0,At Risk,135.67833333333334
16659,189,1,39.12,1,Regular,39.12
16660,16,7,1879.55,1,Regular,268.50714285714287
16661,540,4,986.63,0,At Risk,246.6575
16662,394,1,163.8,0,At Risk,163.8
16663,729,1,165.0,0,At Risk,165.0
16664,569,1,109.2,0,At Risk,109.2
16665,362,1,135.4,0,At Risk,135.4
16666,19,2,225.94,1,Regular,112.97
16667,68,2,570.13,1,Regular,285.065
16668,15,13,862.42,1,Regular,66.34
16669,24,3,1374.87,1,Regular,458.28999999999996
16670,17,20,8030.150000000001,1,Regular,401.50750000000005
16671,28,3,1692.27,1,Regular,564.09
16672,2,20,8134.94,1,Regular,406.74699999999996
16673,679,1,188.83,0,At Risk,188.83
16674,55,2,319.61,1,Regular,159.805
16675,442,2,608.86,0,At Risk,304.43
16676,34,6,2361.9,1,Regular,393.65000000000003
16677,411,2,880.62,0,At Risk,440.31
16678,3,12,3109.99,1,Regular,259.1658333333333
16679,366,3,793.06,0,At Risk,264.3533333333333
16680,43,3,821.45,1,Regular,273.81666666666666
16681,73,7,1921.84,1,Regular,274.5485714285714
16682,5,5,1028.0,1,Regular,205.6
16683,534,1,320.25,0,At Risk,320.25
16684,4,55,147142.77,2,VIP,2675.3230909090908
16685,61,2,324.24,1,Regular,162.12
16686,47,16,5070.92,1,Regular,316.9325
16687,391,1,157.63,0,At Risk,157.63
16688,1,4,1260.86,1,Regular,315.215
16689,76,2,422.6,1,Regular,211.3
16690,72,4,353.03000000000003,1,Regular,88.25750000000001
16691,418,2,178.83,0,At Risk,89.415
16692,256,4,1914.7,1,Regular,478.675
16693,69,5,1199.46,1,Regular,239.892
16694,723,1,98.3,0,At Risk,98.3
16695,562,2,193.15,0,At Risk,96.575
16696,135,4,657.9,1,Regular,164.475
16697,241,1,112.75,1,Regular,112.75
16698,227,2,1998.0,1,Regular,999.0
16699,380,7,994.6,0,At Risk,142.0857142857143
16700,9,25,9167.71,1,Regular,366.7084
16701,9,26,9916.73,1,Regular,381.4126923076923
16702,415,4,1110.83,0,At Risk,277.7075
16704,618,2,695.66,0,At Risk,347.83
16705,1,42,43515.051,1,Regular,1036.072642857143
16706,37,3,531.35,1,Regular,177.11666666666667
16707,400,4,551.11,0,At Risk,137.7775
16708,46,1,656.63,1,Regular,656.63
16709,85,14,9087.46,1,Regular,649.1042857142857
16710,19,22,6349.09,1,Regular,288.595
16711,3,9,2868.48,1,Regular,318.72
16712,9,13,4266.99,1,Regular,328.22999999999996
16713,19,32,14560.69,1,Regular,455.0215625
16714,219,4,1529.8,1,Regular,382.45
16715,78,2,625.52,1,Regular,312.76
16716,267,3,2149.6800000000003,0,At Risk,716.5600000000001
16717,24,14,6986.2300000000005,1,Regular,499.0164285714286
16718,369,5,3647.53,0,At Risk,729.5060000000001
16719,15,14,3973.3,1,Regular,283.8071428571429
16720,26,3,795.48,1,Regular,265.16
16721,262,1,292.47,0,At Risk,292.47
16722,17,22,8989.08,1,Regular,408.5945454545454
16723,91,4,1301.63,1,Regular,325.4075
16724,405,1,147.35,0,At Risk,147.35
16725,302,14,1882.11,0,At Risk,134.43642857142856
16726,26,7,2088.41,1,Regular,298.3442857142857
16727,364,4,1437.42,0,At Risk,359.355
16728,46,4,1054.67,1,Regular,263.6675
16729,38,21,7239.92,1,Regular,344.7580952380952
16730,52,3,743.11,1,Regular,247.70333333333335
16731,648,1,174.05,0,At Risk,174.05
16732,32,4,4387.64,1,Regular,1096.91
16733,530,1,259.68,0,At Risk,259.68
16734,52,3,650.51,1,Regular,216.83666666666667
16735,79,14,6270.56,1,Regular,447.8971428571429
16736,506,5,2956.56,0,At Risk,591.312
16737,53,2,835.2,1,Regular,417.6
16738,298,1,3.75,0,At Risk,3.75
16739,177,2,786.4300000000001,1,Regular,393.21500000000003
16740,395,1,236.81,0,At Risk,236.81
16741,625,1,173.06,0,At Risk,173.06
16742,47,14,2852.61,1,Regular,203.75785714285715
16743,29,14,4253.26,1,Regular,303.80428571428575
16744,11,7,1304.76,1,Regular,186.3942857142857
16745,87,17,7194.3,1,Regular,423.1941176470588
16746,5,42,18066.4,1,Regular,430.152380952381
16747,38,2,836.0600000000001,1,Regular,418.03000000000003
16748,18,14,3637.33,1,Regular,259.8092857142857
16749,591,2,4387.08,0,At Risk,2193.54
16750,45,5,623.93,1,Regular,124.78599999999999
16751,31,1,1764.72,1,Regular,1764.72
16752,373,1,415.0,0,At Risk,415.0
16753,58,1,223.92,1,Regular,223.92
16754,372,29,67502.47,1,Regular,2327.671379310345
16755,114,7,2900.58,1,Regular,414.36857142857144
16756,215,7,1312.37,1,Regular,187.48142857142855
16757,319,2,270.48,0,At Risk,135.24
16758,65,1,369.34,1,Regular,369.34
16759,8,3,789.79,1,Regular,263.2633333333333
16760,430,1,228.0,0,At Risk,228.0
16761,97,1,316.62,1,Regular,316.62
16762,20,3,1501.38,1,Regular,500.46000000000004
16763,199,2,964.7,1,Regular,482.35
16764,4,13,2799.25,1,Regular,215.32692307692307
16765,294,2,454.75,0,At Risk,227.375
16766,273,2,1145.6,0,At Risk,572.8
16767,31,15,8073.8,1,Regular,538.2533333333333
16768,48,9,1708.12,1,Regular,189.7911111111111
16769,260,4,1141.75,1,Regular,285.4375
16770,58,9,1932.13,1,Regular,214.68111111111114
16771,33,10,3967.6,1,Regular,396.76
16772,423,3,3723.55,0,At Risk,1241.1833333333334
16773,57,3,421.24,1,Regular,140.41333333333333
16774,68,8,1594.45,1,Regular,199.30625
16775,10,16,3056.89,1,Regular,191.055625
16776,60,2,619.85,1,Regular,309.925
16777,80,5,1307.76,1,Regular,261.552
16778,74,2,245.94,1,Regular,122.97
16779,2,53,33268.24,1,Regular,627.7026415094339
16780,100,3,605.55,1,Regular,201.85
16781,372,2,934.25,0,At Risk,467.125
16782,10,38,10438.41,1,Regular,274.695
16783,437,1,391.95,0,At Risk,391.95
16784,20,5,896.53,1,Regular,179.30599999999998
16785,410,1,533.78,0,At Risk,533.78
16786,394,1,51.84,0,At Risk,51.84
16787,398,4,1035.43,0,At Risk,258.8575
16788,123,5,1950.3,1,Regular,390.06
16789,8,1,80.80000000000001,1,Regular,80.80000000000001
16790,4,6,1545.62,1,Regular,257.6033333333333
16791,29,15,4038.69,1,Regular,269.246
16792,282,5,623.46,0,At Risk,124.69200000000001
16793,57,1,243.84,1,Regular,243.84
16794,1,15,2090.91,1,Regular,139.39399999999998
16795,365,3,2492.39,0,At Risk,830.7966666666666
16796,89,1,305.62,1,Regular,305.62
16797,393,5,1827.77,0,At Risk,365.554
16798,554,3,848.71,0,At Risk,282.90333333333336
16799,432,2,495.98,0,At Risk,247.99
16800,11,1,1201.49,1,Regular,1201.49
16801,163,4,1619.73,1,Regular,404.9325
16802,679,2,582.61,0,At Risk,291.305
16803,65,1,332.3,1,Regular,332.3
16804,23,3,536.99,1,Regular,178.99666666666667
16805,174,5,1097.24,1,Regular,219.448
16806,103,4,801.49,1,Regular,200.3725
16807,143,6,2123.88,1,Regular,353.98
16808,99,2,288.42,1,Regular,144.21
16809,23,9,1727.43,1,Regular,191.93666666666667
16810,192,2,842.04,1,Regular,421.02
16811,5,2,547.07,1,Regular,273.535
16812,361,4,2392.0,0,At Risk,598.0
16813,8,10,1692.98,1,Regular,169.298
16814,14,36,12499.71,1,Regular,347.21416666666664
16815,454,2,410.97,0,At Risk,205.485
16816,103,4,417.06,1,Regular,104.265
16817,3,13,2804.9,1,Regular,215.76153846153846
16818,11,11,3349.57,1,Regular,304.50636363636363
16819,465,2,182.59,0,At Risk,91.295
16820,96,1,497.61,1,Regular,497.61
16821,382,1,113.35,0,At Risk,113.35
16822,686,1,181.39,0,At Risk,181.39
16823,227,7,2260.09,1,Regular,322.87
16824,16,3,686.24,1,Regular,228.74666666666667
16825,39,5,1826.89,1,Regular,365.37800000000004
16826,51,1,341.7,1,Regular,341.7
16827,393,5,392.13,0,At Risk,78.426
16828,93,2,128.5,1,Regular,64.25
16829,157,2,513.32,1,Regular,256.66
16830,39,4,1207.5,1,Regular,301.875
16831,565,1,91.8,0,At Risk,91.8
16832,184,5,417.61,1,Regular,83.522
16833,1,6,2409.04,1,Regular,401.50666666666666
16834,228,2,898.96,1,Regular,449.48
16835,128,6,1538.41,1,Regular,256.4016666666667
16836,40,4,782.37,1,Regular,195.5925
16837,31,11,3170.98,1,Regular,288.2709090909091
16838,197,4,1159.61,1,Regular,289.9025
16839,9,44,22310.49,1,Regular,507.05659090909097
16840,603,2,139.85,0,At Risk,69.925
16841,37,12,4006.06,1,Regular,333.8383333333333
16842,101,3,1264.19,1,Regular,421.3966666666667
16843,43,35,19571.43,1,Regular,559.1837142857142
16844,563,2,614.34,0,At Risk,307.17
16845,618,1,253.88,0,At Risk,253.88
16846,50,3,842.41,1,Regular,280.80333333333334
16847,43,2,614.89,1,Regular,307.445
16848,53,4,1411.62,1,Regular,352.905
16849,187,1,124.57,1,Regular,124.57
16850,334,1,332.41,0,At Risk,332.41
16851,4,3,342.45,1,Regular,114.14999999999999
16852,10,2,144.91,1,Regular,72.455
16854,417,2,1408.96,0,At Risk,704.48
16855,24,2,328.40000000000003,1,Regular,164.20000000000002
16856,15,3,358.49,1,Regular,119.49666666666667
16857,443,1,352.8,0,At Risk,352.8
16858,369,10,4668.28,0,At Risk,466.828
16859,145,7,1932.41,1,Regular,276.05857142857144
16860,453,3,1610.62,0,At Risk,536.8733333333333
16861,60,5,946.59,1,Regular,189.318
16862,547,4,662.33,0,At Risk,165.5825
16863,31,3,998.52,1,Regular,332.84
16864,434,2,409.25,0,At Risk,204.625
16865,402,1,130.95,0,At Risk,130.95
16866,141,3,207.74,1,Regular,69.24666666666667
16867,690,1,76.74000000000001,0,At Risk,76.74000000000001
16868,394,3,393.39,0,At Risk,131.13
16869,23,4,825.4200000000001,1,Regular,206.35500000000002
16870,469,1,450.16,0,At Risk,450.16
16871,22,6,2812.34,1,Regular,468.72333333333336
16872,77,6,1213.13,1,Regular,202.18833333333336
16873,5,12,14617.39,1,Regular,1218.1158333333333
16874,379,1,217.74,0,At Risk,217.74
16875,67,11,4234.53,1,Regular,384.9572727272727
16876,404,1,136.01,0,At Risk,136.01
16877,12,6,853.72,1,Regular,142.28666666666666
16878,84,1,13.3,1,Regular,13.3
16880,31,8,1840.86,1,Regular,230.1075
16881,67,1,432.0,1,Regular,432.0
16882,67,3,705.12,1,Regular,235.04
16883,187,19,2396.59,1,Regular,126.1363157894737
16884,38,4,1073.92,1,Regular,268.48
16885,15,4,710.74,1,Regular,177.685
16886,456,1,134.0,0,At Risk,134.0
16887,35,3,660.72,1,Regular,220.24
16888,401,3,437.15,0,At Risk,145.71666666666667
16889,195,6,2530.9,1,Regular,421.81666666666666
16890,477,3,285.41,0,At Risk,95.13666666666667
16891,2,11,2056.82,1,Regular,186.98363636363638
16892,1,7,762.1,1,Regular,108.87142857142858
16893,367,2,401.77,0,At Risk,200.885
16894,502,3,1324.06,0,At Risk,441.3533333333333
16895,65,5,1121.42,1,Regular,224.28400000000002
16896,555,1,103.95,0,At Risk,103.95
16897,299,2,289.78,0,At Risk,144.89
16898,26,5,1016.37,1,Regular,203.274
16899,8,8,1721.02,1,Regular,215.1275
16900,17,3,887.11,1,Regular,295.7033333333333
16901,729,1,204.26,0,At Risk,204.26
16902,116,1,1706.88,1,Regular,1706.88
16903,29,3,1062.28,1,Regular,354.0933333333333
16904,4,21,5132.37,1,Regular,244.39857142857142
16905,5,17,5034.15,1,Regular,296.1264705882353
16906,82,7,1448.8,1,Regular,206.97142857142856
16907,29,9,1707.9,1,Regular,189.76666666666668
16908,722,1,252.59,0,At Risk,252.59
16909,72,1,379.14,1,Regular,379.14
16910,4,8,1510.06,1,Regular,188.7575
16911,636,2,255.25,0,At Risk,127.625
16912,29,15,4480.31,1,Regular,298.68733333333336
16913,290,3,423.91,0,At Risk,141.30333333333334
16914,36,1,208.46,1,Regular,208.46
16915,9,11,1543.18,1,Regular,140.2890909090909
16916,24,4,1123.4,1,Regular,280.85
16917,277,2,1857.83,0,At Risk,928.915
16918,50,16,3213.29,1,Regular,200.830625
16919,156,24,5125.91,1,Regular,213.57958333333332
16920,411,1,355.45,0,At Risk,355.45
16921,61,3,446.67,1,Regular,148.89000000000001
16922,573,1,611.08,0,At Risk,611.08
16923,12,32,13378.36,1,Regular,418.07375
16924,21,3,846.75,1,Regular,282.25
16925,540,1,125.65,0,At Risk,125.65
16926,371,5,1421.35,0,At Risk,284.27
16927,116,3,543.05,1,Regular,181.01666666666665
16928,80,29,4113.23,1,Regular,141.8355172413793
16929,4,7,1295.39,1,Regular,185.0557142857143
16930,26,3,380.55,1,Regular,126.85000000000001
16931,5,23,5233.62,1,Regular,227.5486956521739
16932,53,3,440.71,1,Regular,146.90333333333334
16933,1,9,3181.25,1,Regular,353.47222222222223
16934,55,6,2110.99,1,Regular,351.83166666666665
16935,382,3,535.1,0,At Risk,178.36666666666667
16936,26,2,551.17,1,Regular,275.585
16937,499,1,202.1,0,At Risk,202.1
16938,9,9,7043.18,1,Regular,782.5755555555556
16939,489,3,449.0,0,At Risk,149.66666666666666
16940,52,8,6427.66,1,Regular,803.4575
16941,612,1,33.0,0,At Risk,33.0
16942,13,9,1920.59,1,Regular,213.39888888888888
16943,212,5,1299.49,1,Regular,259.898
16944,610,1,101.36,0,At Risk,101.36
16945,22,33,8548.16,1,Regular,259.0351515151515
16946,383,5,1222.04,0,At Risk,244.408
16947,236,5,955.21,1,Regular,191.042
16948,139,7,868.77,1,Regular,124.11
16949,4,6,1286.27,1,Regular,214.37833333333333
16950,57,10,3784.37,1,Regular,378.437
16951,135,3,1277.75,1,Regular,425.9166666666667
16952,109,5,798.78,1,Regular,159.756
16953,30,1,20.8,1,Regular,20.8
16954,1,20,6081.88,1,Regular,304.094
16955,185,6,1309.41,1,Regular,218.235
16956,18,1,308.74,1,Regular,308.74
16957,239,2,416.64,1,Regular,208.32
16958,435,1,809.44,0,At Risk,809.44
16959,87,1,117.35,1,Regular,117.35
16960,39,8,2043.43,1,Regular,255.42875
16961,116,3,794.56,1,Regular,264.8533333333333
16962,410,1,251.04,0,At Risk,251.04
16963,187,1,110.55,1,Regular,110.55
16964,733,2,207.85,0,At Risk,103.925
16965,227,1,201.19,1,Regular,201.19
16966,8,7,2154.97,1,Regular,307.8528571428571
16967,189,1,319.02,1,Regular,319.02
16968,4,2,439.43,1,Regular,219.715
16969,39,3,650.41,1,Regular,216.8033333333333
16970,626,1,71.4,0,At Risk,71.4
16971,38,1,357.21,1,Regular,357.21
16972,383,2,786.25,0,At Risk,393.125
16973,386,1,127.0,0,At Risk,127.0
16974,523,2,365.5,0,At Risk,182.75
16975,423,3,926.12,0,At Risk,308.70666666666665
16976,267,1,251.52,0,At Risk,251.52
16977,395,4,496.0,0,At Risk,124.0
16978,78,3,768.88,1,Regular,256.29333333333335
16979,4,9,2859.74,1,Regular,317.74888888888887
16980,255,3,1473.33,1,Regular,491.10999999999996
16982,61,1,384.06,1,Regular,384.06
16983,13,11,3710.22,1,Regular,337.29272727272723
16984,88,9,10754.8,1,Regular,1194.9777777777776
16985,17,23,10923.16,1,Regular,474.92
16986,30,11,4888.75,1,Regular,444.4318181818182
16987,3,11,2535.9,1,Regular,230.53636363636363
16988,5,2,382.67,1,Regular,191.335
16989,7,6,1133.25,1,Regular,188.875
16990,219,2,344.0,1,Regular,172.0
16991,421,1,1041.21,0,At Risk,1041.21
16992,11,13,5476.5,1,Regular,421.2692307692308
16993,464,2,1950.95,0,At Risk,975.475
16996,30,9,2123.61,1,Regular,235.95666666666668
16997,288,3,702.0,0,At Risk,234.0
16998,150,5,402.0,1,Regular,80.4
16999,23,2,484.82,1,Regular,242.41
17000,396,2,406.3,0,At Risk,203.15
17001,1,19,6640.8,1,Regular,349.5157894736842
17002,86,7,2571.55,1,Regular,367.36428571428576
17003,402,4,830.16,0,At Risk,207.54
17004,46,4,2425.16,1,Regular,606.29
17005,471,2,742.36,0,At Risk,371.18
17006,5,8,1636.32,1,Regular,204.54
17007,51,7,1120.1,1,Regular,160.0142857142857
17008,429,1,81.36,0,At Risk,81.36
17009,551,1,242.06,0,At Risk,242.06
17010,18,1,195.36,1,Regular,195.36
17011,30,3,671.7,1,Regular,223.9
17012,725,1,384.16,0,At Risk,384.16
17014,8,3,586.33,1,Regular,195.44333333333336
17015,29,3,1842.56,1,Regular,614.1866666666666
17016,577,1,552.4,0,At Risk,552.4
17017,3,29,14110.61,1,Regular,486.5727586206897
17018,41,6,2287.7,1,Regular,381.2833333333333
17019,11,11,4012.2,1,Regular,364.74545454545455
17020,542,2,935.62,0,At Risk,467.81
17021,442,6,1182.22,0,At Risk,197.03666666666666
17022,31,2,260.0,1,Regular,130.0
17023,417,3,800.1800000000001,0,At Risk,266.7266666666667
17024,45,3,95.85,1,Regular,31.95
17025,61,5,1510.64,1,Regular,302.12800000000004
17026,185,3,208.98,1,Regular,69.66
17027,79,9,1327.11,1,Regular,147.45666666666665
17028,581,3,1593.83,0,At Risk,531.2766666666666
17029,111,7,2137.3,1,Regular,305.3285714285715
17030,64,1,146.87,1,Regular,146.87
17031,12,6,2773.85,1,Regular,462.30833333333334
17032,548,8,3004.6,0,At Risk,375.575
17033,86,4,1332.79,1,Regular,333.1975
17034,16,5,1283.92,1,Regular,256.784
17035,246,4,613.59,1,Regular,153.3975
17036,383,1,176.9,0,At Risk,176.9
17037,88,1,1267.32,1,Regular,1267.32
17038,30,2,743.17,1,Regular,371.585
17039,604,1,1954.99,0,At Risk,1954.99
17040,138,2,463.25,1,Regular,231.625
17041,27,6,1686.28,1,Regular,281.0466666666667
17042,3,5,1044.38,1,Regular,208.87600000000003
17043,32,8,2616.55,1,Regular,327.06875
17044,25,12,11962.3,1,Regular,996.8583333333332
17045,113,5,827.6800000000001,1,Regular,165.536
17046,157,5,1906.07,1,Regular,381.214
17047,85,6,2289.23,1,Regular,381.53833333333336
17048,118,7,2071.68,1,Regular,295.9542857142857
17049,3,19,9947.48,1,Regular,523.5515789473684
17050,96,11,4691.79,1,Regular,426.5263636363636
17051,194,4,714.39,1,Regular,178.5975
17052,28,1,413.75,1,Regular,413.75
17053,131,1,498.48,1,Regular,498.48
17054,28,5,1356.33,1,Regular,271.26599999999996
17055,446,1,239.55,0,At Risk,239.55
17056,738,1,128.60000000000002,0,At Risk,128.60000000000002
17057,596,1,294.74,0,At Risk,294.74
17058,82,3,1179.89,1,Regular,393.2966666666667
17059,30,9,5602.53,1,Regular,622.5033333333333
17060,266,1,234.24,0,At Risk,234.24
17061,74,11,5232.2300000000005,1,Regular,475.65727272727275
17062,314,6,1208.22,0,At Risk,201.37
17063,21,13,3638.53,1,Regular,279.8869230769231
17064,59,3,859.35,1,Regular,286.45
17065,638,2,194.7,0,At Risk,97.35
17066,726,1,228.34,0,At Risk,228.34
17067,725,3,454.54,0,At Risk,151.51333333333335
17068,12,47,9161.08,1,Regular,194.91659574468085
17069,28,14,5794.28,1,Regular,413.8771428571428
17070,114,2,445.32,1,Regular,222.66
17071,28,13,3801.2,1,Regular,292.4
17072,625,1,282.05,0,At Risk,282.05
17073,18,4,1446.09,1,Regular,361.5225
17074,563,1,203.05,0,At Risk,203.05
17075,18,10,2241.73,1,Regular,224.173
17076,36,6,1242.75,1,Regular,207.125
17077,578,1,306.0,0,At Risk,306.0
17078,36,2,378.2,1,Regular,189.1
17079,78,1,118.8,1,Regular,118.8
17080,22,7,957.53,1,Regular,136.79
17081,25,6,964.39,1,Regular,160.73166666666665
17082,33,6,4732.03,1,Regular,788.6716666666666
17083,109,9,4049.79,1,Regular,449.9766666666667
17084,35,3,5202.97,1,Regular,1734.3233333333335
17085,123,28,7891.41,1,Regular,281.8360714285714
17086,7,6,2050.08,1,Regular,341.68
17087,738,1,221.53,0,At Risk,221.53
17088,28,4,1991.01,1,Regular,497.7525
17089,386,1,128.45,0,At Risk,128.45
17090,4,13,3149.48,1,Regular,242.2676923076923
17091,3,19,7811.1,1,Regular,411.1105263157895
17092,50,11,5594.96,1,Regular,508.63272727272727
17093,593,1,235.88,0,At Risk,235.88
17094,322,2,402.2000000000001,0,At Risk,201.10000000000005
17095,23,7,2572.25,1,Regular,367.4642857142857
17096,15,11,3759.18,1,Regular,341.74363636363637
17097,2,9,1340.45,1,Regular,148.9388888888889
17098,382,3,591.07,0,At Risk,197.02333333333334
17099,533,1,582.17,0,At Risk,582.17
17100,18,2,971.74,1,Regular,485.87
17101,10,7,2507.05,1,Regular,358.15000000000003
17102,262,1,25.5,0,At Risk,25.5
17103,722,1,424.3,0,At Risk,424.3
17104,424,1,474.03,0,At Risk,474.03
17105,159,2,665.78,1,Regular,332.89
17106,389,1,491.23,0,At Risk,491.23
17107,33,10,16075.42,1,Regular,1607.542
17108,664,1,174.95,0,At Risk,174.95
17109,29,8,1295.46,1,Regular,161.9325
17110,165,3,510.7,1,Regular,170.23333333333332
17111,47,2,476.58,1,Regular,238.29
17112,503,1,205.17,0,At Risk,205.17
17113,574,6,2322.59,0,At Risk,387.09833333333336
17114,6,8,808.62,1,Regular,101.0775
17115,8,7,2761.49,1,Regular,394.4985714285714
17116,648,1,389.78,0,At Risk,389.78
17117,288,1,116.2,0,At Risk,116.2
17118,318,1,157.02,0,At Risk,157.02
17119,3,2,606.91,1,Regular,303.455
17120,233,1,307.46,1,Regular,307.46
17121,403,1,314.74,0,At Risk,314.74
17122,119,4,570.5,1,Regular,142.625
17123,162,3,977.17,1,Regular,325.7233333333333
17124,185,1,298.89,1,Regular,298.89
17125,50,1,259.35,1,Regular,259.35
17126,152,9,2070.44,1,Regular,230.04888888888888
17127,429,5,1155.0300000000002,0,At Risk,231.00600000000003
17128,335,1,157.09,0,At Risk,157.09
17129,520,1,31.85,0,At Risk,31.85
17131,5,5,2463.17,1,Regular,492.634
17132,452,2,1272.8,0,At Risk,636.4
17133,16,12,14622.33,1,Regular,1218.5275
17134,107,3,637.1,1,Regular,212.36666666666667
17135,16,10,1954.16,1,Regular,195.416
17136,662,1,231.68,0,At Risk,231.68
17137,416,6,1133.63,0,At Risk,188.93833333333336
17138,276,7,4417.27,0,At Risk,631.0385714285715
17139,16,25,19584.46,1,Regular,783.3783999999999
17140,247,1,465.32,1,Regular,465.32
17141,418,4,754.33,0,At Risk,188.5825
17142,239,4,1283.75,1,Regular,320.9375
17143,417,2,924.11,0,At Risk,462.055
17144,1,2,984.57,1,Regular,492.285
17145,513,4,3120.91,0,At Risk,780.2275
17146,106,13,5860.24,1,Regular,450.7876923076923
17147,23,9,3199.95,1,Regular,355.54999999999995
17148,52,1,124.88,1,Regular,124.88
17149,451,1,143.10000000000002,0,At Risk,143.10000000000002
17150,377,6,1375.65,0,At Risk,229.275
17151,735,1,231.90000000000003,0,At Risk,231.90000000000003
17152,195,4,2016.5,1,Regular,504.125
17153,24,1,213.78,1,Regular,213.78
17154,75,1,329.34,1,Regular,329.34
17155,18,7,892.46,1,Regular,127.49428571428572
17156,492,1,591.87,0,At Risk,591.87
17157,8,19,5151.900000000001,1,Regular,271.1526315789474
17158,32,5,1980.0,1,Regular,396.0
17159,22,5,2099.59,1,Regular,419.918
17160,31,17,10209.16,1,Regular,600.5388235294117
17161,444,1,856.01,0,At Risk,856.01
17162,29,10,1715.46,1,Regular,171.546
17163,22,4,699.78,1,Regular,174.945
17164,33,7,2467.35,1,Regular,352.4785714285714
17165,284,6,1794.32,0,At Risk,299.05333333333334
17166,39,2,206.34,1,Regular,103.17
17167,380,3,867.11,0,At Risk,289.0366666666667
17168,499,1,400.2,0,At Risk,400.2
17169,58,3,1156.73,1,Regular,385.57666666666665
17170,374,2,178.68,0,At Risk,89.34
17171,289,2,384.59,0,At Risk,192.295
17172,79,3,956.57,1,Regular,318.8566666666667
17173,5,8,3766.6,1,Regular,470.825
17174,218,1,59.9,1,Regular,59.9
17175,44,4,1443.69,1,Regular,360.9225
17176,202,3,902.32,1,Regular,300.77333333333337
17177,505,1,119.5,0,At Risk,119.5
17178,731,1,436.71,0,At Risk,436.71
17179,178,6,1507.26,1,Regular,251.21
17180,56,11,2256.98,1,Regular,205.18
17181,57,3,465.37,1,Regular,155.12333333333333
17182,423,2,321.3,0,At Risk,160.65
17183,8,6,3347.31,1,Regular,557.885
17184,569,2,198.41000000000005,0,At Risk,99.20500000000003
17185,592,3,229.46,0,At Risk,76.48666666666666
17186,47,2,144.0,1,Regular,72.0
17187,227,2,467.71,1,Regular,233.855
17188,11,13,4592.93,1,Regular,353.3023076923077
17189,106,5,957.63,1,Regular,191.526
17190,59,7,1743.04,1,Regular,249.00571428571428
17191,28,15,4836.05,1,Regular,322.40333333333336
17192,536,1,77.83,0,At Risk,77.83
17193,36,9,2310.04,1,Regular,256.6711111111111
17194,274,3,812.5,0,At Risk,270.8333333333333
17195,655,1,562.98,0,At Risk,562.98
17196,428,1,352.9,0,At Risk,352.9
17197,30,1,1013.01,1,Regular,1013.01
17198,24,3,1213.88,1,Regular,404.6266666666667
17199,582,1,145.12,0,At Risk,145.12
17200,387,4,356.71,0,At Risk,89.1775
17201,54,4,1242.04,1,Regular,310.51
17202,421,1,160.65,0,At Risk,160.65
17203,36,10,5575.88,1,Regular,557.588
17204,175,9,5504.6900000000005,1,Regular,611.6322222222223
17205,54,3,999.35,1,Regular,333.1166666666667
17206,53,1,204.24,1,Regular,204.24
17207,652,1,303.22,0,At Risk,303.22
17208,396,1,115.35,0,At Risk,115.35
17209,649,3,611.6,0,At Risk,203.86666666666667
17210,393,1,253.37,0,At Risk,253.37
17211,27,13,4046.65,1,Regular,311.28076923076924
17212,253,3,794.41,1,Regular,264.80333333333334
17213,40,13,5182.3,1,Regular,398.63846153846157
17214,60,6,1069.12,1,Regular,178.18666666666664
17215,464,1,186.15,0,At Risk,186.15
17216,554,1,65.05,0,At Risk,65.05
17217,234,2,218.0,1,Regular,109.0
17218,4,18,4192.68,1,Regular,232.92666666666668
17219,32,2,259.13,1,Regular,129.565
17220,24,21,4481.75,1,Regular,213.41666666666666
17221,7,5,978.52,1,Regular,195.704
17222,65,6,1605.01,1,Regular,267.50166666666667
17223,310,3,873.53,0,At Risk,291.1766666666667
17224,501,1,100.86,0,At Risk,100.86
17225,582,1,131.15,0,At Risk,131.15
17226,309,3,900.12,0,At Risk,300.04
17227,19,12,2022.03,1,Regular,168.5025
17228,16,13,3177.24,1,Regular,244.4030769230769
17229,96,2,318.76,1,Regular,159.38
17230,264,18,9924.95,1,Regular,551.3861111111112
17231,12,25,7197.04,1,Regular,287.8816
17232,3,2,421.52,1,Regular,210.76
17233,35,3,560.86,1,Regular,186.95333333333335
17234,183,1,149.89,1,Regular,149.89
17235,25,8,1904.88,1,Regular,238.11
17236,13,12,1929.26,1,Regular,160.77166666666668
17237,11,4,1002.08,1,Regular,250.52
17238,3,32,7783.1,1,Regular,243.221875
17239,313,4,1189.45,0,At Risk,297.3625
17240,596,1,130.60000000000002,0,At Risk,130.60000000000002
17241,385,12,2744.14,0,At Risk,228.6783333333333
17242,108,5,2889.28,1,Regular,577.856
17243,1,69,20889.86,1,Regular,302.75159420289856
17244,53,5,1826.04,1,Regular,365.20799999999997
17245,205,2,371.63,1,Regular,185.815
17246,547,2,38.92,0,At Risk,19.46
17247,15,1,282.19,1,Regular,282.19
17248,120,2,546.16,1,Regular,273.08
17249,429,1,68.03,0,At Risk,68.03
17250,4,2,384.52,1,Regular,192.26
17251,363,3,812.4300000000001,0,At Risk,270.81
17252,117,2,353.86,1,Regular,176.93
17253,18,1,178.26,1,Regular,178.26
17254,5,3,470.73,1,Regular,156.91
17255,41,4,799.13,1,Regular,199.7825
17256,107,5,498.93,1,Regular,99.786
17257,436,2,192.73,0,At Risk,96.365
17258,397,2,417.3,0,At Risk,208.65
17259,148,6,1889.34,1,Regular,314.89
17260,411,1,120.95,0,At Risk,120.95
17261,510,1,230.44,0,At Risk,230.44
17262,52,11,2757.62,1,Regular,250.69272727272727
17263,208,1,63.440000000000005,1,Regular,63.440000000000005
17264,424,1,279.59,0,At Risk,279.59
17265,139,2,562.9,1,Regular,281.45
17266,2,5,517.73,1,Regular,103.546
17267,127,2,317.62,1,Regular,158.81
17268,108,11,1733.89,1,Regular,157.62636363636364
17269,386,1,537.46,0,At Risk,537.46
17270,469,2,604.4,0,At Risk,302.2
17271,736,1,210.39,0,At Risk,210.39
17272,42,4,2148.63,1,Regular,537.1575
17273,424,1,141.12,0,At Risk,141.12
17274,35,2,577.38,1,Regular,288.69
17275,383,1,114.52,0,At Risk,114.52
17276,402,1,508.39,0,At Risk,508.39
17277,228,2,1065.35,1,Regular,532.675
17278,241,2,271.24,1,Regular,135.62
17279,58,1,187.83,1,Regular,187.83
17280,438,1,118.86,0,At Risk,118.86
17281,374,6,797.85,0,At Risk,132.975
17282,130,5,2339.66,1,Regular,467.93199999999996
17283,379,1,188.46,0,At Risk,188.46
17284,60,8,2793.16,1,Regular,349.145
17285,628,2,428.34,0,At Risk,214.17
17286,22,3,395.48,1,Regular,131.82666666666668
17287,26,21,4111.96,1,Regular,195.80761904761906
17288,9,11,2499.98,1,Regular,227.2709090909091
17289,32,9,2079.39,1,Regular,231.04333333333332
17290,4,8,1501.44,1,Regular,187.68
17291,308,1,550.8000000000001,0,At Risk,550.8000000000001
17292,472,2,271.75,0,At Risk,135.875
17293,8,17,3774.23,1,Regular,222.0135294117647
17294,669,2,467.79,0,At Risk,233.895
17295,29,3,556.95,1,Regular,185.65
17296,730,1,338.13,0,At Risk,338.13
17297,17,1,131.78,1,Regular,131.78
17298,101,5,957.56,1,Regular,191.512
17299,12,6,1016.08,1,Regular,169.34666666666666
17300,391,2,393.64,0,At Risk,196.82
17301,21,2,330.43,1,Regular,165.215
17302,15,5,1135.63,1,Regular,227.12600000000003
17303,361,1,250.04,0,At Risk,250.04
17304,534,1,111.5,0,At Risk,111.5
17305,649,1,2135.46,0,At Risk,2135.46
17306,11,21,9782.35,1,Regular,465.8261904761905
17307,395,11,3999.89,0,At Risk,363.62636363636364
17308,393,2,4511.76,0,At Risk,2255.88
17309,95,3,330.59,1,Regular,110.19666666666666
17310,387,2,1025.1,0,At Risk,512.55
17311,78,6,3566.56,1,Regular,594.4266666666666
17312,139,3,644.3,1,Regular,214.76666666666665
17313,31,1,2328.84,1,Regular,2328.84
17314,25,17,4904.43,1,Regular,288.4958823529412
17315,2,43,9650.6,1,Regular,224.4325581395349
17316,420,1,124.45,0,At Risk,124.45
17317,46,3,2600.34,1,Regular,866.7800000000001
17318,725,1,164.28,0,At Risk,164.28
17319,669,1,29.1,0,At Risk,29.1
17320,100,6,2895.77,1,Regular,482.62833333333333
17321,8,6,1741.18,1,Regular,290.19666666666666
17322,376,5,922.59,0,At Risk,184.518
17323,15,12,1565.59,1,Regular,130.46583333333334
17324,18,12,2301.87,1,Regular,191.8225
17325,280,3,609.5699999999999,0,At Risk,203.18999999999997
17326,408,2,321.95,0,At Risk,160.975
17327,410,2,152.35,0,At Risk,76.175
17328,673,1,104.7,0,At Risk,104.7
17329,14,5,1004.43,1,Regular,200.886
17330,23,4,423.8,1,Regular,105.95
17331,124,1,175.2,1,Regular,175.2
17332,528,5,838.27,0,At Risk,167.654
17333,86,1,494.25,1,Regular,494.25
17334,302,3,635.1500000000001,0,At Risk,211.7166666666667
17335,384,2,508.0,0,At Risk,254.0
17336,472,1,81.12,0,At Risk,81.12
17337,151,4,2027.87,1,Regular,506.9675
17338,17,17,12142.57,1,Regular,714.2688235294117
17339,94,3,362.36,1,Regular,120.78666666666668
17340,30,18,22404.82,1,Regular,1244.7122222222222
17341,157,5,1889.83,1,Regular,377.966
17342,380,4,1227.54,0,At Risk,306.885
17343,355,6,1259.94,0,At Risk,209.99
17344,46,2,468.11,1,Regular,234.055
17345,15,10,1604.68,1,Regular,160.46800000000002
17346,4,26,5323.0,1,Regular,204.73076923076923
17347,86,1,228.96,1,Regular,228.96
17348,15,9,2476.41,1,Regular,275.15666666666664
17349,179,5,852.25,1,Regular,170.45
17350,8,7,1906.041,1,Regular,272.29157142857144
17351,36,12,1988.23,1,Regular,165.68583333333333
17352,696,1,36.25,0,At Risk,36.25
17353,129,4,3242.0,1,Regular,810.5
17354,51,4,3143.46,1,Regular,785.865
17355,386,1,285.11,0,At Risk,285.11
17356,312,5,946.47,0,At Risk,189.294
17357,24,2,388.14,1,Regular,194.07
17358,303,5,866.05,0,At Risk,173.20999999999998
17359,11,2,284.46,1,Regular,142.23
17360,17,6,1231.38,1,Regular,205.23000000000002
17361,49,5,880.64,1,Regular,176.128
17362,239,7,1024.04,1,Regular,146.29142857142855
17363,395,3,940.86,0,At Risk,313.62
17364,1,28,12070.42,1,Regular,431.0864285714286
17365,13,15,8224.98,1,Regular,548.332
17366,432,2,1096.24,0,At Risk,548.12
17367,238,1,168.4,1,Regular,168.4
17368,23,14,2826.14,1,Regular,201.86714285714285
17369,456,1,979.2,0,At Risk,979.2
17370,73,4,446.18,1,Regular,111.545
17371,17,6,662.55,1,Regular,110.425
17372,41,28,4377.56,1,Regular,156.3414285714286
17373,40,7,1167.5,1,Regular,166.78571428571428
17374,219,3,727.11,1,Regular,242.37
17375,199,4,660.55,1,Regular,165.1375
17376,71,4,453.64,1,Regular,113.41
17377,24,78,18319.41,2,VIP,234.86423076923077
17378,374,1,10.95,0,At Risk,10.95
17379,11,1,404.66,1,Regular,404.66
17380,434,3,645.0,0,At Risk,215.0
17381,9,38,40002.37,1,Regular,1052.693947368421
17382,65,8,902.28,1,Regular,112.785
17383,4,2,309.99,1,Regular,154.995
17384,19,3,507.55,1,Regular,169.18333333333334
17385,15,1,261.11,1,Regular,261.11
17386,8,7,2812.77,1,Regular,401.82428571428574
17387,20,2,784.11,1,Regular,392.055
17388,78,11,2691.57,1,Regular,244.68818181818185
17389,1,61,57224.68,2,VIP,938.1095081967213
17390,421,1,149.3,0,At Risk,149.3
17391,164,2,508.8,1,Regular,254.4
17392,307,3,626.56,0,At Risk,208.85333333333332
17393,411,2,381.15,0,At Risk,190.575
17394,219,1,203.87,1,Regular,203.87
17395,508,1,97.5,0,At Risk,97.5
17396,39,14,8807.1,1,Regular,629.0785714285714
17397,22,3,1233.18,1,Regular,411.06
17398,115,3,653.38,1,Regular,217.79333333333332
17400,126,8,4677.05,1,Regular,584.63125
17401,541,1,114.85,0,At Risk,114.85
17402,5,23,5096.18,1,Regular,221.57304347826087
17403,36,2,400.57,1,Regular,200.285
17404,4,23,47781.12,1,Regular,2077.44
17405,1,3,1031.41,1,Regular,343.80333333333334
17406,333,13,4905.05,0,At Risk,377.3115384615385
17407,412,1,552.9,0,At Risk,552.9
17408,163,3,316.09000000000003,1,Regular,105.36333333333334
17409,185,10,7793.51,1,Regular,779.351
17410,16,5,1214.72,1,Regular,242.94400000000002
17411,12,5,1425.38,1,Regular,285.076
17412,3,16,4417.52,1,Regular,276.095
17413,405,2,560.14,0,At Risk,280.07
17414,44,6,2249.52,1,Regular,374.92
17415,80,1,507.84,1,Regular,507.84
17416,30,22,17298.45,1,Regular,786.2931818181819
17417,549,1,164.18,0,At Risk,164.18
17418,42,3,670.0600000000001,1,Regular,223.35333333333335
17419,11,18,6500.52,1,Regular,361.14000000000004
17420,50,6,1084.43,1,Regular,180.73833333333334
17421,386,3,1059.41,0,At Risk,353.1366666666667
17422,16,11,3594.76,1,Regular,326.79636363636365
17423,46,3,1118.95,1,Regular,372.98333333333335
17425,19,2,759.1700000000001,1,Regular,379.58500000000004
17426,8,13,8077.77,1,Regular,621.3669230769231
17427,72,1,100.8,1,Regular,100.8
17428,1,45,31819.76,1,Regular,707.1057777777777
17429,128,5,1357.46,1,Regular,271.492
17430,33,4,735.17,1,Regular,183.7925
17431,313,1,403.3,0,At Risk,403.3
17432,18,9,1751.39,1,Regular,194.5988888888889
17433,88,2,569.96,1,Regular,284.98
17434,2,7,2373.82,1,Regular,339.1171428571429
17435,411,1,331.35,0,At Risk,331.35
17436,2,5,534.0600000000001,1,Regular,106.81200000000001
17437,530,1,373.17,0,At Risk,373.17
17438,254,5,1422.77,1,Regular,284.554
17439,656,1,325.74,0,At Risk,325.74
17440,157,4,323.58,1,Regular,80.895
17441,732,1,293.35,0,At Risk,293.35
17442,37,15,4620.3,1,Regular,308.02000000000004
17443,220,1,534.24,1,Regular,534.24
17444,148,3,2940.04,1,Regular,980.0133333333333
17446,177,2,120.9,1,Regular,60.45
17447,40,2,541.53,1,Regular,270.765
17448,497,46,14556.97,0,At Risk,316.45586956521737
17449,2,13,4951.15,1,Regular,380.8576923076923
17450,8,51,246973.09,2,VIP,4842.609607843137
17451,1,7,1721.4,1,Regular,245.91428571428574
17453,18,2,486.72,1,Regular,243.36
17454,192,10,1547.94,1,Regular,154.794
17455,204,1,131.7,1,Regular,131.7
17456,365,2,1225.42,0,At Risk,612.71
17457,127,14,5984.81,1,Regular,427.4864285714286
17458,15,2,529.58,1,Regular,264.79
17459,43,2,657.3,1,Regular,328.65
17460,94,16,2228.27,1,Regular,139.266875
17461,23,3,757.46,1,Regular,252.48666666666668
17462,60,2,675.69,1,Regular,337.845
17463,16,7,2557.91,1,Regular,365.4157142857143
17464,158,3,1000.94,1,Regular,333.6466666666667
17465,426,7,2542.79,0,At Risk,363.2557142857143
17466,10,2,763.28,1,Regular,381.64
17467,395,1,102.6,0,At Risk,102.6
17468,10,3,194.8,1,Regular,64.93333333333334
17469,16,17,5051.25,1,Regular,297.13235294117646
17470,45,11,2804.87,1,Regular,254.9881818181818
17471,475,1,321.65000000000003,0,At Risk,321.65000000000003
17472,191,4,935.1,1,Regular,233.775
17473,409,2,607.0,0,At Risk,303.5
17474,600,1,1047.0,0,At Risk,1047.0
17475,79,1,194.37,1,Regular,194.37
17476,396,2,489.86,0,At Risk,244.93
17477,613,2,1144.3,0,At Risk,572.15
17478,408,2,1272.8000000000002,0,At Risk,636.4000000000001
17479,633,1,389.2600000000001,0,At Risk,389.2600000000001
17480,78,2,902.03,1,Regular,451.015
17481,4,4,1255.59,1,Regular,313.8975
17482,487,2,778.19,0,At Risk,389.095
17483,65,4,591.73,1,Regular,147.9325
17484,576,2,209.57,0,At Risk,104.785
17486,261,1,396.87,0,At Risk,396.87
17487,728,1,160.55,0,At Risk,160.55
17488,641,1,336.5,0,At Risk,336.5
17489,59,2,376.64,1,Regular,188.32
17490,1,9,2750.5,1,Regular,305.6111111111111
17491,1,17,5981.07,1,Regular,351.8276470588235
17492,248,3,1122.42,1,Regular,374.14000000000004
17493,385,1,100.91,0,At Risk,100.91
17494,502,1,54.7,0,At Risk,54.7
17495,8,3,806.72,1,Regular,268.9066666666667
17496,359,4,1412.89,0,At Risk,353.2225
17497,390,2,287.25,0,At Risk,143.625
17498,76,1,272.22,1,Regular,272.22
17499,290,2,1341.39,0,At Risk,670.695
17500,17,3,1138.0,1,Regular,379.3333333333333
17501,221,2,288.6,1,Regular,144.3
17502,9,4,689.1,1,Regular,172.275
17503,3,2,558.96,1,Regular,279.48
17504,206,18,9565.12,1,Regular,531.3955555555556
17505,162,5,2435.48,1,Regular,487.096
17506,76,1,302.2,1,Regular,302.2
17507,262,2,605.58,0,At Risk,302.79
17508,281,8,4579.23,0,At Risk,572.40375
17509,58,8,6115.14,1,Regular,764.3925
17510,25,2,514.56,1,Regular,257.28
17511,3,60,175603.55,2,VIP,2926.725833333333
17512,29,18,5467.820000000001,1,Regular,303.76777777777784
17513,72,3,1158.8,1,Regular,386.26666666666665
17514,128,2,542.83,1,Regular,271.415
17515,31,9,1617.46,1,Regular,179.71777777777777
17516,15,6,957.55,1,Regular,159.59166666666667
17517,309,1,153.94,0,At Risk,153.94
17518,426,2,329.42,0,At Risk,164.71
17519,17,15,5109.47,1,Regular,340.6313333333334
17520,54,1,546.81,1,Regular,546.81
17521,30,5,1278.06,1,Regular,255.612
17522,2,5,1070.71,1,Regular,214.142
17523,11,4,652.74,1,Regular,163.185
17524,361,3,539.14,0,At Risk,179.71333333333334
17525,360,3,1161.9,0,At Risk,387.3
17526,5,12,4166.04,1,Regular,347.17
17527,54,4,939.37,1,Regular,234.8425
17528,1,8,3628.5,1,Regular,453.5625
17529,610,2,1240.25,0,At Risk,620.125
17530,1,12,3141.51,1,Regular,261.7925
17531,190,3,1266.82,1,Regular,422.2733333333333
17532,386,1,65.34,0,At Risk,65.34
17533,435,1,34.8,0,At Risk,34.8
17534,54,5,1668.83,1,Regular,333.76599999999996
17535,280,1,164.4,0,At Risk,164.4
17536,177,3,364.83,1,Regular,121.61
17537,30,2,897.62,1,Regular,448.81
17538,26,1,98.42,1,Regular,98.42
17539,618,4,1226.57,0,At Risk,306.6425
17540,25,6,1590.6,1,Regular,265.09999999999997
17541,510,1,124.46,0,At Risk,124.46
17542,270,3,341.7,0,At Risk,113.89999999999999
17543,550,1,120.05,0,At Risk,120.05
17544,390,3,960.69,0,At Risk,320.23
17545,43,6,1448.54,1,Regular,241.42333333333332
17547,376,2,727.85,0,At Risk,363.925
17548,234,4,731.26,1,Regular,182.815
17549,24,2,148.86,1,Regular,74.43
17550,197,9,2547.64,1,Regular,283.0711111111111
17551,359,1,306.84,0,At Risk,306.84
17552,60,12,3085.29,1,Regular,257.1075
17553,130,4,3757.6,1,Regular,939.4
17554,1,5,1952.45,1,Regular,390.49
17555,20,5,1057.74,1,Regular,211.548
17556,206,2,300.67,1,Regular,150.335
17557,14,4,575.46,1,Regular,143.865
17558,393,1,259.17,0,At Risk,259.17
17559,513,1,167.62,0,At Risk,167.62
17560,95,8,1895.8,1,Regular,236.975
17561,19,4,722.34,1,Regular,180.585
17562,14,7,1122.38,1,Regular,160.34
17563,578,2,392.38,0,At Risk,196.19
17564,24,3,454.01,1,Regular,151.33666666666667
17565,587,1,131.83,0,At Risk,131.83
17566,8,2,901.21,1,Regular,450.605
17567,7,9,5356.03,1,Regular,595.1144444444444
17568,633,1,382.79,0,At Risk,382.79
17569,332,1,344.14,0,At Risk,344.14
17570,382,1,100.0,0,At Risk,100.0
17571,50,5,1703.75,1,Regular,340.75
17572,71,10,723.0100000000001,1,Regular,72.30100000000002
17573,29,3,380.6,1,Regular,126.86666666666667
17574,243,1,185.65,1,Regular,185.65
17575,667,1,171.7,0,At Risk,171.7
17576,8,41,9056.81,1,Regular,220.89780487804876
17577,645,2,348.75,0,At Risk,174.375
17578,218,7,1047.33,1,Regular,149.6185714285714
17579,5,4,753.28,1,Regular,188.32
17580,253,5,545.27,1,Regular,109.054
17581,1,43,18757.75,1,Regular,436.2267441860465
17582,236,5,1450.7,1,Regular,290.14
17583,560,1,135.95,0,At Risk,135.95
17584,7,6,5309.42,1,Regular,884.9033333333333
17585,109,7,2093.3,1,Regular,299.04285714285714
17586,619,1,167.4,0,At Risk,167.4
17587,628,1,181.66,0,At Risk,181.66
17588,100,7,2939.55,1,Regular,419.9357142857143
17589,60,18,14049.87,1,Regular,780.5483333333334
17590,2,3,1479.22,1,Regular,493.0733333333333
17591,73,8,2776.67,1,Regular,347.08375
17592,739,1,148.3,0,At Risk,148.3
17593,4,11,8095.8,1,Regular,735.9818181818182
17594,85,4,2497.88,1,Regular,624.47
17595,12,2,388.79,1,Regular,194.395
17596,23,13,4920.67,1,Regular,378.51307692307694
17597,214,5,3484.09,1,Regular,696.818
17598,381,1,409.98,0,At Risk,409.98
17599,478,1,52.05,0,At Risk,52.05
17600,18,1,161.67000000000002,1,Regular,161.67000000000002
17601,239,2,421.48,1,Regular,210.74
17602,2,14,7451.13,1,Regular,532.2235714285714
17603,78,4,1793.48,1,Regular,448.37
17604,217,6,945.93,1,Regular,157.655
17605,590,1,160.75,0,At Risk,160.75
17606,737,1,87.30000000000001,0,At Risk,87.30000000000001
17607,376,1,333.81,0,At Risk,333.81
17608,33,4,498.53,1,Regular,124.6325
17609,41,11,1894.34,1,Regular,172.21272727272728
17610,540,5,1529.49,0,At Risk,305.898
17611,7,28,8371.98,1,Regular,298.9992857142857
17612,53,18,5394.86,1,Regular,299.71444444444444
17613,23,14,4559.150000000001,1,Regular,325.65357142857147
17614,57,1,390.07,1,Regular,390.07
17615,130,6,733.2,1,Regular,122.2
17616,174,4,1060.8,1,Regular,265.2
17617,559,1,395.33,0,At Risk,395.33
17618,6,11,4073.24,1,Regular,370.2945454545454
17619,312,1,218.52,0,At Risk,218.52
17620,60,1,81.44,1,Regular,81.44
17621,21,6,3175.12,1,Regular,529.1866666666666
17622,598,2,1130.21,0,At Risk,565.105
17623,33,7,2383.67,1,Regular,340.5242857142857
17624,15,4,1568.63,1,Regular,392.1575
17625,18,8,6067.8,1,Regular,758.475
17626,603,1,254.0,0,At Risk,254.0
17627,479,1,296.36,0,At Risk,296.36
17628,81,1,75.75,1,Regular,75.75
17629,6,10,2455.52,1,Regular,245.552
17630,170,2,503.6,1,Regular,251.8
17631,2,7,998.49,1,Regular,142.64142857142858
17633,31,7,2057.39,1,Regular,293.91285714285715
17634,36,9,2361.9700000000003,1,Regular,262.4411111111111
17635,424,3,1265.58,0,At Risk,421.85999999999996
17636,19,1,285.56,1,Regular,285.56
17637,31,2,547.0600000000001,1,Regular,273.53000000000003
17638,647,2,842.4000000000001,0,At Risk,421.20000000000005
17639,276,6,615.17,0,At Risk,102.52833333333332
17640,87,6,3168.94,1,Regular,528.1566666666666
17642,120,5,1824.49,1,Regular,364.898
17643,373,2,541.25,0,At Risk,270.625
17644,1,20,6028.6,1,Regular,301.43
17646,219,12,4149.79,1,Regular,345.81583333333333
17647,65,3,331.66,1,Regular,110.55333333333334
17648,61,5,2216.37,1,Regular,443.274
17649,138,3,1578.89,1,Regular,526.2966666666667
17650,21,1,166.07999999999998,1,Regular,166.07999999999998
17651,12,16,5703.52,1,Regular,356.47
17652,25,12,4867.72,1,Regular,405.6433333333334
17653,37,4,1207.56,1,Regular,301.89
17654,277,1,117.55,0,At Risk,117.55
17655,11,9,3652.48,1,Regular,405.8311111111111
17656,73,5,1674.69,1,Regular,334.938
17657,430,1,126.0,0,At Risk,126.0
17658,26,2,595.42,1,Regular,297.71
17659,17,14,3834.79,1,Regular,273.9135714285714
17660,141,2,359.47,1,Regular,179.735
17662,662,2,412.92,0,At Risk,206.46
17663,26,17,5175.83,1,Regular,304.4605882352941
17664,19,4,1166.23,1,Regular,291.5575
17665,493,1,563.1,0,At Risk,563.1
17666,4,5,2047.8,1,Regular,409.56
17667,66,9,3950.7,1,Regular,438.96666666666664
17668,1,2,347.75,1,Regular,173.875
17669,43,10,6142.35,1,Regular,614.235
17670,228,1,205.7,1,Regular,205.7
17671,16,5,2403.34,1,Regular,480.668
17672,50,7,5778.63,1,Regular,825.5185714285715
17673,2,13,4233.58,1,Regular,325.65999999999997
17674,74,2,851.7,1,Regular,425.85
17675,1,70,38259.6,2,VIP,546.5657142857143
17676,4,10,2765.84,1,Regular,276.584
17677,2,54,36692.91,1,Regular,679.4983333333334
17678,264,2,599.76,0,At Risk,299.88
17679,53,7,3577.61,1,Regular,511.08714285714285
17680,24,3,497.4500000000001,1,Regular,165.8166666666667
17681,597,5,731.2,0,At Risk,146.24
17682,10,11,4456.78,1,Regular,405.16181818181815
17683,386,3,819.01,0,At Risk,273.00333333333333
17684,44,1,239.41,1,Regular,239.41
17685,17,12,5943.17,1,Regular,495.26416666666665
17686,7,9,8296.81,1,Regular,921.8677777777777
17687,421,1,432.68,0,At Risk,432.68
17688,394,1,304.2,0,At Risk,304.2
17689,388,2,317.08,0,At Risk,158.54
17690,30,20,7448.1,1,Regular,372.40500000000003
17691,358,4,780.0500000000001,0,At Risk,195.01250000000002
17692,127,12,2975.8,1,Regular,247.98333333333335
17693,137,1,200.47,1,Regular,200.47
17694,142,3,1695.97,1,Regular,565.3233333333334
17695,132,5,1746.04,1,Regular,349.20799999999997
17696,38,27,7679.59,1,Regular,284.42925925925925
17697,236,1,338.95,1,Regular,338.95
17698,261,1,154.95,0,At Risk,154.95
17699,477,2,442.0,0,At Risk,221.0
17700,17,14,6679.97,1,Regular,477.1407142857143
17701,253,1,417.95,0,At Risk,417.95
17702,30,6,3144.04,1,Regular,524.0066666666667
17703,35,4,1094.84,1,Regular,273.71
17704,169,2,885.19,1,Regular,442.595
17705,3,11,2083.9,1,Regular,189.44545454545457
17706,4,31,20749.98,1,Regular,669.3541935483871
17707,185,8,609.3,1,Regular,76.1625
17708,188,4,887.9300000000001,1,Regular,221.98250000000002
17709,170,5,671.01,1,Regular,134.202
17710,424,1,293.5,0,At Risk,293.5
17711,11,2,385.1,1,Regular,192.55
17712,45,1,522.91,1,Regular,522.91
17713,382,4,1198.09,0,At Risk,299.5225
17714,321,5,1410.18,0,At Risk,282.036
17715,201,2,489.6,1,Regular,244.8
17716,23,24,15956.97,1,Regular,664.87375
17717,421,1,376.92,0,At Risk,376.92
17718,232,2,439.18,1,Regular,219.59
17719,38,15,5396.04,1,Regular,359.736
17720,26,10,2768.91,1,Regular,276.89099999999996
17721,659,1,307.21000000000004,0,At Risk,307.21000000000004
17722,96,5,4430.36,1,Regular,886.0719999999999
17723,127,7,3378.4000000000005,1,Regular,482.6285714285715
17724,71,3,1033.0,1,Regular,344.3333333333333
17725,16,11,3439.08,1,Regular,312.64363636363635
17726,395,7,1092.06,0,At Risk,156.00857142857143
17727,15,1,1060.25,1,Regular,1060.25
17728,4,5,4238.76,1,Regular,847.7520000000001
17729,596,1,438.65,0,At Risk,438.65
17730,3,20,7773.8,1,Regular,388.69
17731,79,6,1708.99,1,Regular,284.83166666666665
17732,373,8,2470.39,0,At Risk,308.79875
17733,39,2,692.19,1,Regular,346.095
17734,54,6,1442.32,1,Regular,240.38666666666666
17735,2,26,17244.93,1,Regular,663.2665384615385
17736,9,3,377.44,1,Regular,125.81333333333333
17737,9,2,168.24,1,Regular,84.12
17738,19,13,4183.56,1,Regular,321.81230769230774
17739,12,18,7730.59,1,Regular,429.4772222222222
17740,389,6,426.9,0,At Risk,71.14999999999999
17741,407,2,101.1,0,At Risk,50.55
17742,113,11,2098.48,1,Regular,190.7709090909091
17743,448,1,229.2,0,At Risk,229.2
17744,4,7,2649.14,1,Regular,378.4485714285714
17745,478,2,600.34,0,At Risk,300.17
17746,240,4,904.18,1,Regular,226.045
17747,113,1,71.4,1,Regular,71.4
17748,527,1,358.15,0,At Risk,358.15
17749,178,3,1026.18,1,Regular,342.06
17750,5,9,1797.57,1,Regular,199.73
17751,421,1,157.86,0,At Risk,157.86
17752,359,1,80.64,0,At Risk,80.64
17753,464,4,390.56,0,At Risk,97.64
17754,1,13,4577.53,1,Regular,352.11769230769227
17756,376,3,733.7,0,At Risk,244.5666666666667
17757,1,56,9422.45,1,Regular,168.25803571428574
17758,19,12,5012.53,1,Regular,417.7108333333333
17759,17,5,1276.91,1,Regular,255.382
17760,22,6,918.93,1,Regular,153.155
17761,33,1,712.78,1,Regular,712.78
17762,456,1,129.75,0,At Risk,129.75
17763,263,4,86.15,0,At Risk,21.5375
17764,51,5,1623.64,1,Regular,324.728
17765,159,4,530.8,1,Regular,132.7
17766,381,2,299.61,0,At Risk,149.805
17767,15,2,413.05,1,Regular,206.525
17768,8,7,3509.51,1,Regular,501.35857142857145
17769,13,17,7103.08,1,Regular,417.82823529411763
17770,199,5,1143.27,1,Regular,228.654
17771,57,4,387.41,1,Regular,96.8525
17772,11,3,384.77,1,Regular,128.25666666666666
17773,514,2,585.27,0,At Risk,292.635
17774,97,9,3328.05,1,Regular,369.78333333333336
17775,255,1,56.4,0,At Risk,56.4
17776,387,2,338.56,0,At Risk,169.28
17777,25,3,665.86,1,Regular,221.95333333333335
17778,662,1,197.7,0,At Risk,197.7
17779,21,3,658.57,1,Regular,219.52333333333334
17780,667,3,352.91,0,At Risk,117.63666666666667
17781,159,2,188.02,1,Regular,94.01
17782,383,2,679.02,0,At Risk,339.51
17783,72,3,379.91,1,Regular,126.63666666666667
17784,550,1,112.86,0,At Risk,112.86
17785,53,3,403.38,1,Regular,134.46
17786,85,2,278.74,1,Regular,139.37
17787,153,4,2601.4700000000003,1,Regular,650.3675000000001
17788,74,2,1117.9,1,Regular,558.95
17789,281,2,397.15,0,At Risk,198.575
17790,27,20,2783.61,1,Regular,139.1805
17791,30,1,106.1,1,Regular,106.1
17792,467,2,370.05,0,At Risk,185.025
17793,25,1,323.04,1,Regular,323.04
17794,687,2,147.3,0,At Risk,73.65
17795,180,2,350.39,1,Regular,175.195
17796,40,7,1361.99,1,Regular,194.57
17797,22,8,1985.87,1,Regular,248.23375
17798,582,1,183.09,0,At Risk,183.09
17799,22,20,6341.89,1,Regular,317.09450000000004
17800,37,9,1199.01,1,Regular,133.22333333333333
17801,451,3,798.33,0,At Risk,266.11
17802,82,10,5053.12,1,Regular,505.312
17803,392,1,184.66,0,At Risk,184.66
17804,376,3,385.23,0,At Risk,128.41
17805,74,2,927.03,1,Regular,463.515
17806,11,1,546.04,1,Regular,546.04
17807,395,3,437.87,0,At Risk,145.95666666666668
17808,549,4,262.64,0,At Risk,65.66
17809,16,20,11337.39,1,Regular,566.8695
17810,669,2,374.81,0,At Risk,187.405
17811,4,47,9609.8,1,Regular,204.46382978723403
17812,13,7,1165.89,1,Regular,166.5557142857143
17813,14,5,1770.88,1,Regular,354.17600000000004
17814,375,2,1617.32,0,At Risk,808.66
17815,393,1,591.96,0,At Risk,591.96
17816,37,6,112.32,1,Regular,18.72
17817,4,6,807.85,1,Regular,134.64166666666668
17818,738,1,130.18,0,At Risk,130.18
17819,72,12,6612.52,1,Regular,551.0433333333334
17820,374,1,183.56,0,At Risk,183.56
17821,406,1,334.62,0,At Risk,334.62
17822,420,5,2188.5,0,At Risk,437.7
17823,421,2,494.25,0,At Risk,247.125
17824,51,1,298.4,1,Regular,298.4
17825,599,4,731.96,0,At Risk,182.99
17826,374,1,134.59,0,At Risk,134.59
17827,5,6,2388.05,1,Regular,398.0083333333334
17828,23,4,1820.09,1,Regular,455.0225
17829,299,5,4756.74,0,At Risk,951.348
17830,2,3,398.7,1,Regular,132.9
17831,33,1,35.400000000000006,1,Regular,35.400000000000006
17832,50,1,155.37,1,Regular,155.37
17833,723,1,342.36,0,At Risk,342.36
17834,415,2,730.47,0,At Risk,365.235
17835,3,3,350.64,1,Regular,116.88
17836,47,1,110.21,1,Regular,110.21
17837,42,8,1593.38,1,Regular,199.1725
17838,27,13,6722.900000000001,1,Regular,517.1461538461539
17839,42,1,338.8,1,Regular,338.8
17840,444,1,185.72,0,At Risk,185.72
17841,2,211,70884.07,2,VIP,335.94345971563985
17842,602,1,430.69,0,At Risk,430.69
17843,303,2,326.23,0,At Risk,163.115
17844,107,1,51.56,1,Regular,51.56
17845,555,4,598.19,0,At Risk,149.5475
17846,85,1,2033.1,1,Regular,2033.1
17847,516,2,129.69,0,At Risk,64.845
17848,81,30,3650.9,1,Regular,121.69666666666667
17849,218,8,1063.76,1,Regular,132.97
17850,372,155,56600.08,2,VIP,365.1618064516129
17851,422,6,1563.34,0,At Risk,260.5566666666667
17852,12,5,663.21,1,Regular,132.642
17853,407,3,1608.19,0,At Risk,536.0633333333334
17854,185,6,1071.45,1,Regular,178.57500000000002
17855,373,1,417.94,0,At Risk,417.94
17856,2,4,1418.03,1,Regular,354.5075
17857,4,24,28682.24,1,Regular,1195.0933333333335
17858,6,30,12797.65,1,Regular,426.5883333333333
17859,305,1,148.21,0,At Risk,148.21
17860,369,4,1015.54,0,At Risk,253.885
17861,3,18,5127.69,1,Regular,284.87166666666667
17862,324,4,1279.09,0,At Risk,319.7725
17863,59,12,5745.2,1,Regular,478.76666666666665
17864,13,5,924.32,1,Regular,184.864
17865,31,46,26374.39,1,Regular,573.356304347826
17866,143,3,1134.95,1,Regular,378.31666666666666
17867,30,15,1621.2800000000002,1,Regular,108.08533333333335
17868,386,1,234.65,0,At Risk,234.65
17869,107,7,1036.16,1,Regular,148.02285714285716
17870,2,13,3108.15,1,Regular,239.08846153846156
17871,205,5,1118.99,1,Regular,223.798
17872,382,1,235.87,0,At Risk,235.87
17873,80,18,6515.88,1,Regular,361.99333333333334
17874,185,6,683.46,1,Regular,113.91000000000001
17875,688,1,167.1,0,At Risk,167.1
17876,400,3,3424.02,0,At Risk,1141.34
17877,170,1,237.61,1,Regular,237.61
17878,44,3,1412.33,1,Regular,470.77666666666664
17879,174,1,178.52,1,Regular,178.52
17880,365,3,824.9200000000001,0,At Risk,274.97333333333336
17881,304,1,133.35,0,At Risk,133.35
17882,379,2,313.46,0,At Risk,156.73
17883,3,7,995.85,1,Regular,142.2642857142857
17884,4,20,3072.89,1,Regular,153.6445
17885,12,1,190.19,1,Regular,190.19
17886,32,6,1608.38,1,Regular,268.06333333333333
17887,129,1,111.35,1,Regular,111.35
17888,21,25,1820.44,1,Regular,72.8176
17889,212,7,774.87,1,Regular,110.69571428571429
17890,323,2,602.09,0,At Risk,301.045
17891,162,1,203.86,1,Regular,203.86
17892,56,3,244.1,1,Regular,81.36666666666666
17893,225,1,112.25,1,Regular,112.25
17894,72,18,2453.38,1,Regular,136.29888888888888
17895,44,1,98.0,1,Regular,98.0
17896,23,1,256.32,1,Regular,256.32
17897,173,9,2585.0,1,Regular,287.22222222222223
17898,85,4,299.18,1,Regular,74.795
17899,159,1,155.8,1,Regular,155.8
17900,190,2,112.2,1,Regular,56.1
17901,29,3,260.08,1,Regular,86.69333333333333
17902,547,1,216.4,0,At Risk,216.4
17903,394,1,381.09,0,At Risk,381.09
17904,21,1,191.67,1,Regular,191.67
17905,71,13,2383.52,1,Regular,183.3476923076923
17906,247,1,72.9,1,Regular,72.9
17907,641,1,291.76,0,At Risk,291.76
17908,374,5,1411.54,0,At Risk,282.308
17909,737,1,132.55,0,At Risk,132.55
17910,726,1,261.7,0,At Risk,261.7
17911,9,1,366.23,1,Regular,366.23
17912,310,6,375.5,0,At Risk,62.583333333333336
17913,59,14,3479.64,1,Regular,248.54571428571427
17914,4,1,336.43,1,Regular,336.43
17915,551,1,242.13,0,At Risk,242.13
17916,629,2,43.87,0,At Risk,21.935
17917,45,3,341.28,1,Regular,113.75999999999999
17918,501,3,396.39,0,At Risk,132.13
17919,88,2,1840.32,1,Regular,920.16
17920,4,54,24516.46,1,Regular,454.0085185185185
17921,64,10,2423.5,1,Regular,242.35
17922,543,1,170.4,0,At Risk,170.4
17923,282,3,497.0,0,At Risk,165.66666666666666
17924,12,8,3536.7000000000003,1,Regular,442.08750000000003
17925,373,1,488.16,0,At Risk,488.16
17926,133,5,1035.49,1,Regular,207.098
17927,722,1,294.0,0,At Risk,294.0
17928,45,3,341.24,1,Regular,113.74666666666667
17929,11,12,3082.1,1,Regular,256.84166666666664
17930,36,13,4275.22,1,Regular,328.86307692307696
17931,134,14,3437.29,1,Regular,245.5207142857143
17932,29,3,1331.57,1,Regular,443.8566666666666
17933,632,1,114.69,0,At Risk,114.69
17934,52,3,1049.15,1,Regular,349.7166666666667
17935,138,7,686.14,1,Regular,98.02
17936,5,1,389.84,1,Regular,389.84
17937,9,7,4301.22,1,Regular,614.46
17938,420,1,144.29,0,At Risk,144.29
17939,160,1,99.14,1,Regular,99.14
17940,49,16,30393.19,1,Regular,1899.574375
17941,131,4,1433.28,1,Regular,358.32
17942,8,1,77.50000000000001,1,Regular,77.50000000000001
17944,423,1,75.41,0,At Risk,75.41
17945,697,3,360.35,0,At Risk,120.11666666666667
17946,233,2,149.57999999999998,1,Regular,74.78999999999999
17947,37,1,176.68,1,Regular,176.68
17948,147,1,358.56000000000006,1,Regular,358.56000000000006
17949,1,118,118628.08,2,VIP,1005.3227118644068
17950,72,7,1432.81,1,Regular,204.68714285714285
17951,40,4,1636.0800000000002,1,Regular,409.02000000000004
17952,378,4,819.61,0,At Risk,204.9025
17953,540,1,160.82,0,At Risk,160.82
17954,5,19,3966.05,1,Regular,208.73947368421054
17955,199,6,949.9,1,Regular,158.31666666666666
17956,249,1,12.75,1,Regular,12.75
17957,66,1,111.68,1,Regular,111.68
17958,117,2,973.88,1,Regular,486.94
17959,592,1,140.75,0,At Risk,140.75
17960,171,3,135.08,1,Regular,45.02666666666667
17961,21,100,2995.54,2,VIP,29.9554
17962,142,4,687.42,1,Regular,171.855
17963,471,4,651.51,0,At Risk,162.8775
17964,32,2,733.46,1,Regular,366.73
17965,38,29,7240.98,1,Regular,249.68896551724137
17966,38,10,1974.42,1,Regular,197.442
17967,372,2,357.29,0,At Risk,178.645
17968,374,4,888.04,0,At Risk,222.01
17969,166,20,2369.94,1,Regular,118.497
17970,211,1,582.59,1,Regular,582.59
17971,548,1,161.94,0,At Risk,161.94
17972,242,1,136.04,1,Regular,136.04
17973,52,1,337.04,1,Regular,337.04
17974,25,6,1858.06,1,Regular,309.6766666666667
17975,15,24,7028.83,1,Regular,292.86791666666664
17976,372,1,706.38,0,At Risk,706.38
17977,29,2,1565.63,1,Regular,782.815
17978,365,4,1461.76,0,At Risk,365.44
17979,36,4,757.71,1,Regular,189.4275
17980,166,4,1033.42,1,Regular,258.355
17981,411,1,239.12,0,At Risk,239.12
17982,681,1,138.18,0,At Risk,138.18
17983,395,1,171.71,0,At Risk,171.71
17984,145,5,1191.27,1,Regular,238.254
17985,22,1,634.95,1,Regular,634.95
17986,56,1,20.8,1,Regular,20.8
17987,185,5,1003.64,1,Regular,200.728
17988,12,14,489.54,1,Regular,34.96714285714286
17989,379,1,228.83,0,At Risk,228.83
17990,237,6,1527.61,1,Regular,254.60166666666666
17991,225,3,320.55,1,Regular,106.85000000000001
17992,389,1,254.13,0,At Risk,254.13
17993,617,1,235.19,0,At Risk,235.19
17994,122,11,2313.32,1,Regular,210.3018181818182
17995,282,3,495.48,0,At Risk,165.16
17996,380,3,482.33,0,At Risk,160.77666666666667
17997,74,8,1970.67,1,Regular,246.33375
17998,380,3,639.24,0,At Risk,213.08
17999,37,3,730.9,1,Regular,243.63333333333333
18000,564,1,124.25,0,At Risk,124.25
18001,12,6,953.84,1,Regular,158.97333333333333
18002,376,4,249.92,0,At Risk,62.48
18003,376,1,358.61,0,At Risk,358.61
18004,362,1,169.47,0,At Risk,169.47
18005,4,2,249.72,1,Regular,124.86
18006,23,4,997.86,1,Regular,249.465
18007,393,1,220.32,0,At Risk,220.32
18008,70,23,19787.13,1,Regular,860.3100000000001
18009,235,8,2155.83,1,Regular,269.47875
18010,257,1,174.8,0,At Risk,174.8
18011,373,2,527.03,0,At Risk,263.515
18012,723,1,115.3,0,At Risk,115.3
18013,155,2,187.29,1,Regular,93.645
18014,28,1,166.42,1,Regular,166.42
18015,4,1,120.03,1,Regular,120.03
18016,32,7,1960.46,1,Regular,280.0657142857143
18017,81,4,688.0,1,Regular,172.0
18018,108,4,297.99,1,Regular,74.4975
18019,52,1,38.45,1,Regular,38.45
18020,544,1,190.48,0,At Risk,190.48
18021,510,2,227.06,0,At Risk,113.53
18022,36,5,1651.79,1,Regular,330.358
18024,153,2,389.78,1,Regular,194.89
18025,380,6,1177.72,0,At Risk,196.28666666666666
18026,501,2,2074.07,0,At Risk,1037.035
18027,99,1,115.31,1,Regular,115.31
18028,583,1,192.05,0,At Risk,192.05
18029,642,1,433.77,0,At Risk,433.77
18030,4,2,230.65,1,Regular,115.325
18031,379,1,462.1,0,At Risk,462.1
18032,334,1,73.5,0,At Risk,73.5
18033,65,1,97.97,1,Regular,97.97
18034,22,3,793.7,1,Regular,264.56666666666666
18035,36,5,1276.74,1,Regular,255.348
18036,32,11,1563.64,1,Regular,142.14909090909092
18037,154,15,167.42,1,Regular,11.161333333333333
18038,556,1,149.41,0,At Risk,149.41
18039,374,4,579.17,0,At Risk,144.7925
18040,19,2,357.20000000000005,1,Regular,178.60000000000002
18041,12,38,8752.38,1,Regular,230.32578947368418
18042,54,2,281.15,1,Regular,140.575
18043,25,3,875.97,1,Regular,291.99
18044,4,18,3505.61,1,Regular,194.75611111111112
18045,45,1,189.4,1,Regular,189.4
18046,650,1,189.63,0,At Risk,189.63
18047,381,2,342.69,0,At Risk,171.345
18048,203,3,401.73,1,Regular,133.91
18049,437,2,556.52,0,At Risk,278.26
18050,359,2,412.06,0,At Risk,206.03
18051,634,7,2282.28,0,At Risk,326.04
18052,565,1,10877.18,0,At Risk,10877.18
18053,71,3,571.07,1,Regular,190.35666666666668
18054,393,1,176.5,0,At Risk,176.5
18055,7,14,11195.57,1,Regular,799.6835714285714
18056,288,2,554.6,0,At Risk,277.3
18057,393,3,1203.56,0,At Risk,401.18666666666667
18058,10,3,774.06,1,Regular,258.02
18059,23,3,306.46,1,Regular,102.15333333333332
18060,408,2,1185.46,0,At Risk,592.73
18061,22,28,6488.97,1,Regular,231.7489285714286
18062,173,6,1632.67,1,Regular,272.1116666666667
18063,391,2,186.6,0,At Risk,93.3
18064,133,11,4495.03,1,Regular,408.6390909090909
18065,6,29,5866.63,1,Regular,202.29758620689657
18066,75,3,1440.4,1,Regular,480.1333333333334
18067,40,1,396.33,1,Regular,396.33
18068,289,1,101.7,0,At Risk,101.7
18069,26,11,4540.56,1,Regular,412.77818181818185
18070,669,1,314.1,0,At Risk,314.1
18071,258,6,1428.63,1,Regular,238.10500000000002
18072,186,1,247.44,1,Regular,247.44
18073,114,12,3877.52,1,Regular,323.12666666666667
18074,374,2,1509.04,0,At Risk,754.52
18075,23,20,5783.29,1,Regular,289.1645
18076,380,1,151.49,0,At Risk,151.49
18077,8,18,4338.56,1,Regular,241.03111111111113
18078,217,4,844.6,1,Regular,211.15
18079,45,5,4242.75,1,Regular,848.55
18080,19,2,1231.5,1,Regular,615.75
18081,36,3,343.45,1,Regular,114.48333333333333
18082,26,1,703.37,1,Regular,703.37
18083,398,1,470.73,0,At Risk,470.73
18084,16,3,812.9300000000001,1,Regular,270.9766666666667
18085,330,4,1645.75,0,At Risk,411.4375
18086,274,1,101.34,0,At Risk,101.34
18087,98,17,14761.52,1,Regular,868.324705882353
18088,61,1,167.67000000000002,1,Regular,167.67000000000002
18089,447,1,428.45,0,At Risk,428.45
18090,422,1,349.4,0,At Risk,349.4
18091,593,1,360.85,0,At Risk,360.85
18092,2,18,16179.44,1,Regular,898.8577777777778
18093,93,8,4452.71,1,Regular,556.58875
18094,82,13,6391.52,1,Regular,491.65538461538466
18095,313,5,2303.09,0,At Risk,460.61800000000005
18096,12,6,1805.28,1,Regular,300.88
18097,8,11,4663.32,1,Regular,423.9381818181818
18098,396,1,550.84,0,At Risk,550.84
18099,127,1,168.31,1,Regular,168.31
18100,550,1,451.56,0,At Risk,451.56
18101,11,5,629.16,1,Regular,125.832
18102,1,145,608821.65,3,Key Accounts (Wholesale/Bulk),4198.77
18103,549,1,105.8,0,At Risk,105.8
18104,37,1,754.64,1,Regular,754.64
18105,38,1,113.48000000000002,1,Regular,113.48000000000002
18106,330,6,1461.46,0,At Risk,243.57666666666668
18107,442,1,167.13,0,At Risk,167.13
18108,254,3,848.8100000000001,1,Regular,282.93666666666667
18109,2,38,9893.96,1,Regular,260.3673684210526
18110,20,2,435.43,1,Regular,217.715
18111,589,1,405.85,0,At Risk,405.85
18112,12,4,775.96,1,Regular,193.99
18113,369,1,152.64,0,At Risk,152.64
18114,290,1,220.1,0,At Risk,220.1
18115,698,1,9.7,0,At Risk,9.7
18116,68,13,2154.3,1,Regular,165.71538461538464
18117,26,1,320.72,1,Regular,320.72
18118,11,29,6733.22,1,Regular,232.18
18119,368,1,362.24,0,At Risk,362.24
18120,214,1,111.15,1,Regular,111.15
18121,149,2,673.1,1,Regular,336.55
18122,8,6,1826.21,1,Regular,304.36833333333334
18123,24,3,684.59,1,Regular,228.1966666666667
18124,472,1,111.53,0,At Risk,111.53
18125,30,4,1142.99,1,Regular,285.7475
18126,61,1,206.83,1,Regular,206.83
18127,19,4,561.53,1,Regular,140.3825
18128,537,1,420.04,0,At Risk,420.04
18129,243,1,112.55,1,Regular,112.55
18130,15,3,1059.39,1,Regular,353.13000000000005
18131,632,1,222.96,0,At Risk,222.96
18132,504,1,226.9,0,At Risk,226.9
18133,212,1,931.5,1,Regular,931.5
18134,598,2,445.0,0,At Risk,222.5
18135,29,10,1249.62,1,Regular,124.96199999999999
18136,63,5,1631.36,1,Regular,326.272
18137,551,2,145.99,0,At Risk,72.995
18138,295,1,152.65,0,At Risk,152.65
18139,18,6,8438.34,1,Regular,1406.39
18140,474,1,536.41,0,At Risk,536.41
18141,402,2,882.47,0,At Risk,441.235
18142,157,2,1019.52,1,Regular,509.76
18143,117,2,1000.16,1,Regular,500.08
18144,8,19,5058.0,1,Regular,266.2105263157895
18145,13,11,5617.79,1,Regular,510.7081818181818
18146,141,2,160.35,1,Regular,80.175
18147,46,2,179.34,1,Regular,89.67
18148,647,1,114.1,0,At Risk,114.1
18149,51,7,1624.71,1,Regular,232.10142857142858
18150,32,3,566.58,1,Regular,188.86
18151,135,6,1879.44,1,Regular,313.24
18152,646,1,426.69,0,At Risk,426.69
18153,659,1,246.22,0,At Risk,246.22
18154,3,5,932.6,1,Regular,186.52
18155,75,3,371.62,1,Regular,123.87333333333333
18156,13,2,941.17,1,Regular,470.585
18157,571,1,215.35,0,At Risk,215.35
18158,9,2,453.4,1,Regular,226.7
18159,301,1,530.15,0,At Risk,530.15
18160,57,3,1003.88,1,Regular,334.62666666666667
18161,15,6,1803.1,1,Regular,300.51666666666665
18162,732,1,379.16,0,At Risk,379.16
18163,584,1,728.84,0,At Risk,728.84
18164,37,1,399.65,1,Regular,399.65
18165,177,1,302.46,1,Regular,302.46
18166,624,1,175.5,0,At Risk,175.5
18167,23,3,1384.86,1,Regular,461.61999999999995
18168,176,16,3770.27,1,Regular,235.641875
18169,61,1,202.65,1,Regular,202.65
18170,33,9,2878.0,1,Regular,319.77777777777777
18171,59,9,2437.31,1,Regular,270.8122222222222
18172,15,52,17479.84,1,Regular,336.15076923076924
18173,87,5,2696.36,1,Regular,539.272
18174,7,2,162.5,1,Regular,81.25
18175,676,1,176.10000000000002,0,At Risk,176.10000000000002
18176,358,1,476.35,0,At Risk,476.35
18177,31,9,2216.87,1,Regular,246.31888888888886
18178,129,11,6103.74,1,Regular,554.8854545454545
18179,9,8,2547.55,1,Regular,318.44375
18180,5,6,1843.75,1,Regular,307.2916666666667
18181,24,5,1205.94,1,Regular,241.18800000000002
18182,463,1,291.13,0,At Risk,291.13
18183,227,2,632.07,1,Regular,316.035
18184,15,1,49.8,1,Regular,49.8
18185,249,1,304.25,1,Regular,304.25
18186,723,1,329.58000000000004,0,At Risk,329.58000000000004
18187,632,1,724.89,0,At Risk,724.89
18188,15,6,3280.59,1,Regular,546.765
18189,78,3,1403.73,1,Regular,467.91
18190,192,5,745.62,1,Regular,149.124
18191,262,2,529.4,0,At Risk,264.7
18192,72,1,957.97,1,Regular,957.97
18193,165,3,1207.35,1,Regular,402.45
18194,82,6,4162.04,1,Regular,693.6733333333333
18195,387,1,101.16,0,At Risk,101.16
18196,95,4,1464.31,1,Regular,366.0775
18197,576,1,230.1,0,At Risk,230.1
18198,4,17,5425.56,1,Regular,319.15058823529415
18199,684,1,344.75,0,At Risk,344.75
18200,106,1,163.8,1,Regular,163.8
18201,723,1,447.53,0,At Risk,447.53
18202,200,3,1396.99,1,Regular,465.66333333333336
18203,157,4,504.42,1,Regular,126.105
18204,71,3,1993.7,1,Regular,664.5666666666667
18205,36,2,517.36,1,Regular,258.68
18206,553,1,314.66,0,At Risk,314.66
18207,499,1,544.47,0,At Risk,544.47
18208,566,1,360.08,0,At Risk,360.08
18209,29,1,139.10000000000002,1,Regular,139.10000000000002
18210,2,7,2768.83,1,Regular,395.54714285714283
18211,26,5,600.07,1,Regular,120.01400000000001
18212,326,2,546.72,0,At Risk,273.36
18213,237,1,232.48,1,Regular,232.48
18214,531,4,1780.34,0,At Risk,445.085
18215,89,5,2247.49,1,Regular,449.49799999999993
18216,31,1,481.75,1,Regular,481.75
18217,29,4,945.04,1,Regular,236.26
18218,211,4,1142.0,1,Regular,285.5
18219,3,17,3562.89,1,Regular,209.58176470588234
18220,227,6,1921.76,1,Regular,320.29333333333335
18221,22,6,1424.94,1,Regular,237.49
18222,93,1,443.0,1,Regular,443.0
18223,5,26,14000.85,1,Regular,538.4942307692307
18224,264,1,158.95000000000002,0,At Risk,158.95000000000002
18225,3,26,13054.26,1,Regular,502.0869230769231
18226,44,26,11878.88,1,Regular,456.88
18227,218,2,388.75,1,Regular,194.375
18228,57,2,779.9,1,Regular,389.95
18229,12,28,10803.71,1,Regular,385.84678571428566
18230,9,9,4291.06,1,Regular,476.7844444444445
18231,192,28,6880.97,1,Regular,245.7489285714286
18232,82,4,592.97,1,Regular,148.2425
18233,326,1,440.0,0,At Risk,440.0
18234,552,1,179.6,0,At Risk,179.6
18235,72,3,1796.48,1,Regular,598.8266666666667
18236,30,12,1795.35,1,Regular,149.61249999999998
18237,3,5,987.1,1,Regular,197.42000000000002
18238,515,1,270.92,0,At Risk,270.92
18239,219,6,2150.36,1,Regular,358.3933333333334
18240,46,1,422.58,1,Regular,422.58
18241,10,21,2986.99,1,Regular,142.23761904761903
18242,72,8,3605.21,1,Regular,450.65125
18243,414,1,515.78,0,At Risk,515.78
18244,431,2,568.64,0,At Risk,284.32
18245,7,20,6324.9800000000005,1,Regular,316.249
18246,24,3,758.8199999999999,1,Regular,252.93999999999997
18247,415,3,839.73,0,At Risk,279.91
18248,123,2,804.02,1,Regular,402.01
18249,17,1,95.34,1,Regular,95.34
18250,310,1,349.27,0,At Risk,349.27
18251,87,9,26278.86,1,Regular,2919.8733333333334
18252,51,7,1542.09,1,Regular,220.29857142857142
18253,643,1,317.88,0,At Risk,317.88
18254,581,1,267.9,0,At Risk,267.9
18255,89,2,303.15,1,Regular,151.575
18256,388,1,110.7,0,At Risk,110.7
18257,39,12,4600.15,1,Regular,383.3458333333333
18258,464,6,2059.67,0,At Risk,343.27833333333336
18259,25,7,4318.2,1,Regular,616.8857142857142
18260,173,23,9962.11,1,Regular,433.13521739130437
18261,43,2,324.24,1,Regular,162.12
18262,140,3,577.54,1,Regular,192.51333333333332
18263,26,3,1213.16,1,Regular,404.3866666666667
18264,499,1,603.25,0,At Risk,603.25
18265,72,2,801.51,1,Regular,400.755
18266,434,1,251.1,0,At Risk,251.1
18267,673,1,269.37,0,At Risk,269.37
18268,134,6,1490.23,1,Regular,248.37166666666667
18269,366,1,337.20000000000005,0,At Risk,337.20000000000005
18270,38,3,444.55,1,Regular,148.18333333333334
18271,610,2,680.85,0,At Risk,340.425
18272,3,9,4385.9800000000005,1,Regular,487.33111111111117
18273,2,4,357.0,1,Regular,89.25
18274,30,1,175.92,1,Regular,175.92
18275,578,2,741.85,0,At Risk,370.925
18276,44,6,1656.52,1,Regular,276.08666666666664
18277,58,5,1180.05,1,Regular,236.01
18278,74,2,414.2000000000001,1,Regular,207.10000000000005
18279,519,1,231.34,0,At Risk,231.34
18280,278,2,488.15,0,At Risk,244.075
18281,181,2,201.14,1,Regular,100.57
18282,8,2,178.05,1,Regular,89.025
18283,4,22,2736.65,1,Regular,124.39318181818182
18284,432,1,461.68,0,At Risk,461.68
18285,661,1,427.0,0,At Risk,427.0
18286,477,2,1296.43,0,At Risk,648.215
18287,43,7,4182.99,1,Regular,597.5699999999999
